adjustment_id,store_id,product_id,adjustment_time,adjustment_type,quantity_delta,notes
1,1,1,2025-11-01 07:00:00,manual_count,112,Opening inventory based on first 10 days of complete-population demand
2,1,2,2025-11-01 07:00:00,manual_count,101,Opening inventory based on first 10 days of complete-population demand
3,1,3,2025-11-01 07:00:00,manual_count,89,Opening inventory based on first 10 days of complete-population demand
4,1,5,2025-11-01 07:00:00,manual_count,146,Opening inventory based on first 10 days of complete-population demand
5,1,7,2025-11-01 07:00:00,manual_count,134,Opening inventory based on first 10 days of complete-population demand
6,1,9,2025-11-01 07:00:00,manual_count,90,Opening inventory based on first 10 days of complete-population demand
7,1,10,2025-11-01 07:00:00,manual_count,113,Opening inventory based on first 10 days of complete-population demand
8,1,11,2025-11-01 07:00:00,manual_count,87,Opening inventory based on first 10 days of complete-population demand
9,1,13,2025-11-01 07:00:00,manual_count,94,Opening inventory based on first 10 days of complete-population demand
10,1,14,2025-11-01 07:00:00,manual_count,143,Opening inventory based on first 10 days of complete-population demand
11,1,15,2025-11-01 07:00:00,manual_count,82,Opening inventory based on first 10 days of complete-population demand
12,1,16,2025-11-01 07:00:00,manual_count,111,Opening inventory based on first 10 days of complete-population demand
13,1,17,2025-11-01 07:00:00,manual_count,101,Opening inventory based on first 10 days of complete-population demand
14,1,18,2025-11-01 07:00:00,manual_count,126,Opening inventory based on first 10 days of complete-population demand
15,1,19,2025-11-01 07:00:00,manual_count,160,Opening inventory based on first 10 days of complete-population demand
16,1,20,2025-11-01 07:00:00,manual_count,87,Opening inventory based on first 10 days of complete-population demand
17,1,21,2025-11-01 07:00:00,manual_count,126,Opening inventory based on first 10 days of complete-population demand
18,1,22,2025-11-01 07:00:00,manual_count,134,Opening inventory based on first 10 days of complete-population demand
19,1,23,2025-11-01 07:00:00,manual_count,140,Opening inventory based on first 10 days of complete-population demand
20,1,24,2025-11-01 07:00:00,manual_count,88,Opening inventory based on first 10 days of complete-population demand
21,1,25,2025-11-01 07:00:00,manual_count,100,Opening inventory based on first 10 days of complete-population demand
22,1,26,2025-11-01 07:00:00,manual_count,102,Opening inventory based on first 10 days of complete-population demand
23,1,27,2025-11-01 07:00:00,manual_count,117,Opening inventory based on first 10 days of complete-population demand
24,1,28,2025-11-01 07:00:00,manual_count,72,Opening inventory based on first 10 days of complete-population demand
25,1,29,2025-11-01 07:00:00,manual_count,136,Opening inventory based on first 10 days of complete-population demand
26,1,30,2025-11-01 07:00:00,manual_count,155,Opening inventory based on first 10 days of complete-population demand
27,1,31,2025-11-01 07:00:00,manual_count,104,Opening inventory based on first 10 days of complete-population demand
28,1,32,2025-11-01 07:00:00,manual_count,112,Opening inventory based on first 10 days of complete-population demand
29,1,33,2025-11-01 07:00:00,manual_count,122,Opening inventory based on first 10 days of complete-population demand
30,1,34,2025-11-01 07:00:00,manual_count,123,Opening inventory based on first 10 days of complete-population demand
31,1,35,2025-11-01 07:00:00,manual_count,94,Opening inventory based on first 10 days of complete-population demand
32,1,36,2025-11-01 07:00:00,manual_count,95,Opening inventory based on first 10 days of complete-population demand
33,1,37,2025-11-01 07:00:00,manual_count,96,Opening inventory based on first 10 days of complete-population demand
34,1,39,2025-11-01 07:00:00,manual_count,108,Opening inventory based on first 10 days of complete-population demand
35,1,40,2025-11-01 07:00:00,manual_count,138,Opening inventory based on first 10 days of complete-population demand
36,1,41,2025-11-01 07:00:00,manual_count,130,Opening inventory based on first 10 days of complete-population demand
37,1,43,2025-11-01 07:00:00,manual_count,105,Opening inventory based on first 10 days of complete-population demand
38,1,44,2025-11-01 07:00:00,manual_count,92,Opening inventory based on first 10 days of complete-population demand
39,1,45,2025-11-01 07:00:00,manual_count,110,Opening inventory based on first 10 days of complete-population demand
40,1,46,2025-11-01 07:00:00,manual_count,101,Opening inventory based on first 10 days of complete-population demand
41,1,47,2025-11-01 07:00:00,manual_count,136,Opening inventory based on first 10 days of complete-population demand
42,1,48,2025-11-01 07:00:00,manual_count,128,Opening inventory based on first 10 days of complete-population demand
43,2,1,2025-11-01 07:00:00,manual_count,98,Opening inventory based on first 10 days of complete-population demand
44,2,2,2025-11-01 07:00:00,manual_count,138,Opening inventory based on first 10 days of complete-population demand
45,2,3,2025-11-01 07:00:00,manual_count,116,Opening inventory based on first 10 days of complete-population demand
46,2,5,2025-11-01 07:00:00,manual_count,130,Opening inventory based on first 10 days of complete-population demand
47,2,7,2025-11-01 07:00:00,manual_count,87,Opening inventory based on first 10 days of complete-population demand
48,2,9,2025-11-01 07:00:00,manual_count,104,Opening inventory based on first 10 days of complete-population demand
49,2,10,2025-11-01 07:00:00,manual_count,132,Opening inventory based on first 10 days of complete-population demand
50,2,11,2025-11-01 07:00:00,manual_count,74,Opening inventory based on first 10 days of complete-population demand
51,2,13,2025-11-01 07:00:00,manual_count,113,Opening inventory based on first 10 days of complete-population demand
52,2,14,2025-11-01 07:00:00,manual_count,83,Opening inventory based on first 10 days of complete-population demand
53,2,15,2025-11-01 07:00:00,manual_count,101,Opening inventory based on first 10 days of complete-population demand
54,2,16,2025-11-01 07:00:00,manual_count,92,Opening inventory based on first 10 days of complete-population demand
55,2,17,2025-11-01 07:00:00,manual_count,117,Opening inventory based on first 10 days of complete-population demand
56,2,18,2025-11-01 07:00:00,manual_count,53,Opening inventory based on first 10 days of complete-population demand
57,2,19,2025-11-01 07:00:00,manual_count,114,Opening inventory based on first 10 days of complete-population demand
58,2,20,2025-11-01 07:00:00,manual_count,120,Opening inventory based on first 10 days of complete-population demand
59,2,21,2025-11-01 07:00:00,manual_count,101,Opening inventory based on first 10 days of complete-population demand
60,2,22,2025-11-01 07:00:00,manual_count,95,Opening inventory based on first 10 days of complete-population demand
61,2,23,2025-11-01 07:00:00,manual_count,108,Opening inventory based on first 10 days of complete-population demand
62,2,24,2025-11-01 07:00:00,manual_count,114,Opening inventory based on first 10 days of complete-population demand
63,2,25,2025-11-01 07:00:00,manual_count,68,Opening inventory based on first 10 days of complete-population demand
64,2,26,2025-11-01 07:00:00,manual_count,120,Opening inventory based on first 10 days of complete-population demand
65,2,27,2025-11-01 07:00:00,manual_count,120,Opening inventory based on first 10 days of complete-population demand
66,2,28,2025-11-01 07:00:00,manual_count,136,Opening inventory based on first 10 days of complete-population demand
67,2,29,2025-11-01 07:00:00,manual_count,71,Opening inventory based on first 10 days of complete-population demand
68,2,30,2025-11-01 07:00:00,manual_count,116,Opening inventory based on first 10 days of complete-population demand
69,2,31,2025-11-01 07:00:00,manual_count,92,Opening inventory based on first 10 days of complete-population demand
70,2,32,2025-11-01 07:00:00,manual_count,106,Opening inventory based on first 10 days of complete-population demand
71,2,33,2025-11-01 07:00:00,manual_count,113,Opening inventory based on first 10 days of complete-population demand
72,2,34,2025-11-01 07:00:00,manual_count,119,Opening inventory based on first 10 days of complete-population demand
73,2,35,2025-11-01 07:00:00,manual_count,118,Opening inventory based on first 10 days of complete-population demand
74,2,36,2025-11-01 07:00:00,manual_count,95,Opening inventory based on first 10 days of complete-population demand
75,2,37,2025-11-01 07:00:00,manual_count,107,Opening inventory based on first 10 days of complete-population demand
76,2,39,2025-11-01 07:00:00,manual_count,89,Opening inventory based on first 10 days of complete-population demand
77,2,40,2025-11-01 07:00:00,manual_count,101,Opening inventory based on first 10 days of complete-population demand
78,2,41,2025-11-01 07:00:00,manual_count,95,Opening inventory based on first 10 days of complete-population demand
79,2,43,2025-11-01 07:00:00,manual_count,80,Opening inventory based on first 10 days of complete-population demand
80,2,44,2025-11-01 07:00:00,manual_count,106,Opening inventory based on first 10 days of complete-population demand
81,2,45,2025-11-01 07:00:00,manual_count,98,Opening inventory based on first 10 days of complete-population demand
82,2,46,2025-11-01 07:00:00,manual_count,108,Opening inventory based on first 10 days of complete-population demand
83,2,47,2025-11-01 07:00:00,manual_count,111,Opening inventory based on first 10 days of complete-population demand
84,2,48,2025-11-01 07:00:00,manual_count,105,Opening inventory based on first 10 days of complete-population demand
85,3,1,2025-11-01 07:00:00,manual_count,94,Opening inventory based on first 10 days of complete-population demand
86,3,2,2025-11-01 07:00:00,manual_count,125,Opening inventory based on first 10 days of complete-population demand
87,3,3,2025-11-01 07:00:00,manual_count,123,Opening inventory based on first 10 days of complete-population demand
88,3,5,2025-11-01 07:00:00,manual_count,107,Opening inventory based on first 10 days of complete-population demand
89,3,7,2025-11-01 07:00:00,manual_count,104,Opening inventory based on first 10 days of complete-population demand
90,3,9,2025-11-01 07:00:00,manual_count,83,Opening inventory based on first 10 days of complete-population demand
91,3,10,2025-11-01 07:00:00,manual_count,94,Opening inventory based on first 10 days of complete-population demand
92,3,11,2025-11-01 07:00:00,manual_count,102,Opening inventory based on first 10 days of complete-population demand
93,3,13,2025-11-01 07:00:00,manual_count,122,Opening inventory based on first 10 days of complete-population demand
94,3,14,2025-11-01 07:00:00,manual_count,128,Opening inventory based on first 10 days of complete-population demand
95,3,15,2025-11-01 07:00:00,manual_count,125,Opening inventory based on first 10 days of complete-population demand
96,3,16,2025-11-01 07:00:00,manual_count,100,Opening inventory based on first 10 days of complete-population demand
97,3,17,2025-11-01 07:00:00,manual_count,130,Opening inventory based on first 10 days of complete-population demand
98,3,18,2025-11-01 07:00:00,manual_count,82,Opening inventory based on first 10 days of complete-population demand
99,3,19,2025-11-01 07:00:00,manual_count,120,Opening inventory based on first 10 days of complete-population demand
100,3,20,2025-11-01 07:00:00,manual_count,98,Opening inventory based on first 10 days of complete-population demand
101,3,21,2025-11-01 07:00:00,manual_count,131,Opening inventory based on first 10 days of complete-population demand
102,3,22,2025-11-01 07:00:00,manual_count,77,Opening inventory based on first 10 days of complete-population demand
103,3,23,2025-11-01 07:00:00,manual_count,129,Opening inventory based on first 10 days of complete-population demand
104,3,24,2025-11-01 07:00:00,manual_count,87,Opening inventory based on first 10 days of complete-population demand
105,3,25,2025-11-01 07:00:00,manual_count,67,Opening inventory based on first 10 days of complete-population demand
106,3,26,2025-11-01 07:00:00,manual_count,101,Opening inventory based on first 10 days of complete-population demand
107,3,27,2025-11-01 07:00:00,manual_count,81,Opening inventory based on first 10 days of complete-population demand
108,3,28,2025-11-01 07:00:00,manual_count,106,Opening inventory based on first 10 days of complete-population demand
109,3,29,2025-11-01 07:00:00,manual_count,98,Opening inventory based on first 10 days of complete-population demand
110,3,30,2025-11-01 07:00:00,manual_count,100,Opening inventory based on first 10 days of complete-population demand
111,3,31,2025-11-01 07:00:00,manual_count,106,Opening inventory based on first 10 days of complete-population demand
112,3,32,2025-11-01 07:00:00,manual_count,117,Opening inventory based on first 10 days of complete-population demand
113,3,33,2025-11-01 07:00:00,manual_count,111,Opening inventory based on first 10 days of complete-population demand
114,3,34,2025-11-01 07:00:00,manual_count,129,Opening inventory based on first 10 days of complete-population demand
115,3,35,2025-11-01 07:00:00,manual_count,88,Opening inventory based on first 10 days of complete-population demand
116,3,36,2025-11-01 07:00:00,manual_count,82,Opening inventory based on first 10 days of complete-population demand
117,3,37,2025-11-01 07:00:00,manual_count,69,Opening inventory based on first 10 days of complete-population demand
118,3,39,2025-11-01 07:00:00,manual_count,75,Opening inventory based on first 10 days of complete-population demand
119,3,40,2025-11-01 07:00:00,manual_count,98,Opening inventory based on first 10 days of complete-population demand
120,3,41,2025-11-01 07:00:00,manual_count,92,Opening inventory based on first 10 days of complete-population demand
121,3,43,2025-11-01 07:00:00,manual_count,105,Opening inventory based on first 10 days of complete-population demand
122,3,44,2025-11-01 07:00:00,manual_count,71,Opening inventory based on first 10 days of complete-population demand
123,3,45,2025-11-01 07:00:00,manual_count,119,Opening inventory based on first 10 days of complete-population demand
124,3,46,2025-11-01 07:00:00,manual_count,92,Opening inventory based on first 10 days of complete-population demand
125,3,47,2025-11-01 07:00:00,manual_count,83,Opening inventory based on first 10 days of complete-population demand
126,3,48,2025-11-01 07:00:00,manual_count,116,Opening inventory based on first 10 days of complete-population demand
127,1,3,2025-11-07 07:30:00,delivery,20,Inventory received for purchase order 1
128,1,9,2025-11-07 07:30:00,delivery,30,Inventory received for purchase order 1
129,1,15,2025-11-07 07:30:00,delivery,48,Inventory received for purchase order 1
130,1,20,2025-11-07 07:30:00,delivery,36,Inventory received for purchase order 1
131,1,21,2025-11-07 07:30:00,delivery,8,Inventory received for purchase order 1
132,1,2,2025-11-06 07:30:00,delivery,20,Inventory received for purchase order 2
133,1,24,2025-11-06 07:30:00,delivery,30,Inventory received for purchase order 2
134,1,37,2025-11-06 07:30:00,delivery,24,Inventory received for purchase order 2
135,1,48,2025-11-06 07:30:00,delivery,24,Inventory received for purchase order 2
136,1,25,2025-11-07 07:30:00,delivery,24,Inventory received for purchase order 3
137,1,30,2025-11-07 07:30:00,delivery,36,Inventory received for purchase order 3
138,1,36,2025-11-07 07:30:00,delivery,20,Inventory received for purchase order 3
139,1,34,2025-11-07 07:30:00,delivery,20,Inventory received for purchase order 4
140,1,43,2025-11-07 07:30:00,delivery,30,Inventory received for purchase order 4
141,1,46,2025-11-07 07:30:00,delivery,24,Inventory received for purchase order 4
142,1,13,2025-11-07 07:30:00,delivery,40,Inventory received for purchase order 5
143,1,28,2025-11-07 07:30:00,delivery,40,Inventory received for purchase order 5
144,1,35,2025-11-07 07:30:00,delivery,40,Inventory received for purchase order 5
145,1,44,2025-11-07 07:30:00,delivery,36,Inventory received for purchase order 5
146,1,16,2025-11-09 07:30:00,delivery,40,Inventory received for purchase order 6
147,1,26,2025-11-09 07:30:00,delivery,10,Inventory received for purchase order 6
148,1,11,2025-11-06 07:30:00,delivery,24,Inventory received for purchase order 7
149,1,33,2025-11-06 07:30:00,delivery,24,Inventory received for purchase order 7
150,1,39,2025-11-04 07:30:00,delivery,30,Inventory received for purchase order 8
151,1,10,2025-11-08 07:30:00,delivery,24,Inventory received for purchase order 9
152,1,31,2025-11-08 07:30:00,delivery,24,Inventory received for purchase order 9
153,1,32,2025-11-08 07:30:00,delivery,20,Inventory received for purchase order 9
154,1,47,2025-11-08 07:30:00,delivery,16,Inventory received for purchase order 9
155,1,3,2025-11-08 07:30:00,delivery,80,Inventory received for purchase order 10
156,1,9,2025-11-08 07:30:00,delivery,70,Inventory received for purchase order 10
157,1,11,2025-11-08 07:30:00,delivery,80,Inventory received for purchase order 10
158,1,15,2025-11-08 07:30:00,delivery,96,Inventory received for purchase order 10
159,1,21,2025-11-08 07:30:00,delivery,48,Inventory received for purchase order 10
160,1,10,2025-11-09 07:30:00,delivery,64,Inventory received for purchase order 11
161,1,14,2025-11-09 07:30:00,delivery,72,Inventory received for purchase order 11
162,1,26,2025-11-09 07:30:00,delivery,60,Inventory received for purchase order 11
163,1,37,2025-11-09 07:30:00,delivery,55,Inventory received for purchase order 11
164,1,41,2025-11-09 07:30:00,delivery,84,Inventory received for purchase order 11
165,1,7,2025-11-10 07:30:00,delivery,72,Inventory received for purchase order 12
166,1,25,2025-11-10 07:30:00,delivery,60,Inventory received for purchase order 12
167,1,29,2025-11-10 07:30:00,delivery,96,Inventory received for purchase order 12
168,1,30,2025-11-10 07:30:00,delivery,36,Inventory received for purchase order 12
169,1,36,2025-11-10 07:30:00,delivery,60,Inventory received for purchase order 12
170,1,16,2025-11-07 07:30:00,delivery,48,Inventory received for purchase order 13
171,1,18,2025-11-07 07:30:00,delivery,90,Inventory received for purchase order 13
172,1,22,2025-11-07 07:30:00,delivery,66,Inventory received for purchase order 13
173,1,43,2025-11-07 07:30:00,delivery,60,Inventory received for purchase order 13
174,1,2,2025-11-08 07:30:00,delivery,48,Inventory received for purchase order 14
175,1,19,2025-11-08 07:30:00,delivery,72,Inventory received for purchase order 14
176,1,20,2025-11-08 07:30:00,delivery,30,Inventory received for purchase order 14
177,1,27,2025-11-08 07:30:00,delivery,54,Inventory received for purchase order 14
178,1,34,2025-11-08 07:30:00,delivery,60,Inventory received for purchase order 14
179,1,24,2025-11-08 07:30:00,delivery,72,Inventory received for purchase order 15
180,1,28,2025-11-08 07:30:00,delivery,48,Inventory received for purchase order 15
181,1,40,2025-11-08 07:30:00,delivery,72,Inventory received for purchase order 15
182,1,17,2025-11-08 07:30:00,delivery,120,Inventory received for purchase order 16
183,1,32,2025-11-08 07:30:00,delivery,66,Inventory received for purchase order 16
184,1,33,2025-11-08 07:30:00,delivery,78,Inventory received for purchase order 16
185,1,5,2025-11-09 07:30:00,delivery,105,Inventory received for purchase order 17
186,1,13,2025-11-09 07:30:00,delivery,35,Inventory received for purchase order 17
187,1,23,2025-11-09 07:30:00,delivery,85,Inventory received for purchase order 17
188,1,35,2025-11-09 07:30:00,delivery,46,Inventory received for purchase order 17
189,1,45,2025-11-09 07:30:00,delivery,57,Inventory received for purchase order 17
190,1,48,2025-11-09 07:30:00,delivery,57,Inventory received for purchase order 17
191,1,1,2025-11-10 07:30:00,delivery,72,Inventory received for purchase order 18
192,1,31,2025-11-10 07:30:00,delivery,72,Inventory received for purchase order 18
193,1,39,2025-11-10 07:30:00,delivery,60,Inventory received for purchase order 18
194,1,44,2025-11-10 07:30:00,delivery,50,Inventory received for purchase order 18
195,1,46,2025-11-10 07:30:00,delivery,72,Inventory received for purchase order 18
196,1,47,2025-11-10 07:30:00,delivery,80,Inventory received for purchase order 18
197,1,3,2025-11-14 07:30:00,delivery,80,Inventory received for purchase order 19
198,1,9,2025-11-14 07:30:00,delivery,60,Inventory received for purchase order 19
199,1,15,2025-11-14 07:30:00,delivery,48,Inventory received for purchase order 19
200,1,20,2025-11-14 07:30:00,delivery,71,Inventory received for purchase order 19
201,1,21,2025-11-14 07:30:00,delivery,88,Inventory received for purchase order 19
202,1,2,2025-11-15 07:30:00,delivery,60,Inventory received for purchase order 20
203,1,7,2025-11-15 07:30:00,delivery,32,Inventory received for purchase order 20
204,1,14,2025-11-15 07:30:00,delivery,72,Inventory received for purchase order 20
205,1,22,2025-11-15 07:30:00,delivery,54,Inventory received for purchase order 20
206,1,24,2025-11-15 07:30:00,delivery,50,Inventory received for purchase order 20
207,1,27,2025-11-15 07:30:00,delivery,36,Inventory received for purchase order 20
208,1,48,2025-11-15 07:30:00,delivery,72,Inventory received for purchase order 21
209,1,25,2025-11-15 07:30:00,delivery,84,Inventory received for purchase order 22
210,1,26,2025-11-15 07:30:00,delivery,36,Inventory received for purchase order 22
211,1,30,2025-11-15 07:30:00,delivery,72,Inventory received for purchase order 22
212,1,34,2025-11-16 07:30:00,delivery,60,Inventory received for purchase order 23
213,1,44,2025-11-16 07:30:00,delivery,48,Inventory received for purchase order 23
214,1,46,2025-11-16 07:30:00,delivery,48,Inventory received for purchase order 23
215,1,13,2025-11-17 07:30:00,delivery,60,Inventory received for purchase order 24
216,1,28,2025-11-17 07:30:00,delivery,72,Inventory received for purchase order 24
217,1,35,2025-11-17 07:30:00,delivery,40,Inventory received for purchase order 24
218,1,16,2025-11-14 07:30:00,delivery,80,Inventory received for purchase order 25
219,1,29,2025-11-14 07:30:00,delivery,40,Inventory received for purchase order 25
220,1,36,2025-11-14 07:30:00,delivery,56,Inventory received for purchase order 25
221,1,43,2025-11-14 07:30:00,delivery,96,Inventory received for purchase order 25
222,1,45,2025-11-14 07:30:00,delivery,64,Inventory received for purchase order 25
223,1,11,2025-11-15 07:30:00,delivery,42,Inventory received for purchase order 26
224,1,17,2025-11-15 07:30:00,delivery,48,Inventory received for purchase order 26
225,1,32,2025-11-15 07:30:00,delivery,84,Inventory received for purchase order 26
226,1,33,2025-11-15 07:30:00,delivery,48,Inventory received for purchase order 26
227,1,18,2025-11-15 07:30:00,delivery,72,Inventory received for purchase order 27
228,1,23,2025-11-15 07:30:00,delivery,48,Inventory received for purchase order 27
229,1,37,2025-11-15 07:30:00,delivery,36,Inventory received for purchase order 27
230,1,1,2025-11-15 07:30:00,delivery,72,Inventory received for purchase order 28
231,1,5,2025-11-15 07:30:00,delivery,24,Inventory received for purchase order 28
232,1,10,2025-11-15 07:30:00,delivery,96,Inventory received for purchase order 28
233,1,19,2025-11-15 07:30:00,delivery,70,Inventory received for purchase order 28
234,1,31,2025-11-15 07:30:00,delivery,48,Inventory received for purchase order 28
235,1,39,2025-11-15 07:30:00,delivery,40,Inventory received for purchase order 28
236,1,40,2025-11-16 07:30:00,delivery,48,Inventory received for purchase order 29
237,1,41,2025-11-16 07:30:00,delivery,79,Inventory received for purchase order 29
238,1,47,2025-11-16 07:30:00,delivery,48,Inventory received for purchase order 29
239,1,3,2025-11-24 07:30:00,delivery,60,Inventory received for purchase order 30
240,1,9,2025-11-24 07:30:00,delivery,70,Inventory received for purchase order 30
241,1,11,2025-11-24 07:30:00,delivery,60,Inventory received for purchase order 30
242,1,15,2025-11-24 07:30:00,delivery,48,Inventory received for purchase order 30
243,1,20,2025-11-24 07:30:00,delivery,36,Inventory received for purchase order 30
244,1,10,2025-11-21 07:30:00,delivery,48,Inventory received for purchase order 31
245,1,14,2025-11-21 07:30:00,delivery,72,Inventory received for purchase order 31
246,1,26,2025-11-21 07:30:00,delivery,72,Inventory received for purchase order 31
247,1,37,2025-11-21 07:30:00,delivery,72,Inventory received for purchase order 31
248,1,41,2025-11-21 07:30:00,delivery,78,Inventory received for purchase order 31
249,1,7,2025-11-22 07:30:00,delivery,72,Inventory received for purchase order 32
250,1,25,2025-11-22 07:30:00,delivery,72,Inventory received for purchase order 32
251,1,29,2025-11-22 07:30:00,delivery,96,Inventory received for purchase order 32
252,1,30,2025-11-22 07:30:00,delivery,36,Inventory received for purchase order 32
253,1,36,2025-11-22 07:30:00,delivery,90,Inventory received for purchase order 32
254,1,16,2025-11-22 07:30:00,delivery,36,Inventory received for purchase order 33
255,1,18,2025-11-22 07:30:00,delivery,72,Inventory received for purchase order 33
256,1,22,2025-11-22 07:30:00,delivery,84,Inventory received for purchase order 33
257,1,43,2025-11-22 07:30:00,delivery,70,Inventory received for purchase order 33
258,1,19,2025-11-22 07:30:00,delivery,69,Inventory received for purchase order 34
259,1,27,2025-11-22 07:30:00,delivery,93,Inventory received for purchase order 34
260,1,34,2025-11-22 07:30:00,delivery,57,Inventory received for purchase order 34
261,1,47,2025-11-22 07:30:00,delivery,77,Inventory received for purchase order 34
262,1,24,2025-11-23 07:30:00,delivery,48,Inventory received for purchase order 35
263,1,28,2025-11-23 07:30:00,delivery,48,Inventory received for purchase order 35
264,1,40,2025-11-23 07:30:00,delivery,24,Inventory received for purchase order 35
265,1,17,2025-11-24 07:30:00,delivery,48,Inventory received for purchase order 36
266,1,32,2025-11-24 07:30:00,delivery,48,Inventory received for purchase order 36
267,1,33,2025-11-24 07:30:00,delivery,72,Inventory received for purchase order 36
268,1,2,2025-11-21 07:30:00,delivery,80,Inventory received for purchase order 37
269,1,5,2025-11-21 07:30:00,delivery,72,Inventory received for purchase order 37
270,1,13,2025-11-21 07:30:00,delivery,72,Inventory received for purchase order 37
271,1,21,2025-11-21 07:30:00,delivery,96,Inventory received for purchase order 37
272,1,23,2025-11-21 07:30:00,delivery,56,Inventory received for purchase order 37
273,1,31,2025-11-21 07:30:00,delivery,48,Inventory received for purchase order 37
274,1,35,2025-11-22 07:30:00,delivery,95,Inventory received for purchase order 38
275,1,39,2025-11-22 07:30:00,delivery,90,Inventory received for purchase order 38
276,1,45,2025-11-22 07:30:00,delivery,96,Inventory received for purchase order 38
277,1,48,2025-11-22 07:30:00,delivery,70,Inventory received for purchase order 38
278,1,1,2025-11-22 07:30:00,delivery,72,Inventory received for purchase order 39
279,1,44,2025-11-22 07:30:00,delivery,60,Inventory received for purchase order 39
280,1,46,2025-11-22 07:30:00,delivery,72,Inventory received for purchase order 39
281,1,3,2025-11-29 07:30:00,delivery,80,Inventory received for purchase order 40
282,1,9,2025-11-29 07:30:00,delivery,60,Inventory received for purchase order 40
283,1,15,2025-11-29 07:30:00,delivery,48,Inventory received for purchase order 40
284,1,20,2025-11-29 07:30:00,delivery,72,Inventory received for purchase order 40
285,1,21,2025-11-29 07:30:00,delivery,56,Inventory received for purchase order 40
286,1,7,2025-11-30 07:30:00,delivery,56,Inventory received for purchase order 41
287,1,14,2025-11-30 07:30:00,delivery,48,Inventory received for purchase order 41
288,1,22,2025-11-30 07:30:00,delivery,54,Inventory received for purchase order 41
289,1,27,2025-11-30 07:30:00,delivery,72,Inventory received for purchase order 41
290,1,48,2025-11-30 07:30:00,delivery,72,Inventory received for purchase order 41
291,1,25,2025-12-01 07:30:00,delivery,48,Inventory received for purchase order 42
292,1,26,2025-12-01 07:30:00,delivery,108,Inventory received for purchase order 42
293,1,30,2025-12-01 07:30:00,delivery,36,Inventory received for purchase order 42
294,1,34,2025-11-28 07:30:00,delivery,60,Inventory received for purchase order 43
295,1,44,2025-11-28 07:30:00,delivery,96,Inventory received for purchase order 43
296,1,46,2025-11-28 07:30:00,delivery,96,Inventory received for purchase order 43
297,1,13,2025-11-29 07:30:00,delivery,20,Inventory received for purchase order 44
298,1,28,2025-11-29 07:30:00,delivery,88,Inventory received for purchase order 44
299,1,35,2025-11-29 07:30:00,delivery,40,Inventory received for purchase order 44
300,1,47,2025-11-29 07:30:00,delivery,40,Inventory received for purchase order 44
301,1,16,2025-11-29 07:30:00,delivery,80,Inventory received for purchase order 45
302,1,24,2025-11-29 07:30:00,delivery,72,Inventory received for purchase order 45
303,1,29,2025-11-29 07:30:00,delivery,40,Inventory received for purchase order 45
304,1,36,2025-11-29 07:30:00,delivery,56,Inventory received for purchase order 45
305,1,43,2025-11-29 07:30:00,delivery,72,Inventory received for purchase order 45
306,1,45,2025-11-29 07:30:00,delivery,40,Inventory received for purchase order 45
307,1,11,2025-11-29 07:30:00,delivery,78,Inventory received for purchase order 46
308,1,17,2025-11-29 07:30:00,delivery,72,Inventory received for purchase order 46
309,1,32,2025-11-29 07:30:00,delivery,78,Inventory received for purchase order 46
310,1,33,2025-11-29 07:30:00,delivery,54,Inventory received for purchase order 46
311,1,2,2025-11-30 07:30:00,delivery,99,Inventory received for purchase order 47
312,1,18,2025-11-30 07:30:00,delivery,48,Inventory received for purchase order 47
313,1,23,2025-11-30 07:30:00,delivery,80,Inventory received for purchase order 47
314,1,37,2025-11-30 07:30:00,delivery,72,Inventory received for purchase order 47
315,1,1,2025-12-01 07:30:00,delivery,72,Inventory received for purchase order 48
316,1,5,2025-12-01 07:30:00,delivery,48,Inventory received for purchase order 48
317,1,10,2025-12-01 07:30:00,delivery,72,Inventory received for purchase order 48
318,1,19,2025-12-01 07:30:00,delivery,50,Inventory received for purchase order 48
319,1,31,2025-12-01 07:30:00,delivery,96,Inventory received for purchase order 48
320,1,39,2025-12-01 07:30:00,delivery,60,Inventory received for purchase order 48
321,1,40,2025-11-28 07:30:00,delivery,72,Inventory received for purchase order 49
322,1,41,2025-11-28 07:30:00,delivery,88,Inventory received for purchase order 49
323,1,3,2025-12-06 07:30:00,delivery,80,Inventory received for purchase order 50
324,1,9,2025-12-06 07:30:00,delivery,60,Inventory received for purchase order 50
325,1,11,2025-12-06 07:30:00,delivery,60,Inventory received for purchase order 50
326,1,10,2025-12-06 07:30:00,delivery,31,Inventory received for purchase order 51
327,1,14,2025-12-06 07:30:00,delivery,46,Inventory received for purchase order 51
328,1,24,2025-12-06 07:30:00,delivery,38,Inventory received for purchase order 51
329,1,26,2025-12-06 07:30:00,delivery,40,Inventory received for purchase order 51
330,1,37,2025-12-06 07:30:00,delivery,69,Inventory received for purchase order 51
331,1,41,2025-12-06 07:30:00,delivery,40,Inventory received for purchase order 51
332,1,7,2025-12-06 07:30:00,delivery,72,Inventory received for purchase order 52
333,1,25,2025-12-06 07:30:00,delivery,60,Inventory received for purchase order 52
334,1,29,2025-12-06 07:30:00,delivery,96,Inventory received for purchase order 52
335,1,30,2025-12-06 07:30:00,delivery,72,Inventory received for purchase order 52
336,1,36,2025-12-06 07:30:00,delivery,80,Inventory received for purchase order 52
337,1,16,2025-12-07 07:30:00,delivery,60,Inventory received for purchase order 53
338,1,18,2025-12-07 07:30:00,delivery,72,Inventory received for purchase order 53
339,1,22,2025-12-07 07:30:00,delivery,90,Inventory received for purchase order 53
340,1,43,2025-12-07 07:30:00,delivery,60,Inventory received for purchase order 53
341,1,2,2025-12-08 07:30:00,delivery,72,Inventory received for purchase order 54
342,1,19,2025-12-08 07:30:00,delivery,72,Inventory received for purchase order 54
343,1,20,2025-12-08 07:30:00,delivery,40,Inventory received for purchase order 54
344,1,27,2025-12-08 07:30:00,delivery,72,Inventory received for purchase order 54
345,1,34,2025-12-08 07:30:00,delivery,84,Inventory received for purchase order 54
346,1,47,2025-12-08 07:30:00,delivery,60,Inventory received for purchase order 54
347,1,28,2025-12-05 07:30:00,delivery,54,Inventory received for purchase order 55
348,1,40,2025-12-05 07:30:00,delivery,71,Inventory received for purchase order 55
349,1,17,2025-12-06 07:30:00,delivery,48,Inventory received for purchase order 56
350,1,32,2025-12-06 07:30:00,delivery,42,Inventory received for purchase order 56
351,1,33,2025-12-06 07:30:00,delivery,78,Inventory received for purchase order 56
352,1,5,2025-12-06 07:30:00,delivery,72,Inventory received for purchase order 57
353,1,13,2025-12-06 07:30:00,delivery,72,Inventory received for purchase order 57
354,1,21,2025-12-06 07:30:00,delivery,96,Inventory received for purchase order 57
355,1,23,2025-12-06 07:30:00,delivery,88,Inventory received for purchase order 57
356,1,31,2025-12-06 07:30:00,delivery,24,Inventory received for purchase order 57
357,1,35,2025-12-06 07:30:00,delivery,96,Inventory received for purchase order 57
358,1,39,2025-12-06 07:30:00,delivery,40,Inventory received for purchase order 58
359,1,45,2025-12-06 07:30:00,delivery,60,Inventory received for purchase order 58
360,1,48,2025-12-06 07:30:00,delivery,60,Inventory received for purchase order 58
361,1,1,2025-12-07 07:30:00,delivery,72,Inventory received for purchase order 59
362,1,44,2025-12-07 07:30:00,delivery,40,Inventory received for purchase order 59
363,1,46,2025-12-07 07:30:00,delivery,72,Inventory received for purchase order 59
364,1,3,2025-12-15 07:30:00,delivery,60,Inventory received for purchase order 60
365,1,9,2025-12-15 07:30:00,delivery,40,Inventory received for purchase order 60
366,1,15,2025-12-15 07:30:00,delivery,96,Inventory received for purchase order 60
367,1,20,2025-12-15 07:30:00,delivery,72,Inventory received for purchase order 60
368,1,21,2025-12-15 07:30:00,delivery,40,Inventory received for purchase order 60
369,1,14,2025-12-12 07:30:00,delivery,48,Inventory received for purchase order 61
370,1,22,2025-12-12 07:30:00,delivery,54,Inventory received for purchase order 61
371,1,27,2025-12-12 07:30:00,delivery,72,Inventory received for purchase order 61
372,1,48,2025-12-12 07:30:00,delivery,72,Inventory received for purchase order 61
373,1,7,2025-12-13 07:30:00,delivery,72,Inventory received for purchase order 62
374,1,25,2025-12-13 07:30:00,delivery,60,Inventory received for purchase order 62
375,1,26,2025-12-13 07:30:00,delivery,72,Inventory received for purchase order 62
376,1,30,2025-12-13 07:30:00,delivery,36,Inventory received for purchase order 62
377,1,18,2025-12-13 07:30:00,delivery,60,Inventory received for purchase order 63
378,1,34,2025-12-13 07:30:00,delivery,60,Inventory received for purchase order 63
379,1,46,2025-12-13 07:30:00,delivery,48,Inventory received for purchase order 63
380,1,13,2025-12-13 07:30:00,delivery,40,Inventory received for purchase order 64
381,1,28,2025-12-13 07:30:00,delivery,56,Inventory received for purchase order 64
382,1,35,2025-12-13 07:30:00,delivery,20,Inventory received for purchase order 64
383,1,44,2025-12-13 07:30:00,delivery,72,Inventory received for purchase order 64
384,1,16,2025-12-14 07:30:00,delivery,60,Inventory received for purchase order 65
385,1,29,2025-12-14 07:30:00,delivery,39,Inventory received for purchase order 65
386,1,36,2025-12-14 07:30:00,delivery,72,Inventory received for purchase order 65
387,1,43,2025-12-14 07:30:00,delivery,96,Inventory received for purchase order 65
388,1,45,2025-12-14 07:30:00,delivery,56,Inventory received for purchase order 65
389,1,11,2025-12-15 07:30:00,delivery,72,Inventory received for purchase order 66
390,1,17,2025-12-15 07:30:00,delivery,48,Inventory received for purchase order 66
391,1,32,2025-12-15 07:30:00,delivery,78,Inventory received for purchase order 66
392,1,33,2025-12-15 07:30:00,delivery,48,Inventory received for purchase order 66
393,1,37,2025-12-15 07:30:00,delivery,96,Inventory received for purchase order 66
394,1,2,2025-12-12 07:30:00,delivery,60,Inventory received for purchase order 67
395,1,23,2025-12-12 07:30:00,delivery,72,Inventory received for purchase order 67
396,1,24,2025-12-12 07:30:00,delivery,36,Inventory received for purchase order 67
397,1,1,2025-12-13 07:30:00,delivery,69,Inventory received for purchase order 68
398,1,5,2025-12-13 07:30:00,delivery,38,Inventory received for purchase order 68
399,1,10,2025-12-13 07:30:00,delivery,69,Inventory received for purchase order 68
400,1,19,2025-12-13 07:30:00,delivery,19,Inventory received for purchase order 68
401,1,31,2025-12-13 07:30:00,delivery,69,Inventory received for purchase order 68
402,1,39,2025-12-13 07:30:00,delivery,57,Inventory received for purchase order 68
403,1,40,2025-12-13 07:30:00,delivery,48,Inventory received for purchase order 69
404,1,41,2025-12-13 07:30:00,delivery,80,Inventory received for purchase order 69
405,1,47,2025-12-13 07:30:00,delivery,64,Inventory received for purchase order 69
406,1,3,2025-12-20 07:30:00,delivery,80,Inventory received for purchase order 70
407,1,9,2025-12-20 07:30:00,delivery,60,Inventory received for purchase order 70
408,1,11,2025-12-20 07:30:00,delivery,80,Inventory received for purchase order 70
409,1,15,2025-12-20 07:30:00,delivery,48,Inventory received for purchase order 70
410,1,21,2025-12-20 07:30:00,delivery,72,Inventory received for purchase order 70
411,1,10,2025-12-21 07:30:00,delivery,80,Inventory received for purchase order 71
412,1,14,2025-12-21 07:30:00,delivery,72,Inventory received for purchase order 71
413,1,24,2025-12-21 07:30:00,delivery,60,Inventory received for purchase order 71
414,1,26,2025-12-21 07:30:00,delivery,66,Inventory received for purchase order 71
415,1,37,2025-12-21 07:30:00,delivery,48,Inventory received for purchase order 71
416,1,41,2025-12-21 07:30:00,delivery,96,Inventory received for purchase order 71
417,1,7,2025-12-22 07:30:00,delivery,72,Inventory received for purchase order 72
418,1,25,2025-12-22 07:30:00,delivery,60,Inventory received for purchase order 72
419,1,29,2025-12-22 07:30:00,delivery,96,Inventory received for purchase order 72
420,1,30,2025-12-22 07:30:00,delivery,108,Inventory received for purchase order 72
421,1,36,2025-12-22 07:30:00,delivery,80,Inventory received for purchase order 72
422,1,16,2025-12-19 07:30:00,delivery,95,Inventory received for purchase order 73
423,1,18,2025-12-19 07:30:00,delivery,54,Inventory received for purchase order 73
424,1,22,2025-12-19 07:30:00,delivery,60,Inventory received for purchase order 73
425,1,43,2025-12-19 07:30:00,delivery,70,Inventory received for purchase order 73
426,1,2,2025-12-20 07:30:00,delivery,48,Inventory received for purchase order 74
427,1,19,2025-12-20 07:30:00,delivery,108,Inventory received for purchase order 74
428,1,20,2025-12-20 07:30:00,delivery,50,Inventory received for purchase order 74
429,1,27,2025-12-20 07:30:00,delivery,78,Inventory received for purchase order 74
430,1,34,2025-12-20 07:30:00,delivery,48,Inventory received for purchase order 74
431,1,47,2025-12-20 07:30:00,delivery,80,Inventory received for purchase order 74
432,1,28,2025-12-20 07:30:00,delivery,60,Inventory received for purchase order 75
433,1,40,2025-12-20 07:30:00,delivery,80,Inventory received for purchase order 75
434,1,17,2025-12-20 07:30:00,delivery,72,Inventory received for purchase order 76
435,1,33,2025-12-20 07:30:00,delivery,54,Inventory received for purchase order 76
436,1,5,2025-12-21 07:30:00,delivery,108,Inventory received for purchase order 77
437,1,13,2025-12-21 07:30:00,delivery,72,Inventory received for purchase order 77
438,1,23,2025-12-21 07:30:00,delivery,72,Inventory received for purchase order 77
439,1,31,2025-12-21 07:30:00,delivery,84,Inventory received for purchase order 77
440,1,35,2025-12-21 07:30:00,delivery,96,Inventory received for purchase order 77
441,1,39,2025-12-21 07:30:00,delivery,100,Inventory received for purchase order 77
442,1,45,2025-12-22 07:30:00,delivery,72,Inventory received for purchase order 78
443,1,48,2025-12-22 07:30:00,delivery,80,Inventory received for purchase order 78
444,1,1,2025-12-19 07:30:00,delivery,72,Inventory received for purchase order 79
445,1,32,2025-12-19 07:30:00,delivery,60,Inventory received for purchase order 79
446,1,44,2025-12-19 07:30:00,delivery,60,Inventory received for purchase order 79
447,1,46,2025-12-19 07:30:00,delivery,72,Inventory received for purchase order 79
448,1,3,2025-12-27 07:30:00,delivery,100,Inventory received for purchase order 80
449,1,9,2025-12-27 07:30:00,delivery,80,Inventory received for purchase order 80
450,1,15,2025-12-27 07:30:00,delivery,48,Inventory received for purchase order 80
451,1,21,2025-12-27 07:30:00,delivery,40,Inventory received for purchase order 80
452,1,7,2025-12-27 07:30:00,delivery,24,Inventory received for purchase order 81
453,1,14,2025-12-27 07:30:00,delivery,24,Inventory received for purchase order 81
454,1,22,2025-12-27 07:30:00,delivery,48,Inventory received for purchase order 81
455,1,24,2025-12-27 07:30:00,delivery,70,Inventory received for purchase order 81
456,1,27,2025-12-27 07:30:00,delivery,72,Inventory received for purchase order 81
457,1,48,2025-12-27 07:30:00,delivery,48,Inventory received for purchase order 81
458,1,25,2025-12-27 07:30:00,delivery,60,Inventory received for purchase order 82
459,1,26,2025-12-27 07:30:00,delivery,71,Inventory received for purchase order 82
460,1,30,2025-12-27 07:30:00,delivery,72,Inventory received for purchase order 82
461,1,34,2025-12-28 07:30:00,delivery,40,Inventory received for purchase order 83
462,1,44,2025-12-28 07:30:00,delivery,48,Inventory received for purchase order 83
463,1,46,2025-12-28 07:30:00,delivery,96,Inventory received for purchase order 83
464,1,13,2025-12-29 07:30:00,delivery,80,Inventory received for purchase order 84
465,1,20,2025-12-29 07:30:00,delivery,70,Inventory received for purchase order 84
466,1,28,2025-12-29 07:30:00,delivery,64,Inventory received for purchase order 84
467,1,35,2025-12-29 07:30:00,delivery,40,Inventory received for purchase order 84
468,1,47,2025-12-29 07:30:00,delivery,40,Inventory received for purchase order 84
469,1,16,2025-12-26 07:30:00,delivery,57,Inventory received for purchase order 85
470,1,29,2025-12-26 07:30:00,delivery,19,Inventory received for purchase order 85
471,1,36,2025-12-26 07:30:00,delivery,46,Inventory received for purchase order 85
472,1,43,2025-12-26 07:30:00,delivery,69,Inventory received for purchase order 85
473,1,45,2025-12-26 07:30:00,delivery,54,Inventory received for purchase order 85
474,1,11,2025-12-27 07:30:00,delivery,36,Inventory received for purchase order 86
475,1,17,2025-12-27 07:30:00,delivery,48,Inventory received for purchase order 86
476,1,32,2025-12-27 07:30:00,delivery,72,Inventory received for purchase order 86
477,1,33,2025-12-27 07:30:00,delivery,48,Inventory received for purchase order 86
478,1,2,2025-12-27 07:30:00,delivery,80,Inventory received for purchase order 87
479,1,18,2025-12-27 07:30:00,delivery,80,Inventory received for purchase order 87
480,1,23,2025-12-27 07:30:00,delivery,40,Inventory received for purchase order 87
481,1,37,2025-12-27 07:30:00,delivery,72,Inventory received for purchase order 87
482,1,39,2025-12-27 07:30:00,delivery,70,Inventory received for purchase order 87
483,1,1,2025-12-27 07:30:00,delivery,36,Inventory received for purchase order 88
484,1,5,2025-12-27 07:30:00,delivery,40,Inventory received for purchase order 88
485,1,10,2025-12-27 07:30:00,delivery,72,Inventory received for purchase order 88
486,1,19,2025-12-27 07:30:00,delivery,60,Inventory received for purchase order 88
487,1,31,2025-12-27 07:30:00,delivery,48,Inventory received for purchase order 88
488,1,40,2025-12-27 07:30:00,delivery,48,Inventory received for purchase order 88
489,1,41,2025-12-28 07:30:00,delivery,48,Inventory received for purchase order 89
490,1,3,2026-01-05 07:30:00,delivery,60,Inventory received for purchase order 90
491,1,9,2026-01-05 07:30:00,delivery,60,Inventory received for purchase order 90
492,1,11,2026-01-05 07:30:00,delivery,60,Inventory received for purchase order 90
493,1,15,2026-01-05 07:30:00,delivery,48,Inventory received for purchase order 90
494,1,21,2026-01-05 07:30:00,delivery,72,Inventory received for purchase order 90
495,1,10,2026-01-02 07:30:00,delivery,64,Inventory received for purchase order 91
496,1,14,2026-01-02 07:30:00,delivery,47,Inventory received for purchase order 91
497,1,24,2026-01-02 07:30:00,delivery,50,Inventory received for purchase order 91
498,1,26,2026-01-02 07:30:00,delivery,48,Inventory received for purchase order 91
499,1,27,2026-01-02 07:30:00,delivery,72,Inventory received for purchase order 91
500,1,37,2026-01-02 07:30:00,delivery,48,Inventory received for purchase order 91
501,1,41,2026-01-03 07:30:00,delivery,48,Inventory received for purchase order 92
502,1,7,2026-01-03 07:30:00,delivery,72,Inventory received for purchase order 93
503,1,25,2026-01-03 07:30:00,delivery,60,Inventory received for purchase order 93
504,1,29,2026-01-03 07:30:00,delivery,96,Inventory received for purchase order 93
505,1,30,2026-01-03 07:30:00,delivery,36,Inventory received for purchase order 93
506,1,36,2026-01-03 07:30:00,delivery,50,Inventory received for purchase order 93
507,1,16,2026-01-03 07:30:00,delivery,60,Inventory received for purchase order 94
508,1,18,2026-01-03 07:30:00,delivery,48,Inventory received for purchase order 94
509,1,22,2026-01-03 07:30:00,delivery,60,Inventory received for purchase order 94
510,1,43,2026-01-03 07:30:00,delivery,50,Inventory received for purchase order 94
511,1,19,2026-01-04 07:30:00,delivery,72,Inventory received for purchase order 95
512,1,20,2026-01-04 07:30:00,delivery,60,Inventory received for purchase order 95
513,1,34,2026-01-04 07:30:00,delivery,72,Inventory received for purchase order 95
514,1,35,2026-01-04 07:30:00,delivery,60,Inventory received for purchase order 95
515,1,28,2026-01-05 07:30:00,delivery,42,Inventory received for purchase order 96
516,1,40,2026-01-05 07:30:00,delivery,72,Inventory received for purchase order 96
517,1,17,2026-01-02 07:30:00,delivery,72,Inventory received for purchase order 97
518,1,32,2026-01-02 07:30:00,delivery,66,Inventory received for purchase order 97
519,1,33,2026-01-02 07:30:00,delivery,66,Inventory received for purchase order 97
520,1,2,2026-01-03 07:30:00,delivery,60,Inventory received for purchase order 98
521,1,5,2026-01-03 07:30:00,delivery,72,Inventory received for purchase order 98
522,1,13,2026-01-03 07:30:00,delivery,72,Inventory received for purchase order 98
523,1,23,2026-01-03 07:30:00,delivery,80,Inventory received for purchase order 98
524,1,39,2026-01-03 07:30:00,delivery,60,Inventory received for purchase order 98
525,1,45,2026-01-03 07:30:00,delivery,72,Inventory received for purchase order 98
526,1,48,2026-01-03 07:30:00,delivery,80,Inventory received for purchase order 99
527,1,1,2026-01-03 07:30:00,delivery,72,Inventory received for purchase order 100
528,1,31,2026-01-03 07:30:00,delivery,48,Inventory received for purchase order 100
529,1,44,2026-01-03 07:30:00,delivery,70,Inventory received for purchase order 100
530,1,46,2026-01-03 07:30:00,delivery,48,Inventory received for purchase order 100
531,1,47,2026-01-03 07:30:00,delivery,80,Inventory received for purchase order 100
532,1,3,2026-01-11 07:30:00,delivery,40,Inventory received for purchase order 101
533,1,9,2026-01-11 07:30:00,delivery,49,Inventory received for purchase order 101
534,1,15,2026-01-11 07:30:00,delivery,48,Inventory received for purchase order 101
535,1,2,2026-01-12 07:30:00,delivery,57,Inventory received for purchase order 102
536,1,7,2026-01-12 07:30:00,delivery,15,Inventory received for purchase order 102
537,1,14,2026-01-12 07:30:00,delivery,46,Inventory received for purchase order 102
538,1,22,2026-01-12 07:30:00,delivery,40,Inventory received for purchase order 102
539,1,48,2026-01-12 07:30:00,delivery,69,Inventory received for purchase order 102
540,1,25,2026-01-09 07:30:00,delivery,60,Inventory received for purchase order 103
541,1,26,2026-01-09 07:30:00,delivery,72,Inventory received for purchase order 103
542,1,30,2026-01-09 07:30:00,delivery,72,Inventory received for purchase order 103
543,1,36,2026-01-09 07:30:00,delivery,40,Inventory received for purchase order 103
544,1,34,2026-01-10 07:30:00,delivery,80,Inventory received for purchase order 104
545,1,46,2026-01-10 07:30:00,delivery,48,Inventory received for purchase order 104
546,1,13,2026-01-10 07:30:00,delivery,60,Inventory received for purchase order 105
547,1,20,2026-01-10 07:30:00,delivery,70,Inventory received for purchase order 105
548,1,27,2026-01-10 07:30:00,delivery,18,Inventory received for purchase order 105
549,1,28,2026-01-10 07:30:00,delivery,64,Inventory received for purchase order 105
550,1,35,2026-01-10 07:30:00,delivery,80,Inventory received for purchase order 105
551,1,44,2026-01-10 07:30:00,delivery,72,Inventory received for purchase order 105
552,1,47,2026-01-10 07:30:00,delivery,40,Inventory received for purchase order 106
553,1,16,2026-01-11 07:30:00,delivery,80,Inventory received for purchase order 107
554,1,24,2026-01-11 07:30:00,delivery,96,Inventory received for purchase order 107
555,1,29,2026-01-11 07:30:00,delivery,20,Inventory received for purchase order 107
556,1,43,2026-01-11 07:30:00,delivery,72,Inventory received for purchase order 107
557,1,45,2026-01-11 07:30:00,delivery,64,Inventory received for purchase order 107
558,1,11,2026-01-12 07:30:00,delivery,54,Inventory received for purchase order 108
559,1,17,2026-01-12 07:30:00,delivery,72,Inventory received for purchase order 108
560,1,32,2026-01-12 07:30:00,delivery,78,Inventory received for purchase order 108
561,1,33,2026-01-12 07:30:00,delivery,66,Inventory received for purchase order 108
562,1,5,2026-01-09 07:30:00,delivery,72,Inventory received for purchase order 109
563,1,18,2026-01-09 07:30:00,delivery,64,Inventory received for purchase order 109
564,1,21,2026-01-09 07:30:00,delivery,48,Inventory received for purchase order 109
565,1,23,2026-01-09 07:30:00,delivery,64,Inventory received for purchase order 109
566,1,37,2026-01-09 07:30:00,delivery,72,Inventory received for purchase order 109
567,1,1,2026-01-10 07:30:00,delivery,72,Inventory received for purchase order 110
568,1,10,2026-01-10 07:30:00,delivery,96,Inventory received for purchase order 110
569,1,19,2026-01-10 07:30:00,delivery,40,Inventory received for purchase order 110
570,1,31,2026-01-10 07:30:00,delivery,71,Inventory received for purchase order 110
571,1,39,2026-01-10 07:30:00,delivery,80,Inventory received for purchase order 110
572,1,40,2026-01-10 07:30:00,delivery,72,Inventory received for purchase order 110
573,1,41,2026-01-10 07:30:00,delivery,72,Inventory received for purchase order 111
574,1,3,2026-01-17 07:30:00,delivery,60,Inventory received for purchase order 112
575,1,9,2026-01-17 07:30:00,delivery,70,Inventory received for purchase order 112
576,1,11,2026-01-17 07:30:00,delivery,60,Inventory received for purchase order 112
577,1,15,2026-01-17 07:30:00,delivery,48,Inventory received for purchase order 112
578,1,20,2026-01-17 07:30:00,delivery,72,Inventory received for purchase order 112
579,1,21,2026-01-17 07:30:00,delivery,72,Inventory received for purchase order 112
580,1,10,2026-01-18 07:30:00,delivery,48,Inventory received for purchase order 113
581,1,14,2026-01-18 07:30:00,delivery,48,Inventory received for purchase order 113
582,1,26,2026-01-18 07:30:00,delivery,42,Inventory received for purchase order 113
583,1,27,2026-01-18 07:30:00,delivery,72,Inventory received for purchase order 113
584,1,41,2026-01-18 07:30:00,delivery,60,Inventory received for purchase order 113
585,1,7,2026-01-19 07:30:00,delivery,36,Inventory received for purchase order 114
586,1,25,2026-01-19 07:30:00,delivery,60,Inventory received for purchase order 114
587,1,29,2026-01-19 07:30:00,delivery,96,Inventory received for purchase order 114
588,1,30,2026-01-19 07:30:00,delivery,72,Inventory received for purchase order 114
589,1,36,2026-01-19 07:30:00,delivery,80,Inventory received for purchase order 114
590,1,16,2026-01-16 07:30:00,delivery,60,Inventory received for purchase order 115
591,1,18,2026-01-16 07:30:00,delivery,78,Inventory received for purchase order 115
592,1,22,2026-01-16 07:30:00,delivery,90,Inventory received for purchase order 115
593,1,43,2026-01-16 07:30:00,delivery,70,Inventory received for purchase order 115
594,1,19,2026-01-17 07:30:00,delivery,72,Inventory received for purchase order 116
595,1,34,2026-01-17 07:30:00,delivery,36,Inventory received for purchase order 116
596,1,24,2026-01-17 07:30:00,delivery,48,Inventory received for purchase order 117
597,1,28,2026-01-17 07:30:00,delivery,60,Inventory received for purchase order 117
598,1,40,2026-01-17 07:30:00,delivery,56,Inventory received for purchase order 117
599,1,17,2026-01-17 07:30:00,delivery,48,Inventory received for purchase order 118
600,1,32,2026-01-17 07:30:00,delivery,66,Inventory received for purchase order 118
601,1,33,2026-01-17 07:30:00,delivery,66,Inventory received for purchase order 118
602,1,2,2026-01-18 07:30:00,delivery,57,Inventory received for purchase order 119
603,1,5,2026-01-18 07:30:00,delivery,69,Inventory received for purchase order 119
604,1,13,2026-01-18 07:30:00,delivery,69,Inventory received for purchase order 119
605,1,23,2026-01-18 07:30:00,delivery,54,Inventory received for purchase order 119
606,1,31,2026-01-18 07:30:00,delivery,81,Inventory received for purchase order 119
607,1,35,2026-01-18 07:30:00,delivery,92,Inventory received for purchase order 119
608,1,37,2026-01-19 07:30:00,delivery,108,Inventory received for purchase order 120
609,1,45,2026-01-19 07:30:00,delivery,48,Inventory received for purchase order 120
610,1,48,2026-01-19 07:30:00,delivery,60,Inventory received for purchase order 120
611,1,1,2026-01-16 07:30:00,delivery,36,Inventory received for purchase order 121
612,1,39,2026-01-16 07:30:00,delivery,80,Inventory received for purchase order 121
613,1,44,2026-01-16 07:30:00,delivery,50,Inventory received for purchase order 121
614,1,46,2026-01-16 07:30:00,delivery,72,Inventory received for purchase order 121
615,1,47,2026-01-16 07:30:00,delivery,80,Inventory received for purchase order 121
616,1,3,2026-01-24 07:30:00,delivery,60,Inventory received for purchase order 122
617,1,9,2026-01-24 07:30:00,delivery,60,Inventory received for purchase order 122
618,1,15,2026-01-24 07:30:00,delivery,96,Inventory received for purchase order 122
619,1,21,2026-01-24 07:30:00,delivery,64,Inventory received for purchase order 122
620,1,14,2026-01-24 07:30:00,delivery,96,Inventory received for purchase order 123
621,1,22,2026-01-24 07:30:00,delivery,54,Inventory received for purchase order 123
622,1,27,2026-01-24 07:30:00,delivery,36,Inventory received for purchase order 123
623,1,48,2026-01-24 07:30:00,delivery,72,Inventory received for purchase order 123
624,1,7,2026-01-24 07:30:00,delivery,72,Inventory received for purchase order 124
625,1,25,2026-01-24 07:30:00,delivery,84,Inventory received for purchase order 124
626,1,26,2026-01-24 07:30:00,delivery,72,Inventory received for purchase order 124
627,1,30,2026-01-24 07:30:00,delivery,36,Inventory received for purchase order 124
628,1,34,2026-01-25 07:30:00,delivery,60,Inventory received for purchase order 125
629,1,46,2026-01-25 07:30:00,delivery,72,Inventory received for purchase order 125
630,1,13,2026-01-26 07:30:00,delivery,40,Inventory received for purchase order 126
631,1,20,2026-01-26 07:30:00,delivery,70,Inventory received for purchase order 126
632,1,28,2026-01-26 07:30:00,delivery,48,Inventory received for purchase order 126
633,1,35,2026-01-26 07:30:00,delivery,20,Inventory received for purchase order 126
634,1,44,2026-01-26 07:30:00,delivery,72,Inventory received for purchase order 126
635,1,16,2026-01-23 07:30:00,delivery,80,Inventory received for purchase order 127
636,1,24,2026-01-23 07:30:00,delivery,72,Inventory received for purchase order 127
637,1,29,2026-01-23 07:30:00,delivery,40,Inventory received for purchase order 127
638,1,36,2026-01-23 07:30:00,delivery,56,Inventory received for purchase order 127
639,1,43,2026-01-23 07:30:00,delivery,48,Inventory received for purchase order 127
640,1,45,2026-01-23 07:30:00,delivery,56,Inventory received for purchase order 127
641,1,11,2026-01-24 07:30:00,delivery,30,Inventory received for purchase order 128
642,1,17,2026-01-24 07:30:00,delivery,72,Inventory received for purchase order 128
643,1,32,2026-01-24 07:30:00,delivery,108,Inventory received for purchase order 128
644,1,33,2026-01-24 07:30:00,delivery,65,Inventory received for purchase order 128
645,1,2,2026-01-24 07:30:00,delivery,60,Inventory received for purchase order 129
646,1,18,2026-01-24 07:30:00,delivery,48,Inventory received for purchase order 129
647,1,23,2026-01-24 07:30:00,delivery,40,Inventory received for purchase order 129
648,1,31,2026-01-24 07:30:00,delivery,60,Inventory received for purchase order 129
649,1,37,2026-01-24 07:30:00,delivery,72,Inventory received for purchase order 129
650,1,1,2026-01-24 07:30:00,delivery,72,Inventory received for purchase order 130
651,1,5,2026-01-24 07:30:00,delivery,56,Inventory received for purchase order 130
652,1,10,2026-01-24 07:30:00,delivery,96,Inventory received for purchase order 130
653,1,19,2026-01-24 07:30:00,delivery,60,Inventory received for purchase order 130
654,1,39,2026-01-24 07:30:00,delivery,40,Inventory received for purchase order 130
655,1,40,2026-01-24 07:30:00,delivery,72,Inventory received for purchase order 130
656,1,41,2026-01-25 07:30:00,delivery,72,Inventory received for purchase order 131
657,1,47,2026-01-25 07:30:00,delivery,64,Inventory received for purchase order 131
658,1,3,2026-02-02 07:30:00,delivery,80,Inventory received for purchase order 132
659,1,9,2026-02-02 07:30:00,delivery,60,Inventory received for purchase order 132
660,1,11,2026-02-02 07:30:00,delivery,60,Inventory received for purchase order 132
661,1,15,2026-02-02 07:30:00,delivery,48,Inventory received for purchase order 132
662,1,21,2026-02-02 07:30:00,delivery,72,Inventory received for purchase order 132
663,1,10,2026-01-30 07:30:00,delivery,56,Inventory received for purchase order 133
664,1,14,2026-01-30 07:30:00,delivery,48,Inventory received for purchase order 133
665,1,24,2026-01-30 07:30:00,delivery,40,Inventory received for purchase order 133
666,1,26,2026-01-30 07:30:00,delivery,36,Inventory received for purchase order 133
667,1,37,2026-01-30 07:30:00,delivery,32,Inventory received for purchase order 133
668,1,41,2026-01-30 07:30:00,delivery,102,Inventory received for purchase order 133
669,1,7,2026-01-31 07:30:00,delivery,72,Inventory received for purchase order 134
670,1,25,2026-01-31 07:30:00,delivery,60,Inventory received for purchase order 134
671,1,29,2026-01-31 07:30:00,delivery,48,Inventory received for purchase order 134
672,1,30,2026-01-31 07:30:00,delivery,72,Inventory received for purchase order 134
673,1,36,2026-01-31 07:30:00,delivery,70,Inventory received for purchase order 134
674,1,16,2026-01-31 07:30:00,delivery,48,Inventory received for purchase order 135
675,1,18,2026-01-31 07:30:00,delivery,54,Inventory received for purchase order 135
676,1,22,2026-01-31 07:30:00,delivery,66,Inventory received for purchase order 135
677,1,43,2026-01-31 07:30:00,delivery,80,Inventory received for purchase order 135
678,1,19,2026-01-31 07:30:00,delivery,69,Inventory received for purchase order 136
679,1,20,2026-01-31 07:30:00,delivery,48,Inventory received for purchase order 136
680,1,27,2026-01-31 07:30:00,delivery,69,Inventory received for purchase order 136
681,1,34,2026-01-31 07:30:00,delivery,68,Inventory received for purchase order 136
682,1,47,2026-01-31 07:30:00,delivery,57,Inventory received for purchase order 136
683,1,28,2026-02-01 07:30:00,delivery,42,Inventory received for purchase order 137
684,1,40,2026-02-01 07:30:00,delivery,32,Inventory received for purchase order 137
685,1,17,2026-02-02 07:30:00,delivery,72,Inventory received for purchase order 138
686,1,32,2026-02-02 07:30:00,delivery,66,Inventory received for purchase order 138
687,1,33,2026-02-02 07:30:00,delivery,42,Inventory received for purchase order 138
688,1,2,2026-01-30 07:30:00,delivery,60,Inventory received for purchase order 139
689,1,5,2026-01-30 07:30:00,delivery,108,Inventory received for purchase order 139
690,1,13,2026-01-30 07:30:00,delivery,72,Inventory received for purchase order 139
691,1,23,2026-01-30 07:30:00,delivery,56,Inventory received for purchase order 139
692,1,31,2026-01-30 07:30:00,delivery,48,Inventory received for purchase order 139
693,1,35,2026-01-30 07:30:00,delivery,96,Inventory received for purchase order 139
694,1,39,2026-01-31 07:30:00,delivery,60,Inventory received for purchase order 140
695,1,45,2026-01-31 07:30:00,delivery,96,Inventory received for purchase order 140
696,1,48,2026-01-31 07:30:00,delivery,20,Inventory received for purchase order 140
697,1,1,2026-01-31 07:30:00,delivery,108,Inventory received for purchase order 141
698,1,44,2026-01-31 07:30:00,delivery,60,Inventory received for purchase order 141
699,1,46,2026-01-31 07:30:00,delivery,48,Inventory received for purchase order 141
700,1,3,2026-02-07 07:30:00,delivery,60,Inventory received for purchase order 142
701,1,9,2026-02-07 07:30:00,delivery,80,Inventory received for purchase order 142
702,1,15,2026-02-07 07:30:00,delivery,48,Inventory received for purchase order 142
703,1,21,2026-02-07 07:30:00,delivery,80,Inventory received for purchase order 142
704,1,14,2026-02-08 07:30:00,delivery,24,Inventory received for purchase order 143
705,1,22,2026-02-08 07:30:00,delivery,54,Inventory received for purchase order 143
706,1,27,2026-02-08 07:30:00,delivery,108,Inventory received for purchase order 143
707,1,48,2026-02-08 07:30:00,delivery,72,Inventory received for purchase order 143
708,1,7,2026-02-09 07:30:00,delivery,36,Inventory received for purchase order 144
709,1,25,2026-02-09 07:30:00,delivery,72,Inventory received for purchase order 144
710,1,26,2026-02-09 07:30:00,delivery,108,Inventory received for purchase order 144
711,1,30,2026-02-09 07:30:00,delivery,36,Inventory received for purchase order 144
712,1,34,2026-02-06 07:30:00,delivery,80,Inventory received for purchase order 145
713,1,46,2026-02-06 07:30:00,delivery,48,Inventory received for purchase order 145
714,1,13,2026-02-07 07:30:00,delivery,40,Inventory received for purchase order 146
715,1,20,2026-02-07 07:30:00,delivery,70,Inventory received for purchase order 146
716,1,28,2026-02-07 07:30:00,delivery,64,Inventory received for purchase order 146
717,1,35,2026-02-07 07:30:00,delivery,40,Inventory received for purchase order 146
718,1,44,2026-02-07 07:30:00,delivery,71,Inventory received for purchase order 146
719,1,16,2026-02-07 07:30:00,delivery,100,Inventory received for purchase order 147
720,1,24,2026-02-07 07:30:00,delivery,96,Inventory received for purchase order 147
721,1,29,2026-02-07 07:30:00,delivery,80,Inventory received for purchase order 147
722,1,36,2026-02-07 07:30:00,delivery,72,Inventory received for purchase order 147
723,1,43,2026-02-07 07:30:00,delivery,96,Inventory received for purchase order 147
724,1,45,2026-02-07 07:30:00,delivery,40,Inventory received for purchase order 147
725,1,11,2026-02-07 07:30:00,delivery,36,Inventory received for purchase order 148
726,1,17,2026-02-07 07:30:00,delivery,48,Inventory received for purchase order 148
727,1,33,2026-02-07 07:30:00,delivery,84,Inventory received for purchase order 148
728,1,2,2026-02-08 07:30:00,delivery,80,Inventory received for purchase order 149
729,1,5,2026-02-08 07:30:00,delivery,36,Inventory received for purchase order 149
730,1,18,2026-02-08 07:30:00,delivery,72,Inventory received for purchase order 149
731,1,23,2026-02-08 07:30:00,delivery,96,Inventory received for purchase order 149
732,1,31,2026-02-08 07:30:00,delivery,60,Inventory received for purchase order 149
733,1,37,2026-02-08 07:30:00,delivery,72,Inventory received for purchase order 149
734,1,39,2026-02-09 07:30:00,delivery,70,Inventory received for purchase order 150
735,1,1,2026-02-06 07:30:00,delivery,72,Inventory received for purchase order 151
736,1,10,2026-02-06 07:30:00,delivery,72,Inventory received for purchase order 151
737,1,19,2026-02-06 07:30:00,delivery,70,Inventory received for purchase order 151
738,1,32,2026-02-06 07:30:00,delivery,80,Inventory received for purchase order 151
739,1,40,2026-02-06 07:30:00,delivery,72,Inventory received for purchase order 151
740,1,41,2026-02-06 07:30:00,delivery,64,Inventory received for purchase order 151
741,1,47,2026-02-07 07:30:00,delivery,56,Inventory received for purchase order 152
742,1,3,2026-02-14 07:30:00,delivery,57,Inventory received for purchase order 153
743,1,9,2026-02-14 07:30:00,delivery,67,Inventory received for purchase order 153
744,1,11,2026-02-14 07:30:00,delivery,57,Inventory received for purchase order 153
745,1,15,2026-02-14 07:30:00,delivery,93,Inventory received for purchase order 153
746,1,10,2026-02-14 07:30:00,delivery,80,Inventory received for purchase order 154
747,1,14,2026-02-14 07:30:00,delivery,72,Inventory received for purchase order 154
748,1,26,2026-02-14 07:30:00,delivery,84,Inventory received for purchase order 154
749,1,37,2026-02-14 07:30:00,delivery,32,Inventory received for purchase order 154
750,1,41,2026-02-14 07:30:00,delivery,72,Inventory received for purchase order 154
751,1,7,2026-02-15 07:30:00,delivery,72,Inventory received for purchase order 155
752,1,25,2026-02-15 07:30:00,delivery,60,Inventory received for purchase order 155
753,1,29,2026-02-15 07:30:00,delivery,96,Inventory received for purchase order 155
754,1,30,2026-02-15 07:30:00,delivery,36,Inventory received for purchase order 155
755,1,36,2026-02-15 07:30:00,delivery,79,Inventory received for purchase order 155
756,1,16,2026-02-16 07:30:00,delivery,48,Inventory received for purchase order 156
757,1,22,2026-02-16 07:30:00,delivery,54,Inventory received for purchase order 156
758,1,43,2026-02-16 07:30:00,delivery,70,Inventory received for purchase order 156
759,1,2,2026-02-13 07:30:00,delivery,96,Inventory received for purchase order 157
760,1,19,2026-02-13 07:30:00,delivery,72,Inventory received for purchase order 157
761,1,20,2026-02-13 07:30:00,delivery,40,Inventory received for purchase order 157
762,1,27,2026-02-13 07:30:00,delivery,54,Inventory received for purchase order 157
763,1,34,2026-02-13 07:30:00,delivery,72,Inventory received for purchase order 157
764,1,47,2026-02-13 07:30:00,delivery,60,Inventory received for purchase order 157
765,1,24,2026-02-14 07:30:00,delivery,24,Inventory received for purchase order 158
766,1,28,2026-02-14 07:30:00,delivery,90,Inventory received for purchase order 158
767,1,40,2026-02-14 07:30:00,delivery,48,Inventory received for purchase order 158
768,1,17,2026-02-14 07:30:00,delivery,72,Inventory received for purchase order 159
769,1,32,2026-02-14 07:30:00,delivery,66,Inventory received for purchase order 159
770,1,33,2026-02-14 07:30:00,delivery,66,Inventory received for purchase order 159
771,1,13,2026-02-14 07:30:00,delivery,36,Inventory received for purchase order 160
772,1,18,2026-02-14 07:30:00,delivery,56,Inventory received for purchase order 160
773,1,21,2026-02-14 07:30:00,delivery,72,Inventory received for purchase order 160
774,1,23,2026-02-14 07:30:00,delivery,48,Inventory received for purchase order 160
775,1,31,2026-02-14 07:30:00,delivery,84,Inventory received for purchase order 160
776,1,35,2026-02-14 07:30:00,delivery,48,Inventory received for purchase order 160
777,1,39,2026-02-15 07:30:00,delivery,40,Inventory received for purchase order 161
778,1,45,2026-02-15 07:30:00,delivery,60,Inventory received for purchase order 161
779,1,48,2026-02-15 07:30:00,delivery,50,Inventory received for purchase order 161
780,1,1,2026-02-16 07:30:00,delivery,36,Inventory received for purchase order 162
781,1,5,2026-02-16 07:30:00,delivery,64,Inventory received for purchase order 162
782,1,44,2026-02-16 07:30:00,delivery,70,Inventory received for purchase order 162
783,1,46,2026-02-16 07:30:00,delivery,48,Inventory received for purchase order 162
784,1,3,2026-02-20 07:30:00,delivery,20,Inventory received for purchase order 163
785,1,9,2026-02-20 07:30:00,delivery,60,Inventory received for purchase order 163
786,1,15,2026-02-20 07:30:00,delivery,48,Inventory received for purchase order 163
787,1,21,2026-02-20 07:30:00,delivery,56,Inventory received for purchase order 163
788,1,2,2026-02-21 07:30:00,delivery,60,Inventory received for purchase order 164
789,1,7,2026-02-21 07:30:00,delivery,16,Inventory received for purchase order 164
790,1,14,2026-02-21 07:30:00,delivery,96,Inventory received for purchase order 164
791,1,22,2026-02-21 07:30:00,delivery,54,Inventory received for purchase order 164
792,1,27,2026-02-21 07:30:00,delivery,71,Inventory received for purchase order 164
793,1,48,2026-02-21 07:30:00,delivery,48,Inventory received for purchase order 164
794,1,25,2026-02-21 07:30:00,delivery,72,Inventory received for purchase order 165
795,1,30,2026-02-21 07:30:00,delivery,72,Inventory received for purchase order 165
796,1,34,2026-02-21 07:30:00,delivery,40,Inventory received for purchase order 166
797,1,46,2026-02-21 07:30:00,delivery,96,Inventory received for purchase order 166
798,1,13,2026-02-22 07:30:00,delivery,40,Inventory received for purchase order 167
799,1,20,2026-02-22 07:30:00,delivery,70,Inventory received for purchase order 167
800,1,28,2026-02-22 07:30:00,delivery,80,Inventory received for purchase order 167
801,1,35,2026-02-22 07:30:00,delivery,80,Inventory received for purchase order 167
802,1,44,2026-02-22 07:30:00,delivery,72,Inventory received for purchase order 167
803,1,47,2026-02-22 07:30:00,delivery,60,Inventory received for purchase order 167
804,1,16,2026-02-23 07:30:00,delivery,40,Inventory received for purchase order 168
805,1,24,2026-02-23 07:30:00,delivery,96,Inventory received for purchase order 168
806,1,26,2026-02-23 07:30:00,delivery,40,Inventory received for purchase order 168
807,1,29,2026-02-23 07:30:00,delivery,20,Inventory received for purchase order 168
808,1,36,2026-02-23 07:30:00,delivery,40,Inventory received for purchase order 168
809,1,43,2026-02-23 07:30:00,delivery,72,Inventory received for purchase order 168
810,1,45,2026-02-20 07:30:00,delivery,64,Inventory received for purchase order 169
811,1,11,2026-02-21 07:30:00,delivery,57,Inventory received for purchase order 170
812,1,17,2026-02-21 07:30:00,delivery,46,Inventory received for purchase order 170
813,1,32,2026-02-21 07:30:00,delivery,52,Inventory received for purchase order 170
814,1,33,2026-02-21 07:30:00,delivery,46,Inventory received for purchase order 170
815,1,18,2026-02-21 07:30:00,delivery,72,Inventory received for purchase order 171
816,1,23,2026-02-21 07:30:00,delivery,56,Inventory received for purchase order 171
817,1,31,2026-02-21 07:30:00,delivery,60,Inventory received for purchase order 171
818,1,37,2026-02-21 07:30:00,delivery,72,Inventory received for purchase order 171
819,1,39,2026-02-21 07:30:00,delivery,50,Inventory received for purchase order 171
820,1,1,2026-02-21 07:30:00,delivery,108,Inventory received for purchase order 172
821,1,5,2026-02-21 07:30:00,delivery,24,Inventory received for purchase order 172
822,1,10,2026-02-21 07:30:00,delivery,48,Inventory received for purchase order 172
823,1,19,2026-02-21 07:30:00,delivery,40,Inventory received for purchase order 172
824,1,40,2026-02-21 07:30:00,delivery,48,Inventory received for purchase order 172
825,1,41,2026-02-21 07:30:00,delivery,56,Inventory received for purchase order 172
826,1,3,2026-03-01 07:30:00,delivery,60,Inventory received for purchase order 173
827,1,9,2026-03-01 07:30:00,delivery,70,Inventory received for purchase order 173
828,1,11,2026-03-01 07:30:00,delivery,80,Inventory received for purchase order 173
829,1,15,2026-03-01 07:30:00,delivery,47,Inventory received for purchase order 173
830,1,20,2026-03-01 07:30:00,delivery,72,Inventory received for purchase order 173
831,1,21,2026-03-01 07:30:00,delivery,96,Inventory received for purchase order 173
832,1,10,2026-03-02 07:30:00,delivery,48,Inventory received for purchase order 174
833,1,14,2026-03-02 07:30:00,delivery,24,Inventory received for purchase order 174
834,1,24,2026-03-02 07:30:00,delivery,20,Inventory received for purchase order 174
835,1,26,2026-03-02 07:30:00,delivery,72,Inventory received for purchase order 174
836,1,41,2026-03-02 07:30:00,delivery,54,Inventory received for purchase order 174
837,1,7,2026-02-27 07:30:00,delivery,108,Inventory received for purchase order 175
838,1,25,2026-02-27 07:30:00,delivery,24,Inventory received for purchase order 175
839,1,30,2026-02-27 07:30:00,delivery,72,Inventory received for purchase order 175
840,1,36,2026-02-27 07:30:00,delivery,70,Inventory received for purchase order 175
841,1,16,2026-02-28 07:30:00,delivery,60,Inventory received for purchase order 176
842,1,18,2026-02-28 07:30:00,delivery,72,Inventory received for purchase order 176
843,1,22,2026-02-28 07:30:00,delivery,66,Inventory received for purchase order 176
844,1,43,2026-02-28 07:30:00,delivery,40,Inventory received for purchase order 176
845,1,19,2026-02-28 07:30:00,delivery,72,Inventory received for purchase order 177
846,1,27,2026-02-28 07:30:00,delivery,54,Inventory received for purchase order 177
847,1,34,2026-02-28 07:30:00,delivery,60,Inventory received for purchase order 177
848,1,47,2026-02-28 07:30:00,delivery,60,Inventory received for purchase order 177
849,1,28,2026-02-28 07:30:00,delivery,36,Inventory received for purchase order 178
850,1,29,2026-02-28 07:30:00,delivery,60,Inventory received for purchase order 178
851,1,40,2026-02-28 07:30:00,delivery,40,Inventory received for purchase order 178
852,1,17,2026-03-01 07:30:00,delivery,96,Inventory received for purchase order 179
853,1,33,2026-03-01 07:30:00,delivery,84,Inventory received for purchase order 179
854,1,37,2026-03-01 07:30:00,delivery,48,Inventory received for purchase order 179
855,1,2,2026-03-02 07:30:00,delivery,40,Inventory received for purchase order 180
856,1,5,2026-03-02 07:30:00,delivery,108,Inventory received for purchase order 180
857,1,13,2026-03-02 07:30:00,delivery,72,Inventory received for purchase order 180
858,1,23,2026-03-02 07:30:00,delivery,72,Inventory received for purchase order 180
859,1,31,2026-03-02 07:30:00,delivery,72,Inventory received for purchase order 180
860,1,35,2026-03-02 07:30:00,delivery,96,Inventory received for purchase order 180
861,1,39,2026-02-27 07:30:00,delivery,80,Inventory received for purchase order 181
862,1,45,2026-02-27 07:30:00,delivery,60,Inventory received for purchase order 181
863,1,48,2026-02-27 07:30:00,delivery,60,Inventory received for purchase order 181
864,1,1,2026-02-28 07:30:00,delivery,36,Inventory received for purchase order 182
865,1,32,2026-02-28 07:30:00,delivery,80,Inventory received for purchase order 182
866,1,44,2026-02-28 07:30:00,delivery,49,Inventory received for purchase order 182
867,1,46,2026-02-28 07:30:00,delivery,72,Inventory received for purchase order 182
868,1,3,2026-03-07 07:30:00,delivery,80,Inventory received for purchase order 183
869,1,9,2026-03-07 07:30:00,delivery,60,Inventory received for purchase order 183
870,1,15,2026-03-07 07:30:00,delivery,48,Inventory received for purchase order 183
871,1,20,2026-03-07 07:30:00,delivery,72,Inventory received for purchase order 183
872,1,21,2026-03-07 07:30:00,delivery,56,Inventory received for purchase order 183
873,1,7,2026-03-07 07:30:00,delivery,32,Inventory received for purchase order 184
874,1,14,2026-03-07 07:30:00,delivery,72,Inventory received for purchase order 184
875,1,22,2026-03-07 07:30:00,delivery,66,Inventory received for purchase order 184
876,1,24,2026-03-07 07:30:00,delivery,50,Inventory received for purchase order 184
877,1,48,2026-03-07 07:30:00,delivery,48,Inventory received for purchase order 184
878,1,25,2026-03-08 07:30:00,delivery,72,Inventory received for purchase order 185
879,1,26,2026-03-08 07:30:00,delivery,72,Inventory received for purchase order 185
880,1,30,2026-03-08 07:30:00,delivery,72,Inventory received for purchase order 185
881,1,34,2026-03-09 07:30:00,delivery,60,Inventory received for purchase order 186
882,1,46,2026-03-09 07:30:00,delivery,48,Inventory received for purchase order 186
883,1,13,2026-03-06 07:30:00,delivery,57,Inventory received for purchase order 187
884,1,27,2026-03-06 07:30:00,delivery,46,Inventory received for purchase order 187
885,1,28,2026-03-06 07:30:00,delivery,54,Inventory received for purchase order 187
886,1,35,2026-03-06 07:30:00,delivery,38,Inventory received for purchase order 187
887,1,44,2026-03-06 07:30:00,delivery,69,Inventory received for purchase order 187
888,1,16,2026-03-07 07:30:00,delivery,60,Inventory received for purchase order 188
889,1,29,2026-03-07 07:30:00,delivery,80,Inventory received for purchase order 188
890,1,36,2026-03-07 07:30:00,delivery,56,Inventory received for purchase order 188
891,1,43,2026-03-07 07:30:00,delivery,96,Inventory received for purchase order 188
892,1,45,2026-03-07 07:30:00,delivery,64,Inventory received for purchase order 188
893,1,11,2026-03-07 07:30:00,delivery,42,Inventory received for purchase order 189
894,1,17,2026-03-07 07:30:00,delivery,72,Inventory received for purchase order 189
895,1,33,2026-03-07 07:30:00,delivery,72,Inventory received for purchase order 189
896,1,2,2026-03-07 07:30:00,delivery,80,Inventory received for purchase order 190
897,1,18,2026-03-07 07:30:00,delivery,48,Inventory received for purchase order 190
898,1,23,2026-03-07 07:30:00,delivery,72,Inventory received for purchase order 190
899,1,31,2026-03-07 07:30:00,delivery,60,Inventory received for purchase order 190
900,1,37,2026-03-07 07:30:00,delivery,72,Inventory received for purchase order 190
901,1,1,2026-03-08 07:30:00,delivery,72,Inventory received for purchase order 191
902,1,5,2026-03-08 07:30:00,delivery,48,Inventory received for purchase order 191
903,1,10,2026-03-08 07:30:00,delivery,71,Inventory received for purchase order 191
904,1,19,2026-03-08 07:30:00,delivery,40,Inventory received for purchase order 191
905,1,32,2026-03-08 07:30:00,delivery,40,Inventory received for purchase order 191
906,1,39,2026-03-08 07:30:00,delivery,60,Inventory received for purchase order 191
907,1,40,2026-03-09 07:30:00,delivery,96,Inventory received for purchase order 192
908,1,41,2026-03-09 07:30:00,delivery,72,Inventory received for purchase order 192
909,1,47,2026-03-09 07:30:00,delivery,48,Inventory received for purchase order 192
910,1,3,2026-03-13 07:30:00,delivery,60,Inventory received for purchase order 193
911,1,9,2026-03-13 07:30:00,delivery,50,Inventory received for purchase order 193
912,1,11,2026-03-13 07:30:00,delivery,80,Inventory received for purchase order 193
913,1,15,2026-03-13 07:30:00,delivery,96,Inventory received for purchase order 193
914,1,10,2026-03-14 07:30:00,delivery,80,Inventory received for purchase order 194
915,1,14,2026-03-14 07:30:00,delivery,48,Inventory received for purchase order 194
916,1,24,2026-03-14 07:30:00,delivery,50,Inventory received for purchase order 194
917,1,26,2026-03-14 07:30:00,delivery,48,Inventory received for purchase order 194
918,1,27,2026-03-14 07:30:00,delivery,72,Inventory received for purchase order 194
919,1,37,2026-03-14 07:30:00,delivery,64,Inventory received for purchase order 194
920,1,41,2026-03-14 07:30:00,delivery,60,Inventory received for purchase order 195
921,1,7,2026-03-14 07:30:00,delivery,72,Inventory received for purchase order 196
922,1,25,2026-03-14 07:30:00,delivery,48,Inventory received for purchase order 196
923,1,29,2026-03-14 07:30:00,delivery,96,Inventory received for purchase order 196
924,1,30,2026-03-14 07:30:00,delivery,36,Inventory received for purchase order 196
925,1,36,2026-03-14 07:30:00,delivery,60,Inventory received for purchase order 196
926,1,16,2026-03-15 07:30:00,delivery,36,Inventory received for purchase order 197
927,1,18,2026-03-15 07:30:00,delivery,54,Inventory received for purchase order 197
928,1,22,2026-03-15 07:30:00,delivery,54,Inventory received for purchase order 197
929,1,43,2026-03-15 07:30:00,delivery,70,Inventory received for purchase order 197
930,1,19,2026-03-16 07:30:00,delivery,72,Inventory received for purchase order 198
931,1,20,2026-03-16 07:30:00,delivery,40,Inventory received for purchase order 198
932,1,34,2026-03-16 07:30:00,delivery,48,Inventory received for purchase order 198
933,1,47,2026-03-16 07:30:00,delivery,80,Inventory received for purchase order 198
934,1,28,2026-03-13 07:30:00,delivery,102,Inventory received for purchase order 199
935,1,40,2026-03-13 07:30:00,delivery,56,Inventory received for purchase order 199
936,1,17,2026-03-14 07:30:00,delivery,72,Inventory received for purchase order 200
937,1,33,2026-03-14 07:30:00,delivery,66,Inventory received for purchase order 200
938,1,2,2026-03-14 07:30:00,delivery,60,Inventory received for purchase order 201
939,1,5,2026-03-14 07:30:00,delivery,72,Inventory received for purchase order 201
940,1,13,2026-03-14 07:30:00,delivery,71,Inventory received for purchase order 201
941,1,21,2026-03-14 07:30:00,delivery,96,Inventory received for purchase order 201
942,1,23,2026-03-14 07:30:00,delivery,80,Inventory received for purchase order 201
943,1,31,2026-03-14 07:30:00,delivery,72,Inventory received for purchase order 201
944,1,35,2026-03-14 07:30:00,delivery,48,Inventory received for purchase order 202
945,1,39,2026-03-14 07:30:00,delivery,40,Inventory received for purchase order 202
946,1,45,2026-03-14 07:30:00,delivery,84,Inventory received for purchase order 202
947,1,48,2026-03-14 07:30:00,delivery,50,Inventory received for purchase order 202
948,1,1,2026-03-15 07:30:00,delivery,72,Inventory received for purchase order 203
949,1,32,2026-03-15 07:30:00,delivery,80,Inventory received for purchase order 203
950,1,44,2026-03-15 07:30:00,delivery,30,Inventory received for purchase order 203
951,1,46,2026-03-15 07:30:00,delivery,72,Inventory received for purchase order 203
952,1,3,2026-03-23 07:30:00,delivery,57,Inventory received for purchase order 204
953,1,9,2026-03-23 07:30:00,delivery,57,Inventory received for purchase order 204
954,1,15,2026-03-23 07:30:00,delivery,46,Inventory received for purchase order 204
955,1,20,2026-03-23 07:30:00,delivery,105,Inventory received for purchase order 204
956,1,21,2026-03-23 07:30:00,delivery,38,Inventory received for purchase order 204
957,1,2,2026-03-20 07:30:00,delivery,40,Inventory received for purchase order 205
958,1,7,2026-03-20 07:30:00,delivery,40,Inventory received for purchase order 205
959,1,14,2026-03-20 07:30:00,delivery,48,Inventory received for purchase order 205
960,1,22,2026-03-20 07:30:00,delivery,96,Inventory received for purchase order 205
961,1,27,2026-03-20 07:30:00,delivery,36,Inventory received for purchase order 205
962,1,48,2026-03-20 07:30:00,delivery,72,Inventory received for purchase order 205
963,1,25,2026-03-21 07:30:00,delivery,48,Inventory received for purchase order 206
964,1,30,2026-03-21 07:30:00,delivery,72,Inventory received for purchase order 206
965,1,34,2026-03-21 07:30:00,delivery,60,Inventory received for purchase order 207
966,1,46,2026-03-21 07:30:00,delivery,72,Inventory received for purchase order 207
967,1,13,2026-03-21 07:30:00,delivery,40,Inventory received for purchase order 208
968,1,28,2026-03-21 07:30:00,delivery,64,Inventory received for purchase order 208
969,1,35,2026-03-21 07:30:00,delivery,80,Inventory received for purchase order 208
970,1,44,2026-03-21 07:30:00,delivery,72,Inventory received for purchase order 208
971,1,16,2026-03-22 07:30:00,delivery,80,Inventory received for purchase order 209
972,1,24,2026-03-22 07:30:00,delivery,48,Inventory received for purchase order 209
973,1,26,2026-03-22 07:30:00,delivery,80,Inventory received for purchase order 209
974,1,29,2026-03-22 07:30:00,delivery,20,Inventory received for purchase order 209
975,1,36,2026-03-22 07:30:00,delivery,56,Inventory received for purchase order 209
976,1,43,2026-03-22 07:30:00,delivery,72,Inventory received for purchase order 209
977,1,45,2026-03-23 07:30:00,delivery,55,Inventory received for purchase order 210
978,1,11,2026-03-20 07:30:00,delivery,78,Inventory received for purchase order 211
979,1,17,2026-03-20 07:30:00,delivery,96,Inventory received for purchase order 211
980,1,32,2026-03-20 07:30:00,delivery,72,Inventory received for purchase order 211
981,1,33,2026-03-20 07:30:00,delivery,84,Inventory received for purchase order 211
982,1,5,2026-03-21 07:30:00,delivery,36,Inventory received for purchase order 212
983,1,18,2026-03-21 07:30:00,delivery,56,Inventory received for purchase order 212
984,1,23,2026-03-21 07:30:00,delivery,56,Inventory received for purchase order 212
985,1,31,2026-03-21 07:30:00,delivery,60,Inventory received for purchase order 212
986,1,37,2026-03-21 07:30:00,delivery,72,Inventory received for purchase order 212
987,1,1,2026-03-21 07:30:00,delivery,72,Inventory received for purchase order 213
988,1,10,2026-03-21 07:30:00,delivery,96,Inventory received for purchase order 213
989,1,19,2026-03-21 07:30:00,delivery,60,Inventory received for purchase order 213
990,1,39,2026-03-21 07:30:00,delivery,80,Inventory received for purchase order 213
991,1,40,2026-03-21 07:30:00,delivery,72,Inventory received for purchase order 213
992,1,41,2026-03-21 07:30:00,delivery,80,Inventory received for purchase order 213
993,1,47,2026-03-21 07:30:00,delivery,64,Inventory received for purchase order 214
994,1,3,2026-03-29 07:30:00,delivery,100,Inventory received for purchase order 215
995,1,9,2026-03-29 07:30:00,delivery,50,Inventory received for purchase order 215
996,1,11,2026-03-29 07:30:00,delivery,60,Inventory received for purchase order 215
997,1,15,2026-03-29 07:30:00,delivery,48,Inventory received for purchase order 215
998,1,10,2026-03-30 07:30:00,delivery,32,Inventory received for purchase order 216
999,1,14,2026-03-30 07:30:00,delivery,72,Inventory received for purchase order 216
1000,1,24,2026-03-30 07:30:00,delivery,60,Inventory received for purchase order 216
1001,1,26,2026-03-30 07:30:00,delivery,48,Inventory received for purchase order 216
1002,1,37,2026-03-30 07:30:00,delivery,40,Inventory received for purchase order 216
1003,1,41,2026-03-30 07:30:00,delivery,60,Inventory received for purchase order 216
1004,1,7,2026-03-27 07:30:00,delivery,72,Inventory received for purchase order 217
1005,1,25,2026-03-27 07:30:00,delivery,84,Inventory received for purchase order 217
1006,1,29,2026-03-27 07:30:00,delivery,48,Inventory received for purchase order 217
1007,1,30,2026-03-27 07:30:00,delivery,72,Inventory received for purchase order 217
1008,1,36,2026-03-27 07:30:00,delivery,60,Inventory received for purchase order 217
1009,1,16,2026-03-28 07:30:00,delivery,60,Inventory received for purchase order 218
1010,1,18,2026-03-28 07:30:00,delivery,78,Inventory received for purchase order 218
1011,1,22,2026-03-28 07:30:00,delivery,84,Inventory received for purchase order 218
1012,1,43,2026-03-28 07:30:00,delivery,60,Inventory received for purchase order 218
1013,1,19,2026-03-28 07:30:00,delivery,72,Inventory received for purchase order 219
1014,1,20,2026-03-28 07:30:00,delivery,49,Inventory received for purchase order 219
1015,1,27,2026-03-28 07:30:00,delivery,60,Inventory received for purchase order 219
1016,1,34,2026-03-28 07:30:00,delivery,60,Inventory received for purchase order 219
1017,1,28,2026-03-28 07:30:00,delivery,54,Inventory received for purchase order 220
1018,1,40,2026-03-28 07:30:00,delivery,64,Inventory received for purchase order 220
1019,1,17,2026-03-29 07:30:00,delivery,23,Inventory received for purchase order 221
1020,1,33,2026-03-29 07:30:00,delivery,81,Inventory received for purchase order 221
1021,1,2,2026-03-30 07:30:00,delivery,60,Inventory received for purchase order 222
1022,1,5,2026-03-30 07:30:00,delivery,108,Inventory received for purchase order 222
1023,1,13,2026-03-30 07:30:00,delivery,72,Inventory received for purchase order 222
1024,1,21,2026-03-30 07:30:00,delivery,72,Inventory received for purchase order 222
1025,1,23,2026-03-30 07:30:00,delivery,56,Inventory received for purchase order 222
1026,1,35,2026-03-30 07:30:00,delivery,48,Inventory received for purchase order 222
1027,1,45,2026-03-27 07:30:00,delivery,60,Inventory received for purchase order 223
1028,1,48,2026-03-27 07:30:00,delivery,40,Inventory received for purchase order 223
1029,1,1,2026-03-28 07:30:00,delivery,36,Inventory received for purchase order 224
1030,1,31,2026-03-28 07:30:00,delivery,72,Inventory received for purchase order 224
1031,1,32,2026-03-28 07:30:00,delivery,60,Inventory received for purchase order 224
1032,1,39,2026-03-28 07:30:00,delivery,60,Inventory received for purchase order 224
1033,1,44,2026-03-28 07:30:00,delivery,40,Inventory received for purchase order 224
1034,1,46,2026-03-28 07:30:00,delivery,48,Inventory received for purchase order 224
1035,1,47,2026-03-28 07:30:00,delivery,64,Inventory received for purchase order 225
1036,1,3,2026-04-04 07:30:00,delivery,60,Inventory received for purchase order 226
1037,1,9,2026-04-04 07:30:00,delivery,50,Inventory received for purchase order 226
1038,1,15,2026-04-04 07:30:00,delivery,48,Inventory received for purchase order 226
1039,1,21,2026-04-04 07:30:00,delivery,56,Inventory received for purchase order 226
1040,1,7,2026-04-05 07:30:00,delivery,56,Inventory received for purchase order 227
1041,1,14,2026-04-05 07:30:00,delivery,72,Inventory received for purchase order 227
1042,1,22,2026-04-05 07:30:00,delivery,36,Inventory received for purchase order 227
1043,1,27,2026-04-05 07:30:00,delivery,72,Inventory received for purchase order 227
1044,1,48,2026-04-05 07:30:00,delivery,48,Inventory received for purchase order 227
1045,1,25,2026-04-06 07:30:00,delivery,48,Inventory received for purchase order 228
1046,1,26,2026-04-06 07:30:00,delivery,108,Inventory received for purchase order 228
1047,1,30,2026-04-06 07:30:00,delivery,36,Inventory received for purchase order 228
1048,1,34,2026-04-03 07:30:00,delivery,40,Inventory received for purchase order 229
1049,1,46,2026-04-03 07:30:00,delivery,72,Inventory received for purchase order 229
1050,1,13,2026-04-04 07:30:00,delivery,20,Inventory received for purchase order 230
1051,1,20,2026-04-04 07:30:00,delivery,69,Inventory received for purchase order 230
1052,1,28,2026-04-04 07:30:00,delivery,88,Inventory received for purchase order 230
1053,1,35,2026-04-04 07:30:00,delivery,40,Inventory received for purchase order 230
1054,1,44,2026-04-04 07:30:00,delivery,72,Inventory received for purchase order 230
1055,1,16,2026-04-04 07:30:00,delivery,60,Inventory received for purchase order 231
1056,1,24,2026-04-04 07:30:00,delivery,72,Inventory received for purchase order 231
1057,1,29,2026-04-04 07:30:00,delivery,60,Inventory received for purchase order 231
1058,1,36,2026-04-04 07:30:00,delivery,72,Inventory received for purchase order 231
1059,1,43,2026-04-04 07:30:00,delivery,72,Inventory received for purchase order 231
1060,1,45,2026-04-04 07:30:00,delivery,48,Inventory received for purchase order 231
1061,1,11,2026-04-04 07:30:00,delivery,66,Inventory received for purchase order 232
1062,1,17,2026-04-04 07:30:00,delivery,48,Inventory received for purchase order 232
1063,1,33,2026-04-04 07:30:00,delivery,42,Inventory received for purchase order 232
1064,1,2,2026-04-05 07:30:00,delivery,100,Inventory received for purchase order 233
1065,1,18,2026-04-05 07:30:00,delivery,72,Inventory received for purchase order 233
1066,1,23,2026-04-05 07:30:00,delivery,64,Inventory received for purchase order 233
1067,1,37,2026-04-05 07:30:00,delivery,72,Inventory received for purchase order 233
1068,1,1,2026-04-06 07:30:00,delivery,108,Inventory received for purchase order 234
1069,1,5,2026-04-06 07:30:00,delivery,40,Inventory received for purchase order 234
1070,1,10,2026-04-06 07:30:00,delivery,72,Inventory received for purchase order 234
1071,1,19,2026-04-06 07:30:00,delivery,50,Inventory received for purchase order 234
1072,1,31,2026-04-06 07:30:00,delivery,48,Inventory received for purchase order 234
1073,1,32,2026-04-06 07:30:00,delivery,60,Inventory received for purchase order 234
1074,1,39,2026-04-03 07:30:00,delivery,40,Inventory received for purchase order 235
1075,1,40,2026-04-03 07:30:00,delivery,72,Inventory received for purchase order 235
1076,1,41,2026-04-03 07:30:00,delivery,56,Inventory received for purchase order 235
1077,1,47,2026-04-03 07:30:00,delivery,32,Inventory received for purchase order 235
1078,1,3,2026-04-11 07:30:00,delivery,60,Inventory received for purchase order 236
1079,1,9,2026-04-11 07:30:00,delivery,70,Inventory received for purchase order 236
1080,1,11,2026-04-11 07:30:00,delivery,60,Inventory received for purchase order 236
1081,1,15,2026-04-11 07:30:00,delivery,96,Inventory received for purchase order 236
1082,1,10,2026-04-11 07:30:00,delivery,24,Inventory received for purchase order 237
1083,1,14,2026-04-11 07:30:00,delivery,48,Inventory received for purchase order 237
1084,1,24,2026-04-11 07:30:00,delivery,40,Inventory received for purchase order 237
1085,1,26,2026-04-11 07:30:00,delivery,42,Inventory received for purchase order 237
1086,1,37,2026-04-11 07:30:00,delivery,64,Inventory received for purchase order 237
1087,1,41,2026-04-11 07:30:00,delivery,60,Inventory received for purchase order 237
1088,1,7,2026-04-11 07:30:00,delivery,68,Inventory received for purchase order 238
1089,1,25,2026-04-11 07:30:00,delivery,57,Inventory received for purchase order 238
1090,1,29,2026-04-11 07:30:00,delivery,93,Inventory received for purchase order 238
1091,1,30,2026-04-11 07:30:00,delivery,69,Inventory received for purchase order 238
1092,1,36,2026-04-11 07:30:00,delivery,77,Inventory received for purchase order 238
1093,1,16,2026-04-12 07:30:00,delivery,84,Inventory received for purchase order 239
1094,1,18,2026-04-12 07:30:00,delivery,54,Inventory received for purchase order 239
1095,1,22,2026-04-12 07:30:00,delivery,66,Inventory received for purchase order 239
1096,1,43,2026-04-12 07:30:00,delivery,50,Inventory received for purchase order 239
1097,1,2,2026-04-13 07:30:00,delivery,72,Inventory received for purchase order 240
1098,1,19,2026-04-13 07:30:00,delivery,72,Inventory received for purchase order 240
1099,1,20,2026-04-13 07:30:00,delivery,50,Inventory received for purchase order 240
1100,1,27,2026-04-13 07:30:00,delivery,60,Inventory received for purchase order 240
1101,1,34,2026-04-13 07:30:00,delivery,60,Inventory received for purchase order 240
1102,1,47,2026-04-13 07:30:00,delivery,80,Inventory received for purchase order 240
1103,1,28,2026-04-10 07:30:00,delivery,36,Inventory received for purchase order 241
1104,1,40,2026-04-10 07:30:00,delivery,48,Inventory received for purchase order 241
1105,1,17,2026-04-11 07:30:00,delivery,48,Inventory received for purchase order 242
1106,1,33,2026-04-11 07:30:00,delivery,54,Inventory received for purchase order 242
1107,1,13,2026-04-11 07:30:00,delivery,108,Inventory received for purchase order 243
1108,1,21,2026-04-11 07:30:00,delivery,96,Inventory received for purchase order 243
1109,1,23,2026-04-11 07:30:00,delivery,80,Inventory received for purchase order 243
1110,1,35,2026-04-11 07:30:00,delivery,96,Inventory received for purchase order 243
1111,1,45,2026-04-11 07:30:00,delivery,60,Inventory received for purchase order 243
1112,1,48,2026-04-11 07:30:00,delivery,50,Inventory received for purchase order 243
1113,1,1,2026-04-11 07:30:00,delivery,36,Inventory received for purchase order 244
1114,1,5,2026-04-11 07:30:00,delivery,64,Inventory received for purchase order 244
1115,1,31,2026-04-11 07:30:00,delivery,72,Inventory received for purchase order 244
1116,1,32,2026-04-11 07:30:00,delivery,40,Inventory received for purchase order 244
1117,1,39,2026-04-11 07:30:00,delivery,80,Inventory received for purchase order 244
1118,1,44,2026-04-11 07:30:00,delivery,40,Inventory received for purchase order 244
1119,1,46,2026-04-12 07:30:00,delivery,48,Inventory received for purchase order 245
1120,1,3,2026-04-20 07:30:00,delivery,60,Inventory received for purchase order 246
1121,1,9,2026-04-20 07:30:00,delivery,60,Inventory received for purchase order 246
1122,1,15,2026-04-20 07:30:00,delivery,48,Inventory received for purchase order 246
1123,1,2,2026-04-17 07:30:00,delivery,60,Inventory received for purchase order 247
1124,1,7,2026-04-17 07:30:00,delivery,64,Inventory received for purchase order 247
1125,1,14,2026-04-17 07:30:00,delivery,95,Inventory received for purchase order 247
1126,1,22,2026-04-17 07:30:00,delivery,66,Inventory received for purchase order 247
1127,1,24,2026-04-17 07:30:00,delivery,80,Inventory received for purchase order 247
1128,1,27,2026-04-17 07:30:00,delivery,72,Inventory received for purchase order 247
1129,1,48,2026-04-18 07:30:00,delivery,72,Inventory received for purchase order 248
1130,1,25,2026-04-18 07:30:00,delivery,60,Inventory received for purchase order 249
1131,1,30,2026-04-18 07:30:00,delivery,72,Inventory received for purchase order 249
1132,1,34,2026-04-18 07:30:00,delivery,60,Inventory received for purchase order 250
1133,1,44,2026-04-18 07:30:00,delivery,96,Inventory received for purchase order 250
1134,1,46,2026-04-18 07:30:00,delivery,72,Inventory received for purchase order 250
1135,1,13,2026-04-19 07:30:00,delivery,40,Inventory received for purchase order 251
1136,1,20,2026-04-19 07:30:00,delivery,100,Inventory received for purchase order 251
1137,1,28,2026-04-19 07:30:00,delivery,88,Inventory received for purchase order 251
1138,1,35,2026-04-19 07:30:00,delivery,40,Inventory received for purchase order 251
1139,1,16,2026-04-20 07:30:00,delivery,80,Inventory received for purchase order 252
1140,1,26,2026-04-20 07:30:00,delivery,80,Inventory received for purchase order 252
1141,1,29,2026-04-20 07:30:00,delivery,20,Inventory received for purchase order 252
1142,1,36,2026-04-20 07:30:00,delivery,72,Inventory received for purchase order 252
1143,1,43,2026-04-20 07:30:00,delivery,48,Inventory received for purchase order 252
1144,1,45,2026-04-20 07:30:00,delivery,96,Inventory received for purchase order 252
1145,1,11,2026-04-17 07:30:00,delivery,78,Inventory received for purchase order 253
1146,1,17,2026-04-17 07:30:00,delivery,72,Inventory received for purchase order 253
1147,1,32,2026-04-17 07:30:00,delivery,72,Inventory received for purchase order 253
1148,1,33,2026-04-17 07:30:00,delivery,84,Inventory received for purchase order 253
1149,1,37,2026-04-17 07:30:00,delivery,48,Inventory received for purchase order 253
1150,1,18,2026-04-18 07:30:00,delivery,80,Inventory received for purchase order 254
1151,1,21,2026-04-18 07:30:00,delivery,48,Inventory received for purchase order 254
1152,1,23,2026-04-18 07:30:00,delivery,80,Inventory received for purchase order 254
1153,1,31,2026-04-18 07:30:00,delivery,60,Inventory received for purchase order 254
1154,1,1,2026-04-18 07:30:00,delivery,69,Inventory received for purchase order 255
1155,1,5,2026-04-18 07:30:00,delivery,54,Inventory received for purchase order 255
1156,1,10,2026-04-18 07:30:00,delivery,69,Inventory received for purchase order 255
1157,1,19,2026-04-18 07:30:00,delivery,38,Inventory received for purchase order 255
1158,1,39,2026-04-18 07:30:00,delivery,57,Inventory received for purchase order 255
1159,1,40,2026-04-18 07:30:00,delivery,69,Inventory received for purchase order 255
1160,1,41,2026-04-18 07:30:00,delivery,64,Inventory received for purchase order 256
1161,1,47,2026-04-18 07:30:00,delivery,48,Inventory received for purchase order 256
1162,1,3,2026-04-26 07:30:00,delivery,79,Inventory received for purchase order 257
1163,1,9,2026-04-26 07:30:00,delivery,60,Inventory received for purchase order 257
1164,1,11,2026-04-26 07:30:00,delivery,80,Inventory received for purchase order 257
1165,1,15,2026-04-26 07:30:00,delivery,48,Inventory received for purchase order 257
1166,1,20,2026-04-26 07:30:00,delivery,72,Inventory received for purchase order 257
1167,1,7,2026-04-27 07:30:00,delivery,72,Inventory received for purchase order 258
1168,1,10,2026-04-27 07:30:00,delivery,24,Inventory received for purchase order 258
1169,1,14,2026-04-27 07:30:00,delivery,24,Inventory received for purchase order 258
1170,1,26,2026-04-27 07:30:00,delivery,72,Inventory received for purchase order 258
1171,1,27,2026-04-27 07:30:00,delivery,72,Inventory received for purchase order 258
1172,1,41,2026-04-27 07:30:00,delivery,84,Inventory received for purchase order 258
1173,1,25,2026-04-24 07:30:00,delivery,48,Inventory received for purchase order 259
1174,1,29,2026-04-24 07:30:00,delivery,48,Inventory received for purchase order 259
1175,1,30,2026-04-24 07:30:00,delivery,36,Inventory received for purchase order 259
1176,1,36,2026-04-24 07:30:00,delivery,80,Inventory received for purchase order 259
1177,1,16,2026-04-25 07:30:00,delivery,84,Inventory received for purchase order 260
1178,1,18,2026-04-25 07:30:00,delivery,60,Inventory received for purchase order 260
1179,1,22,2026-04-25 07:30:00,delivery,60,Inventory received for purchase order 260
1180,1,19,2026-04-25 07:30:00,delivery,72,Inventory received for purchase order 261
1181,1,34,2026-04-25 07:30:00,delivery,36,Inventory received for purchase order 261
1182,1,47,2026-04-25 07:30:00,delivery,80,Inventory received for purchase order 261
1183,1,24,2026-04-25 07:30:00,delivery,72,Inventory received for purchase order 262
1184,1,28,2026-04-25 07:30:00,delivery,66,Inventory received for purchase order 262
1185,1,40,2026-04-25 07:30:00,delivery,32,Inventory received for purchase order 262
1186,1,43,2026-04-25 07:30:00,delivery,48,Inventory received for purchase order 262
1187,1,17,2026-04-26 07:30:00,delivery,72,Inventory received for purchase order 263
1188,1,32,2026-04-26 07:30:00,delivery,66,Inventory received for purchase order 263
1189,1,33,2026-04-26 07:30:00,delivery,48,Inventory received for purchase order 263
1190,1,37,2026-04-26 07:30:00,delivery,48,Inventory received for purchase order 263
1191,1,2,2026-04-27 07:30:00,delivery,60,Inventory received for purchase order 264
1192,1,13,2026-04-27 07:30:00,delivery,72,Inventory received for purchase order 264
1193,1,21,2026-04-27 07:30:00,delivery,72,Inventory received for purchase order 264
1194,1,23,2026-04-27 07:30:00,delivery,48,Inventory received for purchase order 264
1195,1,31,2026-04-27 07:30:00,delivery,72,Inventory received for purchase order 264
1196,1,35,2026-04-27 07:30:00,delivery,96,Inventory received for purchase order 264
1197,1,39,2026-04-24 07:30:00,delivery,40,Inventory received for purchase order 265
1198,1,45,2026-04-24 07:30:00,delivery,72,Inventory received for purchase order 265
1199,1,48,2026-04-24 07:30:00,delivery,59,Inventory received for purchase order 265
1200,1,1,2026-04-25 07:30:00,delivery,72,Inventory received for purchase order 266
1201,1,5,2026-04-25 07:30:00,delivery,72,Inventory received for purchase order 266
1202,1,44,2026-04-25 07:30:00,delivery,60,Inventory received for purchase order 266
1203,1,46,2026-04-25 07:30:00,delivery,48,Inventory received for purchase order 266
1204,1,3,2026-05-02 07:30:00,delivery,80,Inventory received for purchase order 267
1205,1,9,2026-05-02 07:30:00,delivery,70,Inventory received for purchase order 267
1206,1,15,2026-05-02 07:30:00,delivery,96,Inventory received for purchase order 267
1207,1,20,2026-05-02 07:30:00,delivery,72,Inventory received for purchase order 267
1208,1,7,2026-05-02 07:30:00,delivery,56,Inventory received for purchase order 268
1209,1,14,2026-05-02 07:30:00,delivery,72,Inventory received for purchase order 268
1210,1,22,2026-05-02 07:30:00,delivery,66,Inventory received for purchase order 268
1211,1,24,2026-05-02 07:30:00,delivery,70,Inventory received for purchase order 268
1212,1,27,2026-05-02 07:30:00,delivery,36,Inventory received for purchase order 268
1213,1,48,2026-05-02 07:30:00,delivery,48,Inventory received for purchase order 268
1214,1,25,2026-05-03 07:30:00,delivery,60,Inventory received for purchase order 269
1215,1,29,2026-05-03 07:30:00,delivery,48,Inventory received for purchase order 269
1216,1,30,2026-05-03 07:30:00,delivery,36,Inventory received for purchase order 269
1217,1,34,2026-05-04 07:30:00,delivery,60,Inventory received for purchase order 270
1218,1,44,2026-05-04 07:30:00,delivery,48,Inventory received for purchase order 270
1219,1,46,2026-05-04 07:30:00,delivery,48,Inventory received for purchase order 270
1220,1,13,2026-05-01 07:30:00,delivery,60,Inventory received for purchase order 271
1221,1,28,2026-05-01 07:30:00,delivery,56,Inventory received for purchase order 271
1222,1,35,2026-05-01 07:30:00,delivery,40,Inventory received for purchase order 271
1223,1,16,2026-05-02 07:30:00,delivery,38,Inventory received for purchase order 272
1224,1,26,2026-05-02 07:30:00,delivery,48,Inventory received for purchase order 272
1225,1,36,2026-05-02 07:30:00,delivery,61,Inventory received for purchase order 272
1226,1,43,2026-05-02 07:30:00,delivery,46,Inventory received for purchase order 272
1227,1,45,2026-05-02 07:30:00,delivery,38,Inventory received for purchase order 272
1228,1,11,2026-05-02 07:30:00,delivery,54,Inventory received for purchase order 273
1229,1,17,2026-05-02 07:30:00,delivery,48,Inventory received for purchase order 273
1230,1,32,2026-05-02 07:30:00,delivery,78,Inventory received for purchase order 273
1231,1,33,2026-05-02 07:30:00,delivery,78,Inventory received for purchase order 273
1232,1,2,2026-05-02 07:30:00,delivery,80,Inventory received for purchase order 274
1233,1,5,2026-05-02 07:30:00,delivery,72,Inventory received for purchase order 274
1234,1,18,2026-05-02 07:30:00,delivery,48,Inventory received for purchase order 274
1235,1,21,2026-05-02 07:30:00,delivery,24,Inventory received for purchase order 274
1236,1,23,2026-05-02 07:30:00,delivery,55,Inventory received for purchase order 274
1237,1,37,2026-05-02 07:30:00,delivery,72,Inventory received for purchase order 274
1238,1,1,2026-05-03 07:30:00,delivery,72,Inventory received for purchase order 275
1239,1,10,2026-05-03 07:30:00,delivery,72,Inventory received for purchase order 275
1240,1,19,2026-05-03 07:30:00,delivery,70,Inventory received for purchase order 275
1241,1,31,2026-05-03 07:30:00,delivery,72,Inventory received for purchase order 275
1242,1,39,2026-05-03 07:30:00,delivery,80,Inventory received for purchase order 275
1243,1,40,2026-05-03 07:30:00,delivery,72,Inventory received for purchase order 275
1244,1,41,2026-05-04 07:30:00,delivery,56,Inventory received for purchase order 276
1245,1,47,2026-05-04 07:30:00,delivery,32,Inventory received for purchase order 276
1246,1,3,2026-05-08 07:30:00,delivery,60,Inventory received for purchase order 277
1247,1,9,2026-05-08 07:30:00,delivery,50,Inventory received for purchase order 277
1248,1,15,2026-05-08 07:30:00,delivery,48,Inventory received for purchase order 277
1249,1,20,2026-05-08 07:30:00,delivery,72,Inventory received for purchase order 277
1250,1,7,2026-05-09 07:30:00,delivery,72,Inventory received for purchase order 278
1251,1,10,2026-05-09 07:30:00,delivery,80,Inventory received for purchase order 278
1252,1,14,2026-05-09 07:30:00,delivery,48,Inventory received for purchase order 278
1253,1,26,2026-05-09 07:30:00,delivery,72,Inventory received for purchase order 278
1254,1,37,2026-05-09 07:30:00,delivery,32,Inventory received for purchase order 278
1255,1,41,2026-05-09 07:30:00,delivery,54,Inventory received for purchase order 278
1256,1,25,2026-05-09 07:30:00,delivery,60,Inventory received for purchase order 279
1257,1,29,2026-05-09 07:30:00,delivery,96,Inventory received for purchase order 279
1258,1,30,2026-05-09 07:30:00,delivery,72,Inventory received for purchase order 279
1259,1,36,2026-05-09 07:30:00,delivery,70,Inventory received for purchase order 279
1260,1,16,2026-05-09 07:30:00,delivery,48,Inventory received for purchase order 280
1261,1,18,2026-05-09 07:30:00,delivery,42,Inventory received for purchase order 280
1262,1,22,2026-05-09 07:30:00,delivery,48,Inventory received for purchase order 280
1263,1,43,2026-05-09 07:30:00,delivery,80,Inventory received for purchase order 280
1264,1,19,2026-05-10 07:30:00,delivery,72,Inventory received for purchase order 281
1265,1,27,2026-05-10 07:30:00,delivery,60,Inventory received for purchase order 281
1266,1,34,2026-05-10 07:30:00,delivery,60,Inventory received for purchase order 281
1267,1,35,2026-05-10 07:30:00,delivery,100,Inventory received for purchase order 281
1268,1,47,2026-05-10 07:30:00,delivery,60,Inventory received for purchase order 281
1269,1,24,2026-05-11 07:30:00,delivery,96,Inventory received for purchase order 282
1270,1,28,2026-05-11 07:30:00,delivery,48,Inventory received for purchase order 282
1271,1,40,2026-05-11 07:30:00,delivery,64,Inventory received for purchase order 282
1272,1,11,2026-05-08 07:30:00,delivery,84,Inventory received for purchase order 283
1273,1,17,2026-05-08 07:30:00,delivery,71,Inventory received for purchase order 283
1274,1,33,2026-05-08 07:30:00,delivery,60,Inventory received for purchase order 283
1275,1,2,2026-05-09 07:30:00,delivery,40,Inventory received for purchase order 284
1276,1,5,2026-05-09 07:30:00,delivery,108,Inventory received for purchase order 284
1277,1,13,2026-05-09 07:30:00,delivery,72,Inventory received for purchase order 284
1278,1,21,2026-05-09 07:30:00,delivery,72,Inventory received for purchase order 284
1279,1,23,2026-05-09 07:30:00,delivery,96,Inventory received for purchase order 284
1280,1,31,2026-05-09 07:30:00,delivery,72,Inventory received for purchase order 284
1281,1,39,2026-05-09 07:30:00,delivery,80,Inventory received for purchase order 285
1282,1,45,2026-05-09 07:30:00,delivery,96,Inventory received for purchase order 285
1283,1,48,2026-05-09 07:30:00,delivery,90,Inventory received for purchase order 285
1284,1,1,2026-05-09 07:30:00,delivery,72,Inventory received for purchase order 286
1285,1,32,2026-05-09 07:30:00,delivery,60,Inventory received for purchase order 286
1286,1,44,2026-05-09 07:30:00,delivery,50,Inventory received for purchase order 286
1287,1,46,2026-05-09 07:30:00,delivery,72,Inventory received for purchase order 286
1288,1,3,2026-05-17 07:30:00,delivery,60,Inventory received for purchase order 287
1289,1,9,2026-05-17 07:30:00,delivery,80,Inventory received for purchase order 287
1290,1,15,2026-05-17 07:30:00,delivery,96,Inventory received for purchase order 287
1291,1,21,2026-05-17 07:30:00,delivery,40,Inventory received for purchase order 287
1292,1,7,2026-05-18 07:30:00,delivery,48,Inventory received for purchase order 288
1293,1,14,2026-05-18 07:30:00,delivery,96,Inventory received for purchase order 288
1294,1,22,2026-05-18 07:30:00,delivery,54,Inventory received for purchase order 288
1295,1,27,2026-05-18 07:30:00,delivery,72,Inventory received for purchase order 288
1296,1,48,2026-05-18 07:30:00,delivery,72,Inventory received for purchase order 288
1297,1,25,2026-05-15 07:30:00,delivery,69,Inventory received for purchase order 289
1298,1,26,2026-05-15 07:30:00,delivery,105,Inventory received for purchase order 289
1299,1,30,2026-05-15 07:30:00,delivery,69,Inventory received for purchase order 289
1300,1,34,2026-05-16 07:30:00,delivery,40,Inventory received for purchase order 290
1301,1,44,2026-05-16 07:30:00,delivery,96,Inventory received for purchase order 290
1302,1,46,2026-05-16 07:30:00,delivery,96,Inventory received for purchase order 290
1303,1,13,2026-05-16 07:30:00,delivery,60,Inventory received for purchase order 291
1304,1,20,2026-05-16 07:30:00,delivery,40,Inventory received for purchase order 291
1305,1,28,2026-05-16 07:30:00,delivery,80,Inventory received for purchase order 291
1306,1,35,2026-05-16 07:30:00,delivery,60,Inventory received for purchase order 291
1307,1,16,2026-05-16 07:30:00,delivery,60,Inventory received for purchase order 292
1308,1,24,2026-05-16 07:30:00,delivery,72,Inventory received for purchase order 292
1309,1,29,2026-05-16 07:30:00,delivery,20,Inventory received for purchase order 292
1310,1,36,2026-05-16 07:30:00,delivery,55,Inventory received for purchase order 292
1311,1,43,2026-05-16 07:30:00,delivery,72,Inventory received for purchase order 292
1312,1,45,2026-05-16 07:30:00,delivery,88,Inventory received for purchase order 292
1313,1,11,2026-05-17 07:30:00,delivery,90,Inventory received for purchase order 293
1314,1,17,2026-05-17 07:30:00,delivery,120,Inventory received for purchase order 293
1315,1,33,2026-05-17 07:30:00,delivery,54,Inventory received for purchase order 293
1316,1,2,2026-05-18 07:30:00,delivery,100,Inventory received for purchase order 294
1317,1,5,2026-05-18 07:30:00,delivery,72,Inventory received for purchase order 294
1318,1,18,2026-05-18 07:30:00,delivery,80,Inventory received for purchase order 294
1319,1,23,2026-05-18 07:30:00,delivery,48,Inventory received for purchase order 294
1320,1,31,2026-05-18 07:30:00,delivery,60,Inventory received for purchase order 294
1321,1,37,2026-05-18 07:30:00,delivery,72,Inventory received for purchase order 294
1322,1,1,2026-05-15 07:30:00,delivery,72,Inventory received for purchase order 295
1323,1,10,2026-05-15 07:30:00,delivery,96,Inventory received for purchase order 295
1324,1,19,2026-05-15 07:30:00,delivery,60,Inventory received for purchase order 295
1325,1,32,2026-05-15 07:30:00,delivery,60,Inventory received for purchase order 295
1326,1,39,2026-05-15 07:30:00,delivery,40,Inventory received for purchase order 295
1327,1,40,2026-05-15 07:30:00,delivery,96,Inventory received for purchase order 295
1328,1,41,2026-05-16 07:30:00,delivery,64,Inventory received for purchase order 296
1329,1,47,2026-05-16 07:30:00,delivery,56,Inventory received for purchase order 296
1330,1,3,2026-05-23 07:30:00,delivery,80,Inventory received for purchase order 297
1331,1,9,2026-05-23 07:30:00,delivery,50,Inventory received for purchase order 297
1332,1,11,2026-05-23 07:30:00,delivery,80,Inventory received for purchase order 297
1333,1,15,2026-05-23 07:30:00,delivery,48,Inventory received for purchase order 297
1334,1,10,2026-05-23 07:30:00,delivery,72,Inventory received for purchase order 298
1335,1,14,2026-05-23 07:30:00,delivery,72,Inventory received for purchase order 298
1336,1,24,2026-05-23 07:30:00,delivery,40,Inventory received for purchase order 298
1337,1,26,2026-05-23 07:30:00,delivery,60,Inventory received for purchase order 298
1338,1,37,2026-05-23 07:30:00,delivery,40,Inventory received for purchase order 298
1339,1,41,2026-05-23 07:30:00,delivery,78,Inventory received for purchase order 298
1340,1,7,2026-05-24 07:30:00,delivery,72,Inventory received for purchase order 299
1341,1,25,2026-05-24 07:30:00,delivery,60,Inventory received for purchase order 299
1342,1,29,2026-05-24 07:30:00,delivery,96,Inventory received for purchase order 299
1343,1,30,2026-05-24 07:30:00,delivery,72,Inventory received for purchase order 299
1344,1,36,2026-05-24 07:30:00,delivery,80,Inventory received for purchase order 299
1345,1,16,2026-05-25 07:30:00,delivery,60,Inventory received for purchase order 300
1346,1,18,2026-05-25 07:30:00,delivery,72,Inventory received for purchase order 300
1347,1,22,2026-05-25 07:30:00,delivery,71,Inventory received for purchase order 300
1348,1,44,2026-05-25 07:30:00,delivery,24,Inventory received for purchase order 300
1349,1,19,2026-05-22 07:30:00,delivery,72,Inventory received for purchase order 301
1350,1,20,2026-05-22 07:30:00,delivery,50,Inventory received for purchase order 301
1351,1,27,2026-05-22 07:30:00,delivery,54,Inventory received for purchase order 301
1352,1,34,2026-05-22 07:30:00,delivery,72,Inventory received for purchase order 301
1353,1,47,2026-05-22 07:30:00,delivery,80,Inventory received for purchase order 301
1354,1,28,2026-05-23 07:30:00,delivery,42,Inventory received for purchase order 302
1355,1,40,2026-05-23 07:30:00,delivery,48,Inventory received for purchase order 302
1356,1,43,2026-05-23 07:30:00,delivery,72,Inventory received for purchase order 302
1357,1,17,2026-05-23 07:30:00,delivery,48,Inventory received for purchase order 303
1358,1,33,2026-05-23 07:30:00,delivery,60,Inventory received for purchase order 303
1359,1,2,2026-05-23 07:30:00,delivery,40,Inventory received for purchase order 304
1360,1,13,2026-05-23 07:30:00,delivery,36,Inventory received for purchase order 304
1361,1,21,2026-05-23 07:30:00,delivery,72,Inventory received for purchase order 304
1362,1,23,2026-05-23 07:30:00,delivery,72,Inventory received for purchase order 304
1363,1,31,2026-05-23 07:30:00,delivery,48,Inventory received for purchase order 304
1364,1,35,2026-05-23 07:30:00,delivery,96,Inventory received for purchase order 304
1365,1,39,2026-05-24 07:30:00,delivery,80,Inventory received for purchase order 305
1366,1,45,2026-05-24 07:30:00,delivery,60,Inventory received for purchase order 305
1367,1,48,2026-05-24 07:30:00,delivery,50,Inventory received for purchase order 305
1368,1,1,2026-05-25 07:30:00,delivery,69,Inventory received for purchase order 306
1369,1,5,2026-05-25 07:30:00,delivery,61,Inventory received for purchase order 306
1370,1,32,2026-05-25 07:30:00,delivery,38,Inventory received for purchase order 306
1371,1,46,2026-05-25 07:30:00,delivery,46,Inventory received for purchase order 306
1372,1,3,2026-05-29 07:30:00,delivery,60,Inventory received for purchase order 307
1373,1,9,2026-05-29 07:30:00,delivery,50,Inventory received for purchase order 307
1374,1,15,2026-05-29 07:30:00,delivery,48,Inventory received for purchase order 307
1375,1,20,2026-05-29 07:30:00,delivery,72,Inventory received for purchase order 307
1376,1,2,2026-05-30 07:30:00,delivery,80,Inventory received for purchase order 308
1377,1,7,2026-05-30 07:30:00,delivery,48,Inventory received for purchase order 308
1378,1,14,2026-05-30 07:30:00,delivery,24,Inventory received for purchase order 308
1379,1,22,2026-05-30 07:30:00,delivery,54,Inventory received for purchase order 308
1380,1,24,2026-05-30 07:30:00,delivery,70,Inventory received for purchase order 308
1381,1,27,2026-05-30 07:30:00,delivery,72,Inventory received for purchase order 308
1382,1,48,2026-05-30 07:30:00,delivery,96,Inventory received for purchase order 309
1383,1,25,2026-05-30 07:30:00,delivery,60,Inventory received for purchase order 310
1384,1,26,2026-05-30 07:30:00,delivery,71,Inventory received for purchase order 310
1385,1,30,2026-05-30 07:30:00,delivery,36,Inventory received for purchase order 310
1386,1,34,2026-05-31 07:30:00,delivery,80,Inventory received for purchase order 311
1387,1,43,2026-05-31 07:30:00,delivery,50,Inventory received for purchase order 311
1388,1,46,2026-05-31 07:30:00,delivery,72,Inventory received for purchase order 311
1389,1,13,2026-06-01 07:30:00,delivery,60,Inventory received for purchase order 312
1390,1,28,2026-06-01 07:30:00,delivery,72,Inventory received for purchase order 312
1391,1,35,2026-06-01 07:30:00,delivery,80,Inventory received for purchase order 312
1392,1,44,2026-06-01 07:30:00,delivery,72,Inventory received for purchase order 312
1393,1,16,2026-05-29 07:30:00,delivery,80,Inventory received for purchase order 313
1394,1,29,2026-05-29 07:30:00,delivery,60,Inventory received for purchase order 313
1395,1,36,2026-05-29 07:30:00,delivery,80,Inventory received for purchase order 313
1396,1,45,2026-05-29 07:30:00,delivery,80,Inventory received for purchase order 313
1397,1,11,2026-05-30 07:30:00,delivery,24,Inventory received for purchase order 314
1398,1,17,2026-05-30 07:30:00,delivery,72,Inventory received for purchase order 314
1399,1,32,2026-05-30 07:30:00,delivery,60,Inventory received for purchase order 314
1400,1,33,2026-05-30 07:30:00,delivery,84,Inventory received for purchase order 314
1401,1,18,2026-05-30 07:30:00,delivery,48,Inventory received for purchase order 315
1402,1,21,2026-05-30 07:30:00,delivery,72,Inventory received for purchase order 315
1403,1,23,2026-05-30 07:30:00,delivery,56,Inventory received for purchase order 315
1404,1,31,2026-05-30 07:30:00,delivery,60,Inventory received for purchase order 315
1405,1,37,2026-05-30 07:30:00,delivery,72,Inventory received for purchase order 315
1406,1,39,2026-05-30 07:30:00,delivery,70,Inventory received for purchase order 315
1407,1,1,2026-05-30 07:30:00,delivery,72,Inventory received for purchase order 316
1408,1,5,2026-05-30 07:30:00,delivery,80,Inventory received for purchase order 316
1409,1,10,2026-05-30 07:30:00,delivery,48,Inventory received for purchase order 316
1410,1,19,2026-05-30 07:30:00,delivery,50,Inventory received for purchase order 316
1411,1,40,2026-05-30 07:30:00,delivery,72,Inventory received for purchase order 316
1412,1,41,2026-05-30 07:30:00,delivery,56,Inventory received for purchase order 316
1413,1,47,2026-05-31 07:30:00,delivery,56,Inventory received for purchase order 317
1414,1,3,2026-06-08 07:30:00,delivery,60,Inventory received for purchase order 318
1415,1,9,2026-06-08 07:30:00,delivery,40,Inventory received for purchase order 318
1416,1,11,2026-06-08 07:30:00,delivery,100,Inventory received for purchase order 318
1417,1,15,2026-06-08 07:30:00,delivery,96,Inventory received for purchase order 318
1418,1,10,2026-06-05 07:30:00,delivery,48,Inventory received for purchase order 319
1419,1,14,2026-06-05 07:30:00,delivery,48,Inventory received for purchase order 319
1420,1,24,2026-06-05 07:30:00,delivery,60,Inventory received for purchase order 319
1421,1,26,2026-06-05 07:30:00,delivery,77,Inventory received for purchase order 319
1422,1,27,2026-06-05 07:30:00,delivery,72,Inventory received for purchase order 319
1423,1,37,2026-06-05 07:30:00,delivery,56,Inventory received for purchase order 319
1424,1,41,2026-06-06 07:30:00,delivery,72,Inventory received for purchase order 320
1425,1,7,2026-06-06 07:30:00,delivery,36,Inventory received for purchase order 321
1426,1,25,2026-06-06 07:30:00,delivery,60,Inventory received for purchase order 321
1427,1,29,2026-06-06 07:30:00,delivery,96,Inventory received for purchase order 321
1428,1,30,2026-06-06 07:30:00,delivery,72,Inventory received for purchase order 321
1429,1,36,2026-06-06 07:30:00,delivery,60,Inventory received for purchase order 321
1430,1,16,2026-06-06 07:30:00,delivery,48,Inventory received for purchase order 322
1431,1,18,2026-06-06 07:30:00,delivery,90,Inventory received for purchase order 322
1432,1,22,2026-06-06 07:30:00,delivery,60,Inventory received for purchase order 322
1433,1,43,2026-06-06 07:30:00,delivery,60,Inventory received for purchase order 322
1434,1,19,2026-06-07 07:30:00,delivery,69,Inventory received for purchase order 323
1435,1,20,2026-06-07 07:30:00,delivery,57,Inventory received for purchase order 323
1436,1,34,2026-06-07 07:30:00,delivery,57,Inventory received for purchase order 323
1437,1,35,2026-06-07 07:30:00,delivery,57,Inventory received for purchase order 323
1438,1,47,2026-06-07 07:30:00,delivery,57,Inventory received for purchase order 323
1439,1,28,2026-06-08 07:30:00,delivery,72,Inventory received for purchase order 324
1440,1,40,2026-06-08 07:30:00,delivery,32,Inventory received for purchase order 324
1441,1,17,2026-06-05 07:30:00,delivery,48,Inventory received for purchase order 325
1442,1,33,2026-06-05 07:30:00,delivery,54,Inventory received for purchase order 325
1443,1,2,2026-06-06 07:30:00,delivery,40,Inventory received for purchase order 326
1444,1,5,2026-06-06 07:30:00,delivery,72,Inventory received for purchase order 326
1445,1,13,2026-06-06 07:30:00,delivery,72,Inventory received for purchase order 326
1446,1,21,2026-06-06 07:30:00,delivery,72,Inventory received for purchase order 326
1447,1,23,2026-06-06 07:30:00,delivery,56,Inventory received for purchase order 326
1448,1,31,2026-06-06 07:30:00,delivery,84,Inventory received for purchase order 326
1449,1,45,2026-06-06 07:30:00,delivery,48,Inventory received for purchase order 327
1450,1,48,2026-06-06 07:30:00,delivery,60,Inventory received for purchase order 327
1451,1,1,2026-06-06 07:30:00,delivery,72,Inventory received for purchase order 328
1452,1,32,2026-06-06 07:30:00,delivery,40,Inventory received for purchase order 328
1453,1,39,2026-06-06 07:30:00,delivery,80,Inventory received for purchase order 328
1454,1,44,2026-06-06 07:30:00,delivery,60,Inventory received for purchase order 328
1455,1,46,2026-06-06 07:30:00,delivery,48,Inventory received for purchase order 328
1456,1,3,2026-06-14 07:30:00,delivery,60,Inventory received for purchase order 329
1457,1,9,2026-06-14 07:30:00,delivery,20,Inventory received for purchase order 329
1458,1,15,2026-06-14 07:30:00,delivery,47,Inventory received for purchase order 329
1459,1,20,2026-06-14 07:30:00,delivery,72,Inventory received for purchase order 329
1460,1,2,2026-06-15 07:30:00,delivery,60,Inventory received for purchase order 330
1461,1,7,2026-06-15 07:30:00,delivery,32,Inventory received for purchase order 330
1462,1,14,2026-06-15 07:30:00,delivery,48,Inventory received for purchase order 330
1463,1,22,2026-06-15 07:30:00,delivery,72,Inventory received for purchase order 330
1464,1,48,2026-06-15 07:30:00,delivery,48,Inventory received for purchase order 330
1465,1,25,2026-06-12 07:30:00,delivery,72,Inventory received for purchase order 331
1466,1,30,2026-06-12 07:30:00,delivery,36,Inventory received for purchase order 331
1467,1,34,2026-06-13 07:30:00,delivery,60,Inventory received for purchase order 332
1468,1,46,2026-06-13 07:30:00,delivery,72,Inventory received for purchase order 332
1469,1,13,2026-06-13 07:30:00,delivery,40,Inventory received for purchase order 333
1470,1,27,2026-06-13 07:30:00,delivery,24,Inventory received for purchase order 333
1471,1,28,2026-06-13 07:30:00,delivery,64,Inventory received for purchase order 333
1472,1,35,2026-06-13 07:30:00,delivery,60,Inventory received for purchase order 333
1473,1,44,2026-06-13 07:30:00,delivery,72,Inventory received for purchase order 333
1474,1,16,2026-06-13 07:30:00,delivery,60,Inventory received for purchase order 334
1475,1,24,2026-06-13 07:30:00,delivery,72,Inventory received for purchase order 334
1476,1,26,2026-06-13 07:30:00,delivery,40,Inventory received for purchase order 334
1477,1,29,2026-06-13 07:30:00,delivery,20,Inventory received for purchase order 334
1478,1,36,2026-06-13 07:30:00,delivery,72,Inventory received for purchase order 334
1479,1,43,2026-06-13 07:30:00,delivery,72,Inventory received for purchase order 334
1480,1,45,2026-06-14 07:30:00,delivery,48,Inventory received for purchase order 335
1481,1,11,2026-06-15 07:30:00,delivery,48,Inventory received for purchase order 336
1482,1,17,2026-06-15 07:30:00,delivery,48,Inventory received for purchase order 336
1483,1,33,2026-06-15 07:30:00,delivery,48,Inventory received for purchase order 336
1484,1,37,2026-06-15 07:30:00,delivery,48,Inventory received for purchase order 336
1485,1,18,2026-06-12 07:30:00,delivery,56,Inventory received for purchase order 337
1486,1,21,2026-06-12 07:30:00,delivery,48,Inventory received for purchase order 337
1487,1,23,2026-06-12 07:30:00,delivery,80,Inventory received for purchase order 337
1488,1,31,2026-06-12 07:30:00,delivery,60,Inventory received for purchase order 337
1489,1,39,2026-06-12 07:30:00,delivery,50,Inventory received for purchase order 337
1490,1,1,2026-06-13 07:30:00,delivery,72,Inventory received for purchase order 338
1491,1,5,2026-06-13 07:30:00,delivery,24,Inventory received for purchase order 338
1492,1,10,2026-06-13 07:30:00,delivery,72,Inventory received for purchase order 338
1493,1,19,2026-06-13 07:30:00,delivery,30,Inventory received for purchase order 338
1494,1,32,2026-06-13 07:30:00,delivery,60,Inventory received for purchase order 338
1495,1,40,2026-06-13 07:30:00,delivery,71,Inventory received for purchase order 338
1496,1,41,2026-06-13 07:30:00,delivery,56,Inventory received for purchase order 339
1497,1,47,2026-06-13 07:30:00,delivery,32,Inventory received for purchase order 339
1498,1,3,2026-06-20 07:30:00,delivery,38,Inventory received for purchase order 340
1499,1,9,2026-06-20 07:30:00,delivery,48,Inventory received for purchase order 340
1500,1,11,2026-06-20 07:30:00,delivery,57,Inventory received for purchase order 340
1501,1,15,2026-06-20 07:30:00,delivery,46,Inventory received for purchase order 340
1502,1,10,2026-06-21 07:30:00,delivery,48,Inventory received for purchase order 341
1503,1,14,2026-06-21 07:30:00,delivery,72,Inventory received for purchase order 341
1504,1,24,2026-06-21 07:30:00,delivery,20,Inventory received for purchase order 341
1505,1,26,2026-06-21 07:30:00,delivery,66,Inventory received for purchase order 341
1506,1,37,2026-06-21 07:30:00,delivery,32,Inventory received for purchase order 341
1507,1,41,2026-06-21 07:30:00,delivery,66,Inventory received for purchase order 341
1508,1,7,2026-06-22 07:30:00,delivery,72,Inventory received for purchase order 342
1509,1,25,2026-06-22 07:30:00,delivery,60,Inventory received for purchase order 342
1510,1,29,2026-06-22 07:30:00,delivery,48,Inventory received for purchase order 342
1511,1,30,2026-06-22 07:30:00,delivery,72,Inventory received for purchase order 342
1512,1,36,2026-06-22 07:30:00,delivery,40,Inventory received for purchase order 342
1513,1,16,2026-06-19 07:30:00,delivery,72,Inventory received for purchase order 343
1514,1,18,2026-06-19 07:30:00,delivery,72,Inventory received for purchase order 343
1515,1,22,2026-06-19 07:30:00,delivery,48,Inventory received for purchase order 343
1516,1,19,2026-06-20 07:30:00,delivery,72,Inventory received for purchase order 344
1517,1,20,2026-06-20 07:30:00,delivery,50,Inventory received for purchase order 344
1518,1,27,2026-06-20 07:30:00,delivery,72,Inventory received for purchase order 344
1519,1,34,2026-06-20 07:30:00,delivery,48,Inventory received for purchase order 344
1520,1,47,2026-06-20 07:30:00,delivery,60,Inventory received for purchase order 344
1521,1,28,2026-06-20 07:30:00,delivery,66,Inventory received for purchase order 345
1522,1,40,2026-06-20 07:30:00,delivery,80,Inventory received for purchase order 345
1523,1,43,2026-06-20 07:30:00,delivery,48,Inventory received for purchase order 345
1524,1,17,2026-06-20 07:30:00,delivery,72,Inventory received for purchase order 346
1525,1,33,2026-06-20 07:30:00,delivery,66,Inventory received for purchase order 346
1526,1,2,2026-06-21 07:30:00,delivery,60,Inventory received for purchase order 347
1527,1,5,2026-06-21 07:30:00,delivery,72,Inventory received for purchase order 347
1528,1,13,2026-06-21 07:30:00,delivery,72,Inventory received for purchase order 347
1529,1,21,2026-06-21 07:30:00,delivery,72,Inventory received for purchase order 347
1530,1,23,2026-06-21 07:30:00,delivery,56,Inventory received for purchase order 347
1531,1,31,2026-06-21 07:30:00,delivery,48,Inventory received for purchase order 347
1532,1,35,2026-06-22 07:30:00,delivery,95,Inventory received for purchase order 348
1533,1,45,2026-06-22 07:30:00,delivery,72,Inventory received for purchase order 348
1534,1,48,2026-06-22 07:30:00,delivery,40,Inventory received for purchase order 348
1535,1,1,2026-06-19 07:30:00,delivery,72,Inventory received for purchase order 349
1536,1,32,2026-06-19 07:30:00,delivery,40,Inventory received for purchase order 349
1537,1,39,2026-06-19 07:30:00,delivery,60,Inventory received for purchase order 349
1538,1,44,2026-06-19 07:30:00,delivery,50,Inventory received for purchase order 349
1539,1,46,2026-06-19 07:30:00,delivery,72,Inventory received for purchase order 349
1540,1,3,2026-06-27 07:30:00,delivery,60,Inventory received for purchase order 350
1541,1,9,2026-06-27 07:30:00,delivery,70,Inventory received for purchase order 350
1542,1,15,2026-06-27 07:30:00,delivery,96,Inventory received for purchase order 350
1543,1,20,2026-06-27 07:30:00,delivery,72,Inventory received for purchase order 350
1544,1,21,2026-06-27 07:30:00,delivery,32,Inventory received for purchase order 350
1545,1,7,2026-06-27 07:30:00,delivery,16,Inventory received for purchase order 351
1546,1,14,2026-06-27 07:30:00,delivery,48,Inventory received for purchase order 351
1547,1,22,2026-06-27 07:30:00,delivery,54,Inventory received for purchase order 351
1548,1,27,2026-06-27 07:30:00,delivery,36,Inventory received for purchase order 351
1549,1,48,2026-06-27 07:30:00,delivery,96,Inventory received for purchase order 351
1550,1,25,2026-06-27 07:30:00,delivery,72,Inventory received for purchase order 352
1551,1,26,2026-06-27 07:30:00,delivery,72,Inventory received for purchase order 352
1552,1,30,2026-06-27 07:30:00,delivery,36,Inventory received for purchase order 352
1553,1,34,2026-06-28 07:30:00,delivery,60,Inventory received for purchase order 353
1554,1,43,2026-06-28 07:30:00,delivery,30,Inventory received for purchase order 353
1555,1,46,2026-06-28 07:30:00,delivery,24,Inventory received for purchase order 353
1556,1,13,2026-06-29 07:30:00,delivery,40,Inventory received for purchase order 354
1557,1,28,2026-06-29 07:30:00,delivery,64,Inventory received for purchase order 354
1558,1,35,2026-06-29 07:30:00,delivery,20,Inventory received for purchase order 354
1559,1,44,2026-06-29 07:30:00,delivery,72,Inventory received for purchase order 354
1560,1,47,2026-06-29 07:30:00,delivery,40,Inventory received for purchase order 354
1561,1,16,2026-06-26 07:30:00,delivery,40,Inventory received for purchase order 355
1562,1,24,2026-06-26 07:30:00,delivery,72,Inventory received for purchase order 355
1563,1,29,2026-06-26 07:30:00,delivery,60,Inventory received for purchase order 355
1564,1,36,2026-06-26 07:30:00,delivery,48,Inventory received for purchase order 355
1565,1,45,2026-06-26 07:30:00,delivery,40,Inventory received for purchase order 355
1566,1,11,2026-06-27 07:30:00,delivery,78,Inventory received for purchase order 356
1567,1,17,2026-06-27 07:30:00,delivery,48,Inventory received for purchase order 356
1568,1,32,2026-06-27 07:30:00,delivery,84,Inventory received for purchase order 356
1569,1,33,2026-06-27 07:30:00,delivery,53,Inventory received for purchase order 356
1570,1,2,2026-06-27 07:30:00,delivery,77,Inventory received for purchase order 357
1571,1,18,2026-06-27 07:30:00,delivery,69,Inventory received for purchase order 357
1572,1,23,2026-06-27 07:30:00,delivery,38,Inventory received for purchase order 357
1573,1,31,2026-06-27 07:30:00,delivery,57,Inventory received for purchase order 357
1574,1,37,2026-06-27 07:30:00,delivery,69,Inventory received for purchase order 357
1575,1,39,2026-06-27 07:30:00,delivery,29,Inventory received for purchase order 357
1576,1,1,2026-06-27 07:30:00,delivery,36,Inventory received for purchase order 358
1577,1,5,2026-06-27 07:30:00,delivery,16,Inventory received for purchase order 358
1578,1,10,2026-06-27 07:30:00,delivery,72,Inventory received for purchase order 358
1579,1,19,2026-06-27 07:30:00,delivery,80,Inventory received for purchase order 358
1580,1,40,2026-06-27 07:30:00,delivery,72,Inventory received for purchase order 358
1581,1,41,2026-06-27 07:30:00,delivery,48,Inventory received for purchase order 358
1582,1,3,2026-07-05 07:30:00,delivery,40,Inventory received for purchase order 359
1583,1,9,2026-07-05 07:30:00,delivery,30,Inventory received for purchase order 359
1584,1,11,2026-07-05 07:30:00,delivery,80,Inventory received for purchase order 359
1585,1,10,2026-07-06 07:30:00,delivery,24,Inventory received for purchase order 360
1586,1,14,2026-07-06 07:30:00,delivery,72,Inventory received for purchase order 360
1587,1,26,2026-07-06 07:30:00,delivery,48,Inventory received for purchase order 360
1588,1,27,2026-07-06 07:30:00,delivery,36,Inventory received for purchase order 360
1589,1,37,2026-07-06 07:30:00,delivery,64,Inventory received for purchase order 360
1590,1,41,2026-07-06 07:30:00,delivery,48,Inventory received for purchase order 360
1591,1,7,2026-07-03 07:30:00,delivery,72,Inventory received for purchase order 361
1592,1,25,2026-07-03 07:30:00,delivery,36,Inventory received for purchase order 361
1593,1,29,2026-07-03 07:30:00,delivery,48,Inventory received for purchase order 361
1594,1,30,2026-07-03 07:30:00,delivery,72,Inventory received for purchase order 361
1595,1,36,2026-07-03 07:30:00,delivery,50,Inventory received for purchase order 361
1596,1,16,2026-07-04 07:30:00,delivery,60,Inventory received for purchase order 362
1597,1,18,2026-07-04 07:30:00,delivery,36,Inventory received for purchase order 362
1598,1,22,2026-07-04 07:30:00,delivery,42,Inventory received for purchase order 362
1599,1,43,2026-07-04 07:30:00,delivery,80,Inventory received for purchase order 362
1600,1,19,2026-07-04 07:30:00,delivery,36,Inventory received for purchase order 363
1601,1,20,2026-07-04 07:30:00,delivery,60,Inventory received for purchase order 363
1602,1,34,2026-07-04 07:30:00,delivery,36,Inventory received for purchase order 363
1603,1,47,2026-07-04 07:30:00,delivery,60,Inventory received for purchase order 363
1604,1,24,2026-07-04 07:30:00,delivery,48,Inventory received for purchase order 364
1605,1,28,2026-07-04 07:30:00,delivery,48,Inventory received for purchase order 364
1606,1,40,2026-07-04 07:30:00,delivery,7,Inventory received for purchase order 364
1607,1,17,2026-07-05 07:30:00,delivery,48,Inventory received for purchase order 365
1608,1,33,2026-07-05 07:30:00,delivery,54,Inventory received for purchase order 365
1609,1,2,2026-07-06 07:30:00,delivery,40,Inventory received for purchase order 366
1610,1,13,2026-07-06 07:30:00,delivery,72,Inventory received for purchase order 366
1611,1,21,2026-07-06 07:30:00,delivery,72,Inventory received for purchase order 366
1612,1,23,2026-07-06 07:30:00,delivery,64,Inventory received for purchase order 366
1613,1,35,2026-07-06 07:30:00,delivery,96,Inventory received for purchase order 366
1614,1,45,2026-07-06 07:30:00,delivery,84,Inventory received for purchase order 366
1615,1,48,2026-07-03 07:30:00,delivery,30,Inventory received for purchase order 367
1616,1,1,2026-07-04 07:30:00,delivery,72,Inventory received for purchase order 368
1617,1,5,2026-07-04 07:30:00,delivery,72,Inventory received for purchase order 368
1618,1,31,2026-07-04 07:30:00,delivery,72,Inventory received for purchase order 368
1619,1,32,2026-07-04 07:30:00,delivery,60,Inventory received for purchase order 368
1620,1,39,2026-07-04 07:30:00,delivery,60,Inventory received for purchase order 368
1621,1,44,2026-07-04 07:30:00,delivery,40,Inventory received for purchase order 368
1622,1,46,2026-07-04 07:30:00,delivery,48,Inventory received for purchase order 369
1623,1,3,2026-07-11 07:30:00,delivery,80,Inventory received for purchase order 370
1624,1,9,2026-07-11 07:30:00,delivery,50,Inventory received for purchase order 370
1625,1,15,2026-07-11 07:30:00,delivery,96,Inventory received for purchase order 370
1626,1,20,2026-07-11 07:30:00,delivery,72,Inventory received for purchase order 370
1627,1,21,2026-07-11 07:30:00,delivery,32,Inventory received for purchase order 370
1628,1,2,2026-07-12 07:30:00,delivery,60,Inventory received for purchase order 371
1629,1,7,2026-07-12 07:30:00,delivery,40,Inventory received for purchase order 371
1630,1,14,2026-07-12 07:30:00,delivery,48,Inventory received for purchase order 371
1631,1,22,2026-07-12 07:30:00,delivery,60,Inventory received for purchase order 371
1632,1,48,2026-07-12 07:30:00,delivery,96,Inventory received for purchase order 371
1633,1,25,2026-07-13 07:30:00,delivery,60,Inventory received for purchase order 372
1634,1,26,2026-07-13 07:30:00,delivery,72,Inventory received for purchase order 372
1635,1,29,2026-07-13 07:30:00,delivery,48,Inventory received for purchase order 372
1636,1,30,2026-07-13 07:30:00,delivery,36,Inventory received for purchase order 372
1637,1,34,2026-07-10 07:30:00,delivery,60,Inventory received for purchase order 373
1638,1,46,2026-07-10 07:30:00,delivery,48,Inventory received for purchase order 373
1639,1,13,2026-07-11 07:30:00,delivery,57,Inventory received for purchase order 374
1640,1,27,2026-07-11 07:30:00,delivery,17,Inventory received for purchase order 374
1641,1,28,2026-07-11 07:30:00,delivery,69,Inventory received for purchase order 374
1642,1,35,2026-07-11 07:30:00,delivery,19,Inventory received for purchase order 374
1643,1,44,2026-07-11 07:30:00,delivery,68,Inventory received for purchase order 374
1644,1,16,2026-07-11 07:30:00,delivery,60,Inventory received for purchase order 375
1645,1,24,2026-07-11 07:30:00,delivery,48,Inventory received for purchase order 375
1646,1,36,2026-07-11 07:30:00,delivery,56,Inventory received for purchase order 375
1647,1,43,2026-07-11 07:30:00,delivery,72,Inventory received for purchase order 375
1648,1,45,2026-07-11 07:30:00,delivery,72,Inventory received for purchase order 375
1649,1,11,2026-07-11 07:30:00,delivery,54,Inventory received for purchase order 376
1650,1,17,2026-07-11 07:30:00,delivery,48,Inventory received for purchase order 376
1651,1,32,2026-07-11 07:30:00,delivery,72,Inventory received for purchase order 376
1652,1,33,2026-07-11 07:30:00,delivery,84,Inventory received for purchase order 376
1653,1,5,2026-07-12 07:30:00,delivery,72,Inventory received for purchase order 377
1654,1,18,2026-07-12 07:30:00,delivery,72,Inventory received for purchase order 377
1655,1,23,2026-07-12 07:30:00,delivery,64,Inventory received for purchase order 377
1656,1,31,2026-07-12 07:30:00,delivery,36,Inventory received for purchase order 377
1657,1,37,2026-07-12 07:30:00,delivery,72,Inventory received for purchase order 377
1658,1,1,2026-07-13 07:30:00,delivery,36,Inventory received for purchase order 378
1659,1,10,2026-07-13 07:30:00,delivery,72,Inventory received for purchase order 378
1660,1,19,2026-07-13 07:30:00,delivery,50,Inventory received for purchase order 378
1661,1,39,2026-07-13 07:30:00,delivery,60,Inventory received for purchase order 378
1662,1,40,2026-07-13 07:30:00,delivery,48,Inventory received for purchase order 378
1663,1,41,2026-07-13 07:30:00,delivery,96,Inventory received for purchase order 378
1664,1,47,2026-07-10 07:30:00,delivery,48,Inventory received for purchase order 379
1665,1,3,2026-07-18 07:30:00,delivery,60,Inventory received for purchase order 380
1666,1,9,2026-07-18 07:30:00,delivery,90,Inventory received for purchase order 380
1667,1,11,2026-07-18 07:30:00,delivery,80,Inventory received for purchase order 380
1668,1,15,2026-07-18 07:30:00,delivery,48,Inventory received for purchase order 380
1669,1,21,2026-07-18 07:30:00,delivery,72,Inventory received for purchase order 380
1670,1,10,2026-07-18 07:30:00,delivery,48,Inventory received for purchase order 381
1671,1,14,2026-07-18 07:30:00,delivery,72,Inventory received for purchase order 381
1672,1,24,2026-07-18 07:30:00,delivery,50,Inventory received for purchase order 381
1673,1,26,2026-07-18 07:30:00,delivery,48,Inventory received for purchase order 381
1674,1,27,2026-07-18 07:30:00,delivery,72,Inventory received for purchase order 381
1675,1,37,2026-07-18 07:30:00,delivery,64,Inventory received for purchase order 381
1676,1,41,2026-07-18 07:30:00,delivery,54,Inventory received for purchase order 382
1677,1,7,2026-07-19 07:30:00,delivery,72,Inventory received for purchase order 383
1678,1,25,2026-07-19 07:30:00,delivery,60,Inventory received for purchase order 383
1679,1,29,2026-07-19 07:30:00,delivery,96,Inventory received for purchase order 383
1680,1,30,2026-07-19 07:30:00,delivery,71,Inventory received for purchase order 383
1681,1,36,2026-07-19 07:30:00,delivery,60,Inventory received for purchase order 383
1682,1,16,2026-07-20 07:30:00,delivery,48,Inventory received for purchase order 384
1683,1,18,2026-07-20 07:30:00,delivery,54,Inventory received for purchase order 384
1684,1,22,2026-07-20 07:30:00,delivery,90,Inventory received for purchase order 384
1685,1,19,2026-07-17 07:30:00,delivery,72,Inventory received for purchase order 385
1686,1,20,2026-07-17 07:30:00,delivery,60,Inventory received for purchase order 385
1687,1,34,2026-07-17 07:30:00,delivery,72,Inventory received for purchase order 385
1688,1,28,2026-07-18 07:30:00,delivery,42,Inventory received for purchase order 386
1689,1,40,2026-07-18 07:30:00,delivery,48,Inventory received for purchase order 386
1690,1,43,2026-07-18 07:30:00,delivery,72,Inventory received for purchase order 386
1691,1,17,2026-07-18 07:30:00,delivery,48,Inventory received for purchase order 387
1692,1,33,2026-07-18 07:30:00,delivery,78,Inventory received for purchase order 387
1693,1,2,2026-07-18 07:30:00,delivery,60,Inventory received for purchase order 388
1694,1,13,2026-07-18 07:30:00,delivery,72,Inventory received for purchase order 388
1695,1,23,2026-07-18 07:30:00,delivery,96,Inventory received for purchase order 388
1696,1,31,2026-07-18 07:30:00,delivery,84,Inventory received for purchase order 388
1697,1,35,2026-07-18 07:30:00,delivery,96,Inventory received for purchase order 388
1698,1,45,2026-07-18 07:30:00,delivery,84,Inventory received for purchase order 388
1699,1,48,2026-07-19 07:30:00,delivery,60,Inventory received for purchase order 389
1700,1,1,2026-07-20 07:30:00,delivery,72,Inventory received for purchase order 390
1701,1,5,2026-07-20 07:30:00,delivery,64,Inventory received for purchase order 390
1702,1,32,2026-07-20 07:30:00,delivery,100,Inventory received for purchase order 390
1703,1,39,2026-07-20 07:30:00,delivery,60,Inventory received for purchase order 390
1704,1,44,2026-07-20 07:30:00,delivery,80,Inventory received for purchase order 390
1705,1,46,2026-07-20 07:30:00,delivery,72,Inventory received for purchase order 390
1706,1,47,2026-07-17 07:30:00,delivery,93,Inventory received for purchase order 391
1707,1,3,2026-07-25 07:30:00,delivery,60,Inventory received for purchase order 392
1708,1,9,2026-07-25 07:30:00,delivery,80,Inventory received for purchase order 392
1709,1,15,2026-07-25 07:30:00,delivery,96,Inventory received for purchase order 392
1710,1,20,2026-07-25 07:30:00,delivery,72,Inventory received for purchase order 392
1711,1,2,2026-07-25 07:30:00,delivery,60,Inventory received for purchase order 393
1712,1,14,2026-07-25 07:30:00,delivery,24,Inventory received for purchase order 393
1713,1,22,2026-07-25 07:30:00,delivery,54,Inventory received for purchase order 393
1714,1,48,2026-07-25 07:30:00,delivery,96,Inventory received for purchase order 393
1715,1,7,2026-07-25 07:30:00,delivery,36,Inventory received for purchase order 394
1716,1,25,2026-07-25 07:30:00,delivery,84,Inventory received for purchase order 394
1717,1,26,2026-07-25 07:30:00,delivery,71,Inventory received for purchase order 394
1718,1,30,2026-07-25 07:30:00,delivery,108,Inventory received for purchase order 394
1719,1,34,2026-07-26 07:30:00,delivery,60,Inventory received for purchase order 395
1720,1,46,2026-07-26 07:30:00,delivery,72,Inventory received for purchase order 395
1721,1,13,2026-07-27 07:30:00,delivery,100,Inventory received for purchase order 396
1722,1,27,2026-07-27 07:30:00,delivery,18,Inventory received for purchase order 396
1723,1,28,2026-07-27 07:30:00,delivery,80,Inventory received for purchase order 396
1724,1,35,2026-07-27 07:30:00,delivery,40,Inventory received for purchase order 396
1725,1,44,2026-07-27 07:30:00,delivery,72,Inventory received for purchase order 396
1726,1,16,2026-07-24 07:30:00,delivery,40,Inventory received for purchase order 397
1727,1,24,2026-07-24 07:30:00,delivery,72,Inventory received for purchase order 397
1728,1,29,2026-07-24 07:30:00,delivery,40,Inventory received for purchase order 397
1729,1,36,2026-07-24 07:30:00,delivery,64,Inventory received for purchase order 397
1730,1,43,2026-07-24 07:30:00,delivery,72,Inventory received for purchase order 397
1731,1,45,2026-07-24 07:30:00,delivery,40,Inventory received for purchase order 397
1732,1,11,2026-07-25 07:30:00,delivery,48,Inventory received for purchase order 398
1733,1,17,2026-07-25 07:30:00,delivery,48,Inventory received for purchase order 398
1734,1,33,2026-07-25 07:30:00,delivery,54,Inventory received for purchase order 398
1735,1,37,2026-07-25 07:30:00,delivery,96,Inventory received for purchase order 398
1736,1,5,2026-07-25 07:30:00,delivery,72,Inventory received for purchase order 399
1737,1,18,2026-07-25 07:30:00,delivery,48,Inventory received for purchase order 399
1738,1,21,2026-07-25 07:30:00,delivery,72,Inventory received for purchase order 399
1739,1,23,2026-07-25 07:30:00,delivery,72,Inventory received for purchase order 399
1740,1,1,2026-07-25 07:30:00,delivery,72,Inventory received for purchase order 400
1741,1,10,2026-07-25 07:30:00,delivery,48,Inventory received for purchase order 400
1742,1,19,2026-07-25 07:30:00,delivery,70,Inventory received for purchase order 400
1743,1,31,2026-07-25 07:30:00,delivery,96,Inventory received for purchase order 400
1744,1,32,2026-07-25 07:30:00,delivery,80,Inventory received for purchase order 400
1745,1,39,2026-07-25 07:30:00,delivery,80,Inventory received for purchase order 400
1746,1,40,2026-07-26 07:30:00,delivery,72,Inventory received for purchase order 401
1747,1,41,2026-07-26 07:30:00,delivery,88,Inventory received for purchase order 401
1748,1,47,2026-07-26 07:30:00,delivery,48,Inventory received for purchase order 401
1749,2,3,2025-11-10 07:30:00,delivery,20,Inventory received for purchase order 402
1750,2,9,2025-11-10 07:30:00,delivery,20,Inventory received for purchase order 402
1751,2,11,2025-11-10 07:30:00,delivery,40,Inventory received for purchase order 402
1752,2,15,2025-11-10 07:30:00,delivery,48,Inventory received for purchase order 402
1753,2,10,2025-11-04 07:30:00,delivery,16,Inventory received for purchase order 403
1754,2,14,2025-11-04 07:30:00,delivery,47,Inventory received for purchase order 403
1755,2,24,2025-11-04 07:30:00,delivery,10,Inventory received for purchase order 403
1756,2,27,2025-11-04 07:30:00,delivery,36,Inventory received for purchase order 403
1757,2,41,2025-11-04 07:30:00,delivery,36,Inventory received for purchase order 403
1758,2,7,2025-11-06 07:30:00,delivery,36,Inventory received for purchase order 404
1759,2,25,2025-11-06 07:30:00,delivery,24,Inventory received for purchase order 404
1760,2,29,2025-11-06 07:30:00,delivery,48,Inventory received for purchase order 404
1761,2,18,2025-11-05 07:30:00,delivery,36,Inventory received for purchase order 405
1762,2,22,2025-11-05 07:30:00,delivery,18,Inventory received for purchase order 405
1763,2,43,2025-11-05 07:30:00,delivery,20,Inventory received for purchase order 405
1764,2,19,2025-11-06 07:30:00,delivery,36,Inventory received for purchase order 406
1765,2,20,2025-11-06 07:30:00,delivery,10,Inventory received for purchase order 406
1766,2,34,2025-11-06 07:30:00,delivery,24,Inventory received for purchase order 406
1767,2,28,2025-11-09 07:30:00,delivery,24,Inventory received for purchase order 407
1768,2,36,2025-11-09 07:30:00,delivery,16,Inventory received for purchase order 407
1769,2,40,2025-11-09 07:30:00,delivery,24,Inventory received for purchase order 407
1770,2,17,2025-11-09 07:30:00,delivery,46,Inventory received for purchase order 408
1771,2,32,2025-11-09 07:30:00,delivery,11,Inventory received for purchase order 408
1772,2,33,2025-11-09 07:30:00,delivery,11,Inventory received for purchase order 408
1773,2,5,2025-11-07 07:30:00,delivery,36,Inventory received for purchase order 409
1774,2,13,2025-11-07 07:30:00,delivery,36,Inventory received for purchase order 409
1775,2,21,2025-11-07 07:30:00,delivery,24,Inventory received for purchase order 409
1776,2,23,2025-11-07 07:30:00,delivery,24,Inventory received for purchase order 409
1777,2,35,2025-11-07 07:30:00,delivery,48,Inventory received for purchase order 409
1778,2,37,2025-11-07 07:30:00,delivery,36,Inventory received for purchase order 409
1779,2,48,2025-11-05 07:30:00,delivery,40,Inventory received for purchase order 410
1780,2,31,2025-11-06 07:30:00,delivery,48,Inventory received for purchase order 411
1781,2,39,2025-11-06 07:30:00,delivery,40,Inventory received for purchase order 411
1782,2,44,2025-11-06 07:30:00,delivery,30,Inventory received for purchase order 411
1783,2,46,2025-11-06 07:30:00,delivery,48,Inventory received for purchase order 411
1784,2,47,2025-11-06 07:30:00,delivery,24,Inventory received for purchase order 411
1785,2,3,2025-11-08 07:30:00,delivery,60,Inventory received for purchase order 412
1786,2,9,2025-11-08 07:30:00,delivery,60,Inventory received for purchase order 412
1787,2,15,2025-11-08 07:30:00,delivery,48,Inventory received for purchase order 412
1788,2,7,2025-11-09 07:30:00,delivery,32,Inventory received for purchase order 413
1789,2,14,2025-11-09 07:30:00,delivery,72,Inventory received for purchase order 413
1790,2,22,2025-11-09 07:30:00,delivery,66,Inventory received for purchase order 413
1791,2,27,2025-11-09 07:30:00,delivery,71,Inventory received for purchase order 413
1792,2,48,2025-11-09 07:30:00,delivery,72,Inventory received for purchase order 413
1793,2,25,2025-11-10 07:30:00,delivery,48,Inventory received for purchase order 414
1794,2,26,2025-11-10 07:30:00,delivery,108,Inventory received for purchase order 414
1795,2,30,2025-11-10 07:30:00,delivery,72,Inventory received for purchase order 414
1796,2,34,2025-11-07 07:30:00,delivery,60,Inventory received for purchase order 415
1797,2,43,2025-11-07 07:30:00,delivery,50,Inventory received for purchase order 415
1798,2,46,2025-11-07 07:30:00,delivery,48,Inventory received for purchase order 415
1799,2,13,2025-11-08 07:30:00,delivery,20,Inventory received for purchase order 416
1800,2,20,2025-11-08 07:30:00,delivery,80,Inventory received for purchase order 416
1801,2,28,2025-11-08 07:30:00,delivery,48,Inventory received for purchase order 416
1802,2,35,2025-11-08 07:30:00,delivery,20,Inventory received for purchase order 416
1803,2,44,2025-11-08 07:30:00,delivery,72,Inventory received for purchase order 416
1804,2,16,2025-11-08 07:30:00,delivery,60,Inventory received for purchase order 417
1805,2,29,2025-11-08 07:30:00,delivery,60,Inventory received for purchase order 417
1806,2,36,2025-11-08 07:30:00,delivery,56,Inventory received for purchase order 417
1807,2,45,2025-11-08 07:30:00,delivery,72,Inventory received for purchase order 417
1808,2,11,2025-11-08 07:30:00,delivery,6,Inventory received for purchase order 418
1809,2,17,2025-11-08 07:30:00,delivery,48,Inventory received for purchase order 418
1810,2,32,2025-11-08 07:30:00,delivery,60,Inventory received for purchase order 418
1811,2,33,2025-11-08 07:30:00,delivery,54,Inventory received for purchase order 418
1812,2,2,2025-11-09 07:30:00,delivery,80,Inventory received for purchase order 419
1813,2,18,2025-11-09 07:30:00,delivery,40,Inventory received for purchase order 419
1814,2,21,2025-11-09 07:30:00,delivery,48,Inventory received for purchase order 419
1815,2,23,2025-11-09 07:30:00,delivery,96,Inventory received for purchase order 419
1816,2,24,2025-11-09 07:30:00,delivery,36,Inventory received for purchase order 419
1817,2,37,2025-11-09 07:30:00,delivery,72,Inventory received for purchase order 419
1818,2,39,2025-11-10 07:30:00,delivery,30,Inventory received for purchase order 420
1819,2,1,2025-11-07 07:30:00,delivery,108,Inventory received for purchase order 421
1820,2,5,2025-11-07 07:30:00,delivery,56,Inventory received for purchase order 421
1821,2,10,2025-11-07 07:30:00,delivery,72,Inventory received for purchase order 421
1822,2,19,2025-11-07 07:30:00,delivery,50,Inventory received for purchase order 421
1823,2,31,2025-11-07 07:30:00,delivery,24,Inventory received for purchase order 421
1824,2,40,2025-11-07 07:30:00,delivery,48,Inventory received for purchase order 421
1825,2,41,2025-11-08 07:30:00,delivery,48,Inventory received for purchase order 422
1826,2,47,2025-11-08 07:30:00,delivery,72,Inventory received for purchase order 422
1827,2,3,2025-11-15 07:30:00,delivery,40,Inventory received for purchase order 423
1828,2,9,2025-11-15 07:30:00,delivery,79,Inventory received for purchase order 423
1829,2,11,2025-11-15 07:30:00,delivery,40,Inventory received for purchase order 423
1830,2,15,2025-11-15 07:30:00,delivery,48,Inventory received for purchase order 423
1831,2,7,2025-11-15 07:30:00,delivery,72,Inventory received for purchase order 424
1832,2,10,2025-11-15 07:30:00,delivery,72,Inventory received for purchase order 424
1833,2,14,2025-11-15 07:30:00,delivery,24,Inventory received for purchase order 424
1834,2,26,2025-11-15 07:30:00,delivery,42,Inventory received for purchase order 424
1835,2,27,2025-11-15 07:30:00,delivery,36,Inventory received for purchase order 424
1836,2,41,2025-11-15 07:30:00,delivery,54,Inventory received for purchase order 424
1837,2,25,2025-11-16 07:30:00,delivery,69,Inventory received for purchase order 425
1838,2,30,2025-11-16 07:30:00,delivery,69,Inventory received for purchase order 425
1839,2,36,2025-11-16 07:30:00,delivery,38,Inventory received for purchase order 425
1840,2,16,2025-11-17 07:30:00,delivery,84,Inventory received for purchase order 426
1841,2,18,2025-11-17 07:30:00,delivery,72,Inventory received for purchase order 426
1842,2,22,2025-11-17 07:30:00,delivery,72,Inventory received for purchase order 426
1843,2,43,2025-11-17 07:30:00,delivery,60,Inventory received for purchase order 426
1844,2,19,2025-11-14 07:30:00,delivery,36,Inventory received for purchase order 427
1845,2,20,2025-11-14 07:30:00,delivery,30,Inventory received for purchase order 427
1846,2,34,2025-11-14 07:30:00,delivery,48,Inventory received for purchase order 427
1847,2,24,2025-11-15 07:30:00,delivery,72,Inventory received for purchase order 428
1848,2,28,2025-11-15 07:30:00,delivery,54,Inventory received for purchase order 428
1849,2,29,2025-11-15 07:30:00,delivery,60,Inventory received for purchase order 428
1850,2,40,2025-11-15 07:30:00,delivery,48,Inventory received for purchase order 428
1851,2,17,2025-11-15 07:30:00,delivery,48,Inventory received for purchase order 429
1852,2,33,2025-11-15 07:30:00,delivery,54,Inventory received for purchase order 429
1853,2,37,2025-11-15 07:30:00,delivery,48,Inventory received for purchase order 429
1854,2,2,2025-11-15 07:30:00,delivery,60,Inventory received for purchase order 430
1855,2,13,2025-11-15 07:30:00,delivery,72,Inventory received for purchase order 430
1856,2,21,2025-11-15 07:30:00,delivery,48,Inventory received for purchase order 430
1857,2,23,2025-11-15 07:30:00,delivery,40,Inventory received for purchase order 430
1858,2,31,2025-11-15 07:30:00,delivery,84,Inventory received for purchase order 430
1859,2,35,2025-11-15 07:30:00,delivery,48,Inventory received for purchase order 430
1860,2,45,2025-11-16 07:30:00,delivery,48,Inventory received for purchase order 431
1861,2,48,2025-11-16 07:30:00,delivery,20,Inventory received for purchase order 431
1862,2,1,2025-11-17 07:30:00,delivery,36,Inventory received for purchase order 432
1863,2,5,2025-11-17 07:30:00,delivery,72,Inventory received for purchase order 432
1864,2,32,2025-11-17 07:30:00,delivery,60,Inventory received for purchase order 432
1865,2,39,2025-11-17 07:30:00,delivery,59,Inventory received for purchase order 432
1866,2,44,2025-11-17 07:30:00,delivery,30,Inventory received for purchase order 432
1867,2,46,2025-11-17 07:30:00,delivery,72,Inventory received for purchase order 432
1868,2,47,2025-11-14 07:30:00,delivery,40,Inventory received for purchase order 433
1869,2,3,2025-11-22 07:30:00,delivery,60,Inventory received for purchase order 434
1870,2,9,2025-11-22 07:30:00,delivery,50,Inventory received for purchase order 434
1871,2,15,2025-11-22 07:30:00,delivery,48,Inventory received for purchase order 434
1872,2,20,2025-11-22 07:30:00,delivery,72,Inventory received for purchase order 434
1873,2,21,2025-11-22 07:30:00,delivery,56,Inventory received for purchase order 434
1874,2,2,2025-11-22 07:30:00,delivery,40,Inventory received for purchase order 435
1875,2,7,2025-11-22 07:30:00,delivery,56,Inventory received for purchase order 435
1876,2,14,2025-11-22 07:30:00,delivery,48,Inventory received for purchase order 435
1877,2,22,2025-11-22 07:30:00,delivery,48,Inventory received for purchase order 435
1878,2,27,2025-11-22 07:30:00,delivery,72,Inventory received for purchase order 435
1879,2,48,2025-11-22 07:30:00,delivery,72,Inventory received for purchase order 435
1880,2,25,2025-11-22 07:30:00,delivery,60,Inventory received for purchase order 436
1881,2,26,2025-11-22 07:30:00,delivery,72,Inventory received for purchase order 436
1882,2,30,2025-11-22 07:30:00,delivery,72,Inventory received for purchase order 436
1883,2,34,2025-11-23 07:30:00,delivery,100,Inventory received for purchase order 437
1884,2,46,2025-11-23 07:30:00,delivery,48,Inventory received for purchase order 437
1885,2,13,2025-11-24 07:30:00,delivery,40,Inventory received for purchase order 438
1886,2,28,2025-11-24 07:30:00,delivery,72,Inventory received for purchase order 438
1887,2,35,2025-11-24 07:30:00,delivery,40,Inventory received for purchase order 438
1888,2,44,2025-11-24 07:30:00,delivery,72,Inventory received for purchase order 438
1889,2,16,2025-11-21 07:30:00,delivery,60,Inventory received for purchase order 439
1890,2,24,2025-11-21 07:30:00,delivery,72,Inventory received for purchase order 439
1891,2,29,2025-11-21 07:30:00,delivery,60,Inventory received for purchase order 439
1892,2,36,2025-11-21 07:30:00,delivery,56,Inventory received for purchase order 439
1893,2,43,2025-11-21 07:30:00,delivery,72,Inventory received for purchase order 439
1894,2,45,2025-11-21 07:30:00,delivery,40,Inventory received for purchase order 439
1895,2,11,2025-11-22 07:30:00,delivery,30,Inventory received for purchase order 440
1896,2,17,2025-11-22 07:30:00,delivery,48,Inventory received for purchase order 440
1897,2,32,2025-11-22 07:30:00,delivery,42,Inventory received for purchase order 440
1898,2,33,2025-11-22 07:30:00,delivery,48,Inventory received for purchase order 440
1899,2,18,2025-11-22 07:30:00,delivery,88,Inventory received for purchase order 441
1900,2,23,2025-11-22 07:30:00,delivery,40,Inventory received for purchase order 441
1901,2,31,2025-11-22 07:30:00,delivery,60,Inventory received for purchase order 441
1902,2,37,2025-11-22 07:30:00,delivery,71,Inventory received for purchase order 441
1903,2,39,2025-11-22 07:30:00,delivery,70,Inventory received for purchase order 441
1904,2,1,2025-11-22 07:30:00,delivery,35,Inventory received for purchase order 442
1905,2,5,2025-11-22 07:30:00,delivery,54,Inventory received for purchase order 442
1906,2,10,2025-11-22 07:30:00,delivery,69,Inventory received for purchase order 442
1907,2,19,2025-11-22 07:30:00,delivery,97,Inventory received for purchase order 442
1908,2,40,2025-11-22 07:30:00,delivery,69,Inventory received for purchase order 442
1909,2,41,2025-11-22 07:30:00,delivery,69,Inventory received for purchase order 442
1910,2,47,2025-11-23 07:30:00,delivery,56,Inventory received for purchase order 443
1911,2,3,2025-12-01 07:30:00,delivery,40,Inventory received for purchase order 444
1912,2,9,2025-12-01 07:30:00,delivery,60,Inventory received for purchase order 444
1913,2,11,2025-12-01 07:30:00,delivery,80,Inventory received for purchase order 444
1914,2,15,2025-12-01 07:30:00,delivery,96,Inventory received for purchase order 444
1915,2,10,2025-11-28 07:30:00,delivery,24,Inventory received for purchase order 445
1916,2,14,2025-11-28 07:30:00,delivery,48,Inventory received for purchase order 445
1917,2,26,2025-11-28 07:30:00,delivery,48,Inventory received for purchase order 445
1918,2,27,2025-11-28 07:30:00,delivery,72,Inventory received for purchase order 445
1919,2,37,2025-11-28 07:30:00,delivery,48,Inventory received for purchase order 445
1920,2,41,2025-11-28 07:30:00,delivery,72,Inventory received for purchase order 445
1921,2,7,2025-11-29 07:30:00,delivery,72,Inventory received for purchase order 446
1922,2,25,2025-11-29 07:30:00,delivery,36,Inventory received for purchase order 446
1923,2,30,2025-11-29 07:30:00,delivery,72,Inventory received for purchase order 446
1924,2,36,2025-11-29 07:30:00,delivery,50,Inventory received for purchase order 446
1925,2,16,2025-11-29 07:30:00,delivery,48,Inventory received for purchase order 447
1926,2,18,2025-11-29 07:30:00,delivery,84,Inventory received for purchase order 447
1927,2,22,2025-11-29 07:30:00,delivery,66,Inventory received for purchase order 447
1928,2,19,2025-11-29 07:30:00,delivery,36,Inventory received for purchase order 448
1929,2,20,2025-11-29 07:30:00,delivery,50,Inventory received for purchase order 448
1930,2,34,2025-11-29 07:30:00,delivery,48,Inventory received for purchase order 448
1931,2,35,2025-11-29 07:30:00,delivery,60,Inventory received for purchase order 448
1932,2,24,2025-11-30 07:30:00,delivery,24,Inventory received for purchase order 449
1933,2,28,2025-11-30 07:30:00,delivery,60,Inventory received for purchase order 449
1934,2,29,2025-11-30 07:30:00,delivery,60,Inventory received for purchase order 449
1935,2,40,2025-11-30 07:30:00,delivery,56,Inventory received for purchase order 449
1936,2,43,2025-11-30 07:30:00,delivery,48,Inventory received for purchase order 449
1937,2,17,2025-12-01 07:30:00,delivery,72,Inventory received for purchase order 450
1938,2,32,2025-12-01 07:30:00,delivery,66,Inventory received for purchase order 450
1939,2,33,2025-12-01 07:30:00,delivery,59,Inventory received for purchase order 450
1940,2,2,2025-11-28 07:30:00,delivery,80,Inventory received for purchase order 451
1941,2,5,2025-11-28 07:30:00,delivery,72,Inventory received for purchase order 451
1942,2,13,2025-11-28 07:30:00,delivery,72,Inventory received for purchase order 451
1943,2,21,2025-11-28 07:30:00,delivery,48,Inventory received for purchase order 451
1944,2,23,2025-11-28 07:30:00,delivery,56,Inventory received for purchase order 451
1945,2,31,2025-11-28 07:30:00,delivery,48,Inventory received for purchase order 451
1946,2,45,2025-11-29 07:30:00,delivery,72,Inventory received for purchase order 452
1947,2,48,2025-11-29 07:30:00,delivery,50,Inventory received for purchase order 452
1948,2,1,2025-11-29 07:30:00,delivery,36,Inventory received for purchase order 453
1949,2,39,2025-11-29 07:30:00,delivery,60,Inventory received for purchase order 453
1950,2,44,2025-11-29 07:30:00,delivery,30,Inventory received for purchase order 453
1951,2,46,2025-11-29 07:30:00,delivery,48,Inventory received for purchase order 453
1952,2,47,2025-11-29 07:30:00,delivery,80,Inventory received for purchase order 453
1953,2,3,2025-12-06 07:30:00,delivery,80,Inventory received for purchase order 454
1954,2,9,2025-12-06 07:30:00,delivery,80,Inventory received for purchase order 454
1955,2,15,2025-12-06 07:30:00,delivery,48,Inventory received for purchase order 454
1956,2,20,2025-12-06 07:30:00,delivery,72,Inventory received for purchase order 454
1957,2,2,2025-12-07 07:30:00,delivery,60,Inventory received for purchase order 455
1958,2,7,2025-12-07 07:30:00,delivery,56,Inventory received for purchase order 455
1959,2,14,2025-12-07 07:30:00,delivery,96,Inventory received for purchase order 455
1960,2,22,2025-12-07 07:30:00,delivery,84,Inventory received for purchase order 455
1961,2,27,2025-12-07 07:30:00,delivery,108,Inventory received for purchase order 455
1962,2,48,2025-12-07 07:30:00,delivery,96,Inventory received for purchase order 455
1963,2,25,2025-12-08 07:30:00,delivery,84,Inventory received for purchase order 456
1964,2,26,2025-12-08 07:30:00,delivery,72,Inventory received for purchase order 456
1965,2,30,2025-12-08 07:30:00,delivery,72,Inventory received for purchase order 456
1966,2,34,2025-12-05 07:30:00,delivery,40,Inventory received for purchase order 457
1967,2,44,2025-12-05 07:30:00,delivery,96,Inventory received for purchase order 457
1968,2,46,2025-12-05 07:30:00,delivery,72,Inventory received for purchase order 457
1969,2,13,2025-12-06 07:30:00,delivery,60,Inventory received for purchase order 458
1970,2,28,2025-12-06 07:30:00,delivery,72,Inventory received for purchase order 458
1971,2,16,2025-12-06 07:30:00,delivery,57,Inventory received for purchase order 459
1972,2,24,2025-12-06 07:30:00,delivery,69,Inventory received for purchase order 459
1973,2,29,2025-12-06 07:30:00,delivery,77,Inventory received for purchase order 459
1974,2,36,2025-12-06 07:30:00,delivery,69,Inventory received for purchase order 459
1975,2,43,2025-12-06 07:30:00,delivery,69,Inventory received for purchase order 459
1976,2,45,2025-12-06 07:30:00,delivery,76,Inventory received for purchase order 459
1977,2,11,2025-12-06 07:30:00,delivery,90,Inventory received for purchase order 460
1978,2,17,2025-12-06 07:30:00,delivery,96,Inventory received for purchase order 460
1979,2,32,2025-12-06 07:30:00,delivery,84,Inventory received for purchase order 460
1980,2,33,2025-12-06 07:30:00,delivery,42,Inventory received for purchase order 460
1981,2,5,2025-12-07 07:30:00,delivery,72,Inventory received for purchase order 461
1982,2,18,2025-12-07 07:30:00,delivery,56,Inventory received for purchase order 461
1983,2,21,2025-12-07 07:30:00,delivery,72,Inventory received for purchase order 461
1984,2,23,2025-12-07 07:30:00,delivery,64,Inventory received for purchase order 461
1985,2,35,2025-12-07 07:30:00,delivery,96,Inventory received for purchase order 461
1986,2,37,2025-12-07 07:30:00,delivery,72,Inventory received for purchase order 461
1987,2,39,2025-12-08 07:30:00,delivery,70,Inventory received for purchase order 462
1988,2,1,2025-12-05 07:30:00,delivery,72,Inventory received for purchase order 463
1989,2,10,2025-12-05 07:30:00,delivery,96,Inventory received for purchase order 463
1990,2,19,2025-12-05 07:30:00,delivery,110,Inventory received for purchase order 463
1991,2,31,2025-12-05 07:30:00,delivery,96,Inventory received for purchase order 463
1992,2,40,2025-12-05 07:30:00,delivery,96,Inventory received for purchase order 463
1993,2,41,2025-12-05 07:30:00,delivery,64,Inventory received for purchase order 463
1994,2,47,2025-12-06 07:30:00,delivery,56,Inventory received for purchase order 464
1995,2,3,2025-12-13 07:30:00,delivery,60,Inventory received for purchase order 465
1996,2,9,2025-12-13 07:30:00,delivery,60,Inventory received for purchase order 465
1997,2,11,2025-12-13 07:30:00,delivery,60,Inventory received for purchase order 465
1998,2,15,2025-12-13 07:30:00,delivery,48,Inventory received for purchase order 465
1999,2,7,2025-12-13 07:30:00,delivery,40,Inventory received for purchase order 466
2000,2,10,2025-12-13 07:30:00,delivery,48,Inventory received for purchase order 466
2001,2,14,2025-12-13 07:30:00,delivery,48,Inventory received for purchase order 466
2002,2,24,2025-12-13 07:30:00,delivery,40,Inventory received for purchase order 466
2003,2,26,2025-12-13 07:30:00,delivery,48,Inventory received for purchase order 466
2004,2,27,2025-12-13 07:30:00,delivery,72,Inventory received for purchase order 466
2005,2,37,2025-12-14 07:30:00,delivery,64,Inventory received for purchase order 467
2006,2,41,2025-12-14 07:30:00,delivery,78,Inventory received for purchase order 467
2007,2,25,2025-12-15 07:30:00,delivery,72,Inventory received for purchase order 468
2008,2,29,2025-12-15 07:30:00,delivery,96,Inventory received for purchase order 468
2009,2,30,2025-12-15 07:30:00,delivery,36,Inventory received for purchase order 468
2010,2,36,2025-12-15 07:30:00,delivery,40,Inventory received for purchase order 468
2011,2,16,2025-12-12 07:30:00,delivery,96,Inventory received for purchase order 469
2012,2,22,2025-12-12 07:30:00,delivery,66,Inventory received for purchase order 469
2013,2,43,2025-12-12 07:30:00,delivery,79,Inventory received for purchase order 469
2014,2,2,2025-12-13 07:30:00,delivery,72,Inventory received for purchase order 470
2015,2,19,2025-12-13 07:30:00,delivery,72,Inventory received for purchase order 470
2016,2,20,2025-12-13 07:30:00,delivery,50,Inventory received for purchase order 470
2017,2,34,2025-12-13 07:30:00,delivery,60,Inventory received for purchase order 470
2018,2,47,2025-12-13 07:30:00,delivery,80,Inventory received for purchase order 470
2019,2,28,2025-12-13 07:30:00,delivery,60,Inventory received for purchase order 471
2020,2,40,2025-12-13 07:30:00,delivery,48,Inventory received for purchase order 471
2021,2,17,2025-12-13 07:30:00,delivery,96,Inventory received for purchase order 472
2022,2,33,2025-12-13 07:30:00,delivery,60,Inventory received for purchase order 472
2023,2,13,2025-12-14 07:30:00,delivery,72,Inventory received for purchase order 473
2024,2,18,2025-12-14 07:30:00,delivery,56,Inventory received for purchase order 473
2025,2,21,2025-12-14 07:30:00,delivery,72,Inventory received for purchase order 473
2026,2,23,2025-12-14 07:30:00,delivery,72,Inventory received for purchase order 473
2027,2,31,2025-12-14 07:30:00,delivery,48,Inventory received for purchase order 473
2028,2,35,2025-12-14 07:30:00,delivery,96,Inventory received for purchase order 473
2029,2,39,2025-12-15 07:30:00,delivery,60,Inventory received for purchase order 474
2030,2,45,2025-12-15 07:30:00,delivery,72,Inventory received for purchase order 474
2031,2,48,2025-12-15 07:30:00,delivery,50,Inventory received for purchase order 474
2032,2,1,2025-12-12 07:30:00,delivery,36,Inventory received for purchase order 475
2033,2,5,2025-12-12 07:30:00,delivery,64,Inventory received for purchase order 475
2034,2,32,2025-12-12 07:30:00,delivery,80,Inventory received for purchase order 475
2035,2,44,2025-12-12 07:30:00,delivery,50,Inventory received for purchase order 475
2036,2,46,2025-12-12 07:30:00,delivery,72,Inventory received for purchase order 475
2037,2,3,2025-12-20 07:30:00,delivery,77,Inventory received for purchase order 476
2038,2,9,2025-12-20 07:30:00,delivery,48,Inventory received for purchase order 476
2039,2,15,2025-12-20 07:30:00,delivery,46,Inventory received for purchase order 476
2040,2,2,2025-12-20 07:30:00,delivery,60,Inventory received for purchase order 477
2041,2,7,2025-12-20 07:30:00,delivery,64,Inventory received for purchase order 477
2042,2,14,2025-12-20 07:30:00,delivery,96,Inventory received for purchase order 477
2043,2,22,2025-12-20 07:30:00,delivery,36,Inventory received for purchase order 477
2044,2,24,2025-12-20 07:30:00,delivery,70,Inventory received for purchase order 477
2045,2,27,2025-12-20 07:30:00,delivery,36,Inventory received for purchase order 477
2046,2,48,2025-12-20 07:30:00,delivery,48,Inventory received for purchase order 478
2047,2,25,2025-12-21 07:30:00,delivery,72,Inventory received for purchase order 479
2048,2,26,2025-12-21 07:30:00,delivery,72,Inventory received for purchase order 479
2049,2,30,2025-12-21 07:30:00,delivery,72,Inventory received for purchase order 479
2050,2,34,2025-12-22 07:30:00,delivery,59,Inventory received for purchase order 480
2051,2,43,2025-12-22 07:30:00,delivery,50,Inventory received for purchase order 480
2052,2,46,2025-12-22 07:30:00,delivery,72,Inventory received for purchase order 480
2053,2,13,2025-12-19 07:30:00,delivery,40,Inventory received for purchase order 481
2054,2,20,2025-12-19 07:30:00,delivery,80,Inventory received for purchase order 481
2055,2,28,2025-12-19 07:30:00,delivery,64,Inventory received for purchase order 481
2056,2,35,2025-12-19 07:30:00,delivery,40,Inventory received for purchase order 481
2057,2,44,2025-12-19 07:30:00,delivery,72,Inventory received for purchase order 481
2058,2,16,2025-12-20 07:30:00,delivery,60,Inventory received for purchase order 482
2059,2,29,2025-12-20 07:30:00,delivery,20,Inventory received for purchase order 482
2060,2,36,2025-12-20 07:30:00,delivery,56,Inventory received for purchase order 482
2061,2,45,2025-12-20 07:30:00,delivery,48,Inventory received for purchase order 482
2062,2,11,2025-12-20 07:30:00,delivery,72,Inventory received for purchase order 483
2063,2,17,2025-12-20 07:30:00,delivery,48,Inventory received for purchase order 483
2064,2,32,2025-12-20 07:30:00,delivery,24,Inventory received for purchase order 483
2065,2,33,2025-12-20 07:30:00,delivery,72,Inventory received for purchase order 483
2066,2,5,2025-12-20 07:30:00,delivery,72,Inventory received for purchase order 484
2067,2,18,2025-12-20 07:30:00,delivery,64,Inventory received for purchase order 484
2068,2,21,2025-12-20 07:30:00,delivery,48,Inventory received for purchase order 484
2069,2,23,2025-12-20 07:30:00,delivery,48,Inventory received for purchase order 484
2070,2,37,2025-12-20 07:30:00,delivery,72,Inventory received for purchase order 484
2071,2,39,2025-12-20 07:30:00,delivery,50,Inventory received for purchase order 484
2072,2,1,2025-12-21 07:30:00,delivery,72,Inventory received for purchase order 485
2073,2,10,2025-12-21 07:30:00,delivery,72,Inventory received for purchase order 485
2074,2,19,2025-12-21 07:30:00,delivery,60,Inventory received for purchase order 485
2075,2,31,2025-12-21 07:30:00,delivery,96,Inventory received for purchase order 485
2076,2,40,2025-12-21 07:30:00,delivery,96,Inventory received for purchase order 485
2077,2,41,2025-12-21 07:30:00,delivery,80,Inventory received for purchase order 485
2078,2,47,2025-12-22 07:30:00,delivery,72,Inventory received for purchase order 486
2079,2,3,2025-12-26 07:30:00,delivery,60,Inventory received for purchase order 487
2080,2,9,2025-12-26 07:30:00,delivery,60,Inventory received for purchase order 487
2081,2,11,2025-12-26 07:30:00,delivery,60,Inventory received for purchase order 487
2082,2,15,2025-12-26 07:30:00,delivery,96,Inventory received for purchase order 487
2083,2,20,2025-12-26 07:30:00,delivery,72,Inventory received for purchase order 487
2084,2,21,2025-12-26 07:30:00,delivery,48,Inventory received for purchase order 487
2085,2,10,2025-12-27 07:30:00,delivery,72,Inventory received for purchase order 488
2086,2,14,2025-12-27 07:30:00,delivery,48,Inventory received for purchase order 488
2087,2,24,2025-12-27 07:30:00,delivery,39,Inventory received for purchase order 488
2088,2,26,2025-12-27 07:30:00,delivery,36,Inventory received for purchase order 488
2089,2,37,2025-12-27 07:30:00,delivery,40,Inventory received for purchase order 488
2090,2,41,2025-12-27 07:30:00,delivery,84,Inventory received for purchase order 488
2091,2,7,2025-12-27 07:30:00,delivery,72,Inventory received for purchase order 489
2092,2,25,2025-12-27 07:30:00,delivery,84,Inventory received for purchase order 489
2093,2,29,2025-12-27 07:30:00,delivery,96,Inventory received for purchase order 489
2094,2,30,2025-12-27 07:30:00,delivery,72,Inventory received for purchase order 489
2095,2,36,2025-12-27 07:30:00,delivery,50,Inventory received for purchase order 489
2096,2,16,2025-12-27 07:30:00,delivery,72,Inventory received for purchase order 490
2097,2,18,2025-12-27 07:30:00,delivery,72,Inventory received for purchase order 490
2098,2,22,2025-12-27 07:30:00,delivery,96,Inventory received for purchase order 490
2099,2,43,2025-12-27 07:30:00,delivery,70,Inventory received for purchase order 490
2100,2,2,2025-12-28 07:30:00,delivery,72,Inventory received for purchase order 491
2101,2,19,2025-12-28 07:30:00,delivery,72,Inventory received for purchase order 491
2102,2,27,2025-12-28 07:30:00,delivery,72,Inventory received for purchase order 491
2103,2,34,2025-12-28 07:30:00,delivery,72,Inventory received for purchase order 491
2104,2,47,2025-12-28 07:30:00,delivery,60,Inventory received for purchase order 491
2105,2,28,2025-12-29 07:30:00,delivery,48,Inventory received for purchase order 492
2106,2,40,2025-12-29 07:30:00,delivery,64,Inventory received for purchase order 492
2107,2,17,2025-12-26 07:30:00,delivery,69,Inventory received for purchase order 493
2108,2,33,2025-12-26 07:30:00,delivery,46,Inventory received for purchase order 493
2109,2,13,2025-12-27 07:30:00,delivery,72,Inventory received for purchase order 494
2110,2,23,2025-12-27 07:30:00,delivery,56,Inventory received for purchase order 494
2111,2,31,2025-12-27 07:30:00,delivery,72,Inventory received for purchase order 494
2112,2,35,2025-12-27 07:30:00,delivery,48,Inventory received for purchase order 494
2113,2,39,2025-12-27 07:30:00,delivery,60,Inventory received for purchase order 494
2114,2,45,2025-12-27 07:30:00,delivery,60,Inventory received for purchase order 494
2115,2,48,2025-12-27 07:30:00,delivery,60,Inventory received for purchase order 495
2116,2,1,2025-12-27 07:30:00,delivery,72,Inventory received for purchase order 496
2117,2,5,2025-12-27 07:30:00,delivery,72,Inventory received for purchase order 496
2118,2,32,2025-12-27 07:30:00,delivery,100,Inventory received for purchase order 496
2119,2,44,2025-12-27 07:30:00,delivery,80,Inventory received for purchase order 496
2120,2,46,2025-12-27 07:30:00,delivery,72,Inventory received for purchase order 496
2121,2,3,2026-01-04 07:30:00,delivery,60,Inventory received for purchase order 497
2122,2,9,2026-01-04 07:30:00,delivery,70,Inventory received for purchase order 497
2123,2,15,2026-01-04 07:30:00,delivery,48,Inventory received for purchase order 497
2124,2,21,2026-01-04 07:30:00,delivery,55,Inventory received for purchase order 497
2125,2,2,2026-01-05 07:30:00,delivery,60,Inventory received for purchase order 498
2126,2,14,2026-01-05 07:30:00,delivery,72,Inventory received for purchase order 498
2127,2,22,2026-01-05 07:30:00,delivery,60,Inventory received for purchase order 498
2128,2,48,2026-01-05 07:30:00,delivery,72,Inventory received for purchase order 498
2129,2,7,2026-01-02 07:30:00,delivery,36,Inventory received for purchase order 499
2130,2,25,2026-01-02 07:30:00,delivery,36,Inventory received for purchase order 499
2131,2,30,2026-01-02 07:30:00,delivery,72,Inventory received for purchase order 499
2132,2,34,2026-01-03 07:30:00,delivery,60,Inventory received for purchase order 500
2133,2,46,2026-01-03 07:30:00,delivery,72,Inventory received for purchase order 500
2134,2,13,2026-01-03 07:30:00,delivery,20,Inventory received for purchase order 501
2135,2,20,2026-01-03 07:30:00,delivery,70,Inventory received for purchase order 501
2136,2,27,2026-01-03 07:30:00,delivery,48,Inventory received for purchase order 501
2137,2,28,2026-01-03 07:30:00,delivery,56,Inventory received for purchase order 501
2138,2,35,2026-01-03 07:30:00,delivery,60,Inventory received for purchase order 501
2139,2,44,2026-01-03 07:30:00,delivery,72,Inventory received for purchase order 501
2140,2,16,2026-01-03 07:30:00,delivery,80,Inventory received for purchase order 502
2141,2,26,2026-01-03 07:30:00,delivery,40,Inventory received for purchase order 502
2142,2,29,2026-01-03 07:30:00,delivery,20,Inventory received for purchase order 502
2143,2,36,2026-01-03 07:30:00,delivery,88,Inventory received for purchase order 502
2144,2,43,2026-01-03 07:30:00,delivery,72,Inventory received for purchase order 502
2145,2,45,2026-01-03 07:30:00,delivery,72,Inventory received for purchase order 502
2146,2,11,2026-01-04 07:30:00,delivery,36,Inventory received for purchase order 503
2147,2,17,2026-01-04 07:30:00,delivery,48,Inventory received for purchase order 503
2148,2,33,2026-01-04 07:30:00,delivery,60,Inventory received for purchase order 503
2149,2,5,2026-01-05 07:30:00,delivery,72,Inventory received for purchase order 504
2150,2,18,2026-01-05 07:30:00,delivery,48,Inventory received for purchase order 504
2151,2,23,2026-01-05 07:30:00,delivery,48,Inventory received for purchase order 504
2152,2,24,2026-01-05 07:30:00,delivery,36,Inventory received for purchase order 504
2153,2,37,2026-01-05 07:30:00,delivery,72,Inventory received for purchase order 504
2154,2,39,2026-01-05 07:30:00,delivery,70,Inventory received for purchase order 504
2155,2,1,2026-01-02 07:30:00,delivery,72,Inventory received for purchase order 505
2156,2,10,2026-01-02 07:30:00,delivery,72,Inventory received for purchase order 505
2157,2,19,2026-01-02 07:30:00,delivery,60,Inventory received for purchase order 505
2158,2,31,2026-01-02 07:30:00,delivery,48,Inventory received for purchase order 505
2159,2,32,2026-01-02 07:30:00,delivery,60,Inventory received for purchase order 505
2160,2,40,2026-01-02 07:30:00,delivery,72,Inventory received for purchase order 505
2161,2,41,2026-01-03 07:30:00,delivery,55,Inventory received for purchase order 506
2162,2,47,2026-01-03 07:30:00,delivery,72,Inventory received for purchase order 506
2163,2,3,2026-01-10 07:30:00,delivery,60,Inventory received for purchase order 507
2164,2,9,2026-01-10 07:30:00,delivery,70,Inventory received for purchase order 507
2165,2,15,2026-01-10 07:30:00,delivery,96,Inventory received for purchase order 507
2166,2,20,2026-01-10 07:30:00,delivery,72,Inventory received for purchase order 507
2167,2,10,2026-01-10 07:30:00,delivery,64,Inventory received for purchase order 508
2168,2,14,2026-01-10 07:30:00,delivery,48,Inventory received for purchase order 508
2169,2,26,2026-01-10 07:30:00,delivery,96,Inventory received for purchase order 508
2170,2,41,2026-01-10 07:30:00,delivery,72,Inventory received for purchase order 508
2171,2,7,2026-01-11 07:30:00,delivery,108,Inventory received for purchase order 509
2172,2,25,2026-01-11 07:30:00,delivery,60,Inventory received for purchase order 509
2173,2,30,2026-01-11 07:30:00,delivery,72,Inventory received for purchase order 509
2174,2,36,2026-01-11 07:30:00,delivery,70,Inventory received for purchase order 509
2175,2,16,2026-01-12 07:30:00,delivery,46,Inventory received for purchase order 510
2176,2,18,2026-01-12 07:30:00,delivery,46,Inventory received for purchase order 510
2177,2,22,2026-01-12 07:30:00,delivery,35,Inventory received for purchase order 510
2178,2,43,2026-01-12 07:30:00,delivery,57,Inventory received for purchase order 510
2179,2,19,2026-01-09 07:30:00,delivery,72,Inventory received for purchase order 511
2180,2,27,2026-01-09 07:30:00,delivery,60,Inventory received for purchase order 511
2181,2,34,2026-01-09 07:30:00,delivery,84,Inventory received for purchase order 511
2182,2,47,2026-01-09 07:30:00,delivery,80,Inventory received for purchase order 511
2183,2,24,2026-01-10 07:30:00,delivery,72,Inventory received for purchase order 512
2184,2,28,2026-01-10 07:30:00,delivery,54,Inventory received for purchase order 512
2185,2,29,2026-01-10 07:30:00,delivery,60,Inventory received for purchase order 512
2186,2,40,2026-01-10 07:30:00,delivery,56,Inventory received for purchase order 512
2187,2,11,2026-01-10 07:30:00,delivery,84,Inventory received for purchase order 513
2188,2,17,2026-01-10 07:30:00,delivery,72,Inventory received for purchase order 513
2189,2,32,2026-01-10 07:30:00,delivery,48,Inventory received for purchase order 513
2190,2,33,2026-01-10 07:30:00,delivery,66,Inventory received for purchase order 513
2191,2,2,2026-01-10 07:30:00,delivery,40,Inventory received for purchase order 514
2192,2,5,2026-01-10 07:30:00,delivery,72,Inventory received for purchase order 514
2193,2,13,2026-01-10 07:30:00,delivery,72,Inventory received for purchase order 514
2194,2,21,2026-01-10 07:30:00,delivery,72,Inventory received for purchase order 514
2195,2,23,2026-01-10 07:30:00,delivery,32,Inventory received for purchase order 514
2196,2,35,2026-01-10 07:30:00,delivery,48,Inventory received for purchase order 514
2197,2,37,2026-01-11 07:30:00,delivery,108,Inventory received for purchase order 515
2198,2,45,2026-01-11 07:30:00,delivery,71,Inventory received for purchase order 515
2199,2,48,2026-01-11 07:30:00,delivery,70,Inventory received for purchase order 515
2200,2,1,2026-01-12 07:30:00,delivery,36,Inventory received for purchase order 516
2201,2,31,2026-01-12 07:30:00,delivery,72,Inventory received for purchase order 516
2202,2,39,2026-01-12 07:30:00,delivery,60,Inventory received for purchase order 516
2203,2,44,2026-01-12 07:30:00,delivery,40,Inventory received for purchase order 516
2204,2,46,2026-01-12 07:30:00,delivery,48,Inventory received for purchase order 516
2205,2,3,2026-01-16 07:30:00,delivery,60,Inventory received for purchase order 517
2206,2,9,2026-01-16 07:30:00,delivery,60,Inventory received for purchase order 517
2207,2,15,2026-01-16 07:30:00,delivery,48,Inventory received for purchase order 517
2208,2,20,2026-01-16 07:30:00,delivery,72,Inventory received for purchase order 517
2209,2,7,2026-01-17 07:30:00,delivery,16,Inventory received for purchase order 518
2210,2,14,2026-01-17 07:30:00,delivery,72,Inventory received for purchase order 518
2211,2,22,2026-01-17 07:30:00,delivery,60,Inventory received for purchase order 518
2212,2,24,2026-01-17 07:30:00,delivery,70,Inventory received for purchase order 518
2213,2,48,2026-01-17 07:30:00,delivery,72,Inventory received for purchase order 518
2214,2,25,2026-01-17 07:30:00,delivery,60,Inventory received for purchase order 519
2215,2,26,2026-01-17 07:30:00,delivery,108,Inventory received for purchase order 519
2216,2,30,2026-01-17 07:30:00,delivery,72,Inventory received for purchase order 519
2217,2,34,2026-01-17 07:30:00,delivery,60,Inventory received for purchase order 520
2218,2,44,2026-01-17 07:30:00,delivery,96,Inventory received for purchase order 520
2219,2,46,2026-01-17 07:30:00,delivery,24,Inventory received for purchase order 520
2220,2,13,2026-01-18 07:30:00,delivery,40,Inventory received for purchase order 521
2221,2,27,2026-01-18 07:30:00,delivery,48,Inventory received for purchase order 521
2222,2,28,2026-01-18 07:30:00,delivery,40,Inventory received for purchase order 521
2223,2,35,2026-01-18 07:30:00,delivery,80,Inventory received for purchase order 521
2224,2,16,2026-01-19 07:30:00,delivery,40,Inventory received for purchase order 522
2225,2,29,2026-01-19 07:30:00,delivery,40,Inventory received for purchase order 522
2226,2,36,2026-01-19 07:30:00,delivery,40,Inventory received for purchase order 522
2227,2,43,2026-01-19 07:30:00,delivery,72,Inventory received for purchase order 522
2228,2,45,2026-01-19 07:30:00,delivery,64,Inventory received for purchase order 522
2229,2,11,2026-01-16 07:30:00,delivery,60,Inventory received for purchase order 523
2230,2,17,2026-01-16 07:30:00,delivery,72,Inventory received for purchase order 523
2231,2,33,2026-01-16 07:30:00,delivery,72,Inventory received for purchase order 523
2232,2,2,2026-01-17 07:30:00,delivery,80,Inventory received for purchase order 524
2233,2,18,2026-01-17 07:30:00,delivery,64,Inventory received for purchase order 524
2234,2,21,2026-01-17 07:30:00,delivery,48,Inventory received for purchase order 524
2235,2,23,2026-01-17 07:30:00,delivery,39,Inventory received for purchase order 524
2236,2,31,2026-01-17 07:30:00,delivery,36,Inventory received for purchase order 524
2237,2,37,2026-01-17 07:30:00,delivery,36,Inventory received for purchase order 524
2238,2,39,2026-01-17 07:30:00,delivery,50,Inventory received for purchase order 525
2239,2,1,2026-01-17 07:30:00,delivery,36,Inventory received for purchase order 526
2240,2,5,2026-01-17 07:30:00,delivery,48,Inventory received for purchase order 526
2241,2,10,2026-01-17 07:30:00,delivery,72,Inventory received for purchase order 526
2242,2,19,2026-01-17 07:30:00,delivery,40,Inventory received for purchase order 526
2243,2,32,2026-01-17 07:30:00,delivery,80,Inventory received for purchase order 526
2244,2,40,2026-01-17 07:30:00,delivery,48,Inventory received for purchase order 526
2245,2,41,2026-01-18 07:30:00,delivery,54,Inventory received for purchase order 527
2246,2,47,2026-01-18 07:30:00,delivery,54,Inventory received for purchase order 527
2247,2,3,2026-01-26 07:30:00,delivery,40,Inventory received for purchase order 528
2248,2,9,2026-01-26 07:30:00,delivery,60,Inventory received for purchase order 528
2249,2,11,2026-01-26 07:30:00,delivery,40,Inventory received for purchase order 528
2250,2,15,2026-01-26 07:30:00,delivery,48,Inventory received for purchase order 528
2251,2,10,2026-01-23 07:30:00,delivery,48,Inventory received for purchase order 529
2252,2,14,2026-01-23 07:30:00,delivery,72,Inventory received for purchase order 529
2253,2,24,2026-01-23 07:30:00,delivery,60,Inventory received for purchase order 529
2254,2,26,2026-01-23 07:30:00,delivery,30,Inventory received for purchase order 529
2255,2,37,2026-01-23 07:30:00,delivery,72,Inventory received for purchase order 529
2256,2,41,2026-01-23 07:30:00,delivery,54,Inventory received for purchase order 529
2257,2,7,2026-01-24 07:30:00,delivery,72,Inventory received for purchase order 530
2258,2,25,2026-01-24 07:30:00,delivery,60,Inventory received for purchase order 530
2259,2,29,2026-01-24 07:30:00,delivery,96,Inventory received for purchase order 530
2260,2,30,2026-01-24 07:30:00,delivery,36,Inventory received for purchase order 530
2261,2,36,2026-01-24 07:30:00,delivery,30,Inventory received for purchase order 530
2262,2,16,2026-01-24 07:30:00,delivery,48,Inventory received for purchase order 531
2263,2,18,2026-01-24 07:30:00,delivery,36,Inventory received for purchase order 531
2264,2,22,2026-01-24 07:30:00,delivery,42,Inventory received for purchase order 531
2265,2,43,2026-01-24 07:30:00,delivery,60,Inventory received for purchase order 531
2266,2,19,2026-01-24 07:30:00,delivery,72,Inventory received for purchase order 532
2267,2,20,2026-01-24 07:30:00,delivery,10,Inventory received for purchase order 532
2268,2,27,2026-01-24 07:30:00,delivery,54,Inventory received for purchase order 532
2269,2,34,2026-01-24 07:30:00,delivery,60,Inventory received for purchase order 532
2270,2,35,2026-01-24 07:30:00,delivery,60,Inventory received for purchase order 532
2271,2,47,2026-01-24 07:30:00,delivery,60,Inventory received for purchase order 532
2272,2,28,2026-01-25 07:30:00,delivery,89,Inventory received for purchase order 533
2273,2,40,2026-01-25 07:30:00,delivery,56,Inventory received for purchase order 533
2274,2,17,2026-01-26 07:30:00,delivery,48,Inventory received for purchase order 534
2275,2,33,2026-01-26 07:30:00,delivery,42,Inventory received for purchase order 534
2276,2,2,2026-01-23 07:30:00,delivery,20,Inventory received for purchase order 535
2277,2,5,2026-01-23 07:30:00,delivery,72,Inventory received for purchase order 535
2278,2,13,2026-01-23 07:30:00,delivery,72,Inventory received for purchase order 535
2279,2,21,2026-01-23 07:30:00,delivery,72,Inventory received for purchase order 535
2280,2,23,2026-01-23 07:30:00,delivery,72,Inventory received for purchase order 535
2281,2,45,2026-01-23 07:30:00,delivery,48,Inventory received for purchase order 535
2282,2,48,2026-01-24 07:30:00,delivery,50,Inventory received for purchase order 536
2283,2,1,2026-01-24 07:30:00,delivery,36,Inventory received for purchase order 537
2284,2,31,2026-01-24 07:30:00,delivery,72,Inventory received for purchase order 537
2285,2,32,2026-01-24 07:30:00,delivery,40,Inventory received for purchase order 537
2286,2,39,2026-01-24 07:30:00,delivery,60,Inventory received for purchase order 537
2287,2,44,2026-01-24 07:30:00,delivery,40,Inventory received for purchase order 537
2288,2,46,2026-01-24 07:30:00,delivery,72,Inventory received for purchase order 537
2289,2,3,2026-01-31 07:30:00,delivery,80,Inventory received for purchase order 538
2290,2,9,2026-01-31 07:30:00,delivery,80,Inventory received for purchase order 538
2291,2,15,2026-01-31 07:30:00,delivery,96,Inventory received for purchase order 538
2292,2,20,2026-01-31 07:30:00,delivery,72,Inventory received for purchase order 538
2293,2,21,2026-01-31 07:30:00,delivery,40,Inventory received for purchase order 538
2294,2,2,2026-02-01 07:30:00,delivery,40,Inventory received for purchase order 539
2295,2,7,2026-02-01 07:30:00,delivery,40,Inventory received for purchase order 539
2296,2,14,2026-02-01 07:30:00,delivery,72,Inventory received for purchase order 539
2297,2,22,2026-02-01 07:30:00,delivery,78,Inventory received for purchase order 539
2298,2,48,2026-02-01 07:30:00,delivery,72,Inventory received for purchase order 539
2299,2,25,2026-02-02 07:30:00,delivery,48,Inventory received for purchase order 540
2300,2,26,2026-02-02 07:30:00,delivery,72,Inventory received for purchase order 540
2301,2,29,2026-02-02 07:30:00,delivery,48,Inventory received for purchase order 540
2302,2,30,2026-02-02 07:30:00,delivery,72,Inventory received for purchase order 540
2303,2,34,2026-01-30 07:30:00,delivery,80,Inventory received for purchase order 541
2304,2,43,2026-01-30 07:30:00,delivery,30,Inventory received for purchase order 541
2305,2,46,2026-01-30 07:30:00,delivery,72,Inventory received for purchase order 541
2306,2,13,2026-01-31 07:30:00,delivery,60,Inventory received for purchase order 542
2307,2,27,2026-01-31 07:30:00,delivery,48,Inventory received for purchase order 542
2308,2,28,2026-01-31 07:30:00,delivery,64,Inventory received for purchase order 542
2309,2,35,2026-01-31 07:30:00,delivery,39,Inventory received for purchase order 542
2310,2,44,2026-01-31 07:30:00,delivery,72,Inventory received for purchase order 542
2311,2,16,2026-01-31 07:30:00,delivery,60,Inventory received for purchase order 543
2312,2,24,2026-01-31 07:30:00,delivery,72,Inventory received for purchase order 543
2313,2,36,2026-01-31 07:30:00,delivery,40,Inventory received for purchase order 543
2314,2,45,2026-01-31 07:30:00,delivery,56,Inventory received for purchase order 543
2315,2,11,2026-01-31 07:30:00,delivery,46,Inventory received for purchase order 544
2316,2,17,2026-01-31 07:30:00,delivery,46,Inventory received for purchase order 544
2317,2,32,2026-01-31 07:30:00,delivery,40,Inventory received for purchase order 544
2318,2,33,2026-01-31 07:30:00,delivery,52,Inventory received for purchase order 544
2319,2,18,2026-02-01 07:30:00,delivery,96,Inventory received for purchase order 545
2320,2,23,2026-02-01 07:30:00,delivery,56,Inventory received for purchase order 545
2321,2,31,2026-02-01 07:30:00,delivery,60,Inventory received for purchase order 545
2322,2,37,2026-02-01 07:30:00,delivery,72,Inventory received for purchase order 545
2323,2,39,2026-02-01 07:30:00,delivery,50,Inventory received for purchase order 545
2324,2,1,2026-02-02 07:30:00,delivery,72,Inventory received for purchase order 546
2325,2,5,2026-02-02 07:30:00,delivery,40,Inventory received for purchase order 546
2326,2,10,2026-02-02 07:30:00,delivery,72,Inventory received for purchase order 546
2327,2,19,2026-02-02 07:30:00,delivery,20,Inventory received for purchase order 546
2328,2,40,2026-02-02 07:30:00,delivery,72,Inventory received for purchase order 546
2329,2,41,2026-02-02 07:30:00,delivery,72,Inventory received for purchase order 546
2330,2,47,2026-01-30 07:30:00,delivery,72,Inventory received for purchase order 547
2331,2,3,2026-02-07 07:30:00,delivery,80,Inventory received for purchase order 548
2332,2,9,2026-02-07 07:30:00,delivery,90,Inventory received for purchase order 548
2333,2,11,2026-02-07 07:30:00,delivery,100,Inventory received for purchase order 548
2334,2,15,2026-02-07 07:30:00,delivery,96,Inventory received for purchase order 548
2335,2,10,2026-02-07 07:30:00,delivery,72,Inventory received for purchase order 549
2336,2,14,2026-02-07 07:30:00,delivery,48,Inventory received for purchase order 549
2337,2,26,2026-02-07 07:30:00,delivery,48,Inventory received for purchase order 549
2338,2,37,2026-02-07 07:30:00,delivery,64,Inventory received for purchase order 549
2339,2,41,2026-02-07 07:30:00,delivery,78,Inventory received for purchase order 549
2340,2,7,2026-02-07 07:30:00,delivery,72,Inventory received for purchase order 550
2341,2,25,2026-02-07 07:30:00,delivery,84,Inventory received for purchase order 550
2342,2,29,2026-02-07 07:30:00,delivery,96,Inventory received for purchase order 550
2343,2,30,2026-02-07 07:30:00,delivery,72,Inventory received for purchase order 550
2344,2,36,2026-02-07 07:30:00,delivery,70,Inventory received for purchase order 550
2345,2,16,2026-02-08 07:30:00,delivery,72,Inventory received for purchase order 551
2346,2,18,2026-02-08 07:30:00,delivery,53,Inventory received for purchase order 551
2347,2,22,2026-02-08 07:30:00,delivery,72,Inventory received for purchase order 551
2348,2,43,2026-02-08 07:30:00,delivery,70,Inventory received for purchase order 551
2349,2,19,2026-02-09 07:30:00,delivery,108,Inventory received for purchase order 552
2350,2,20,2026-02-09 07:30:00,delivery,50,Inventory received for purchase order 552
2351,2,27,2026-02-09 07:30:00,delivery,72,Inventory received for purchase order 552
2352,2,34,2026-02-09 07:30:00,delivery,60,Inventory received for purchase order 552
2353,2,24,2026-02-06 07:30:00,delivery,72,Inventory received for purchase order 553
2354,2,28,2026-02-06 07:30:00,delivery,78,Inventory received for purchase order 553
2355,2,40,2026-02-06 07:30:00,delivery,48,Inventory received for purchase order 553
2356,2,17,2026-02-07 07:30:00,delivery,72,Inventory received for purchase order 554
2357,2,33,2026-02-07 07:30:00,delivery,90,Inventory received for purchase order 554
2358,2,2,2026-02-07 07:30:00,delivery,80,Inventory received for purchase order 555
2359,2,13,2026-02-07 07:30:00,delivery,36,Inventory received for purchase order 555
2360,2,21,2026-02-07 07:30:00,delivery,96,Inventory received for purchase order 555
2361,2,23,2026-02-07 07:30:00,delivery,80,Inventory received for purchase order 555
2362,2,31,2026-02-07 07:30:00,delivery,48,Inventory received for purchase order 555
2363,2,35,2026-02-07 07:30:00,delivery,96,Inventory received for purchase order 555
2364,2,39,2026-02-07 07:30:00,delivery,80,Inventory received for purchase order 556
2365,2,45,2026-02-07 07:30:00,delivery,60,Inventory received for purchase order 556
2366,2,48,2026-02-07 07:30:00,delivery,50,Inventory received for purchase order 556
2367,2,1,2026-02-08 07:30:00,delivery,36,Inventory received for purchase order 557
2368,2,5,2026-02-08 07:30:00,delivery,64,Inventory received for purchase order 557
2369,2,32,2026-02-08 07:30:00,delivery,60,Inventory received for purchase order 557
2370,2,44,2026-02-08 07:30:00,delivery,20,Inventory received for purchase order 557
2371,2,46,2026-02-08 07:30:00,delivery,48,Inventory received for purchase order 557
2372,2,47,2026-02-08 07:30:00,delivery,64,Inventory received for purchase order 557
2373,2,3,2026-02-16 07:30:00,delivery,60,Inventory received for purchase order 558
2374,2,9,2026-02-16 07:30:00,delivery,60,Inventory received for purchase order 558
2375,2,15,2026-02-16 07:30:00,delivery,48,Inventory received for purchase order 558
2376,2,20,2026-02-16 07:30:00,delivery,108,Inventory received for purchase order 558
2377,2,21,2026-02-16 07:30:00,delivery,56,Inventory received for purchase order 558
2378,2,7,2026-02-13 07:30:00,delivery,64,Inventory received for purchase order 559
2379,2,14,2026-02-13 07:30:00,delivery,48,Inventory received for purchase order 559
2380,2,22,2026-02-13 07:30:00,delivery,42,Inventory received for purchase order 559
2381,2,24,2026-02-13 07:30:00,delivery,90,Inventory received for purchase order 559
2382,2,48,2026-02-13 07:30:00,delivery,96,Inventory received for purchase order 559
2383,2,25,2026-02-14 07:30:00,delivery,83,Inventory received for purchase order 560
2384,2,26,2026-02-14 07:30:00,delivery,72,Inventory received for purchase order 560
2385,2,29,2026-02-14 07:30:00,delivery,48,Inventory received for purchase order 560
2386,2,30,2026-02-14 07:30:00,delivery,72,Inventory received for purchase order 560
2387,2,34,2026-02-14 07:30:00,delivery,77,Inventory received for purchase order 561
2388,2,44,2026-02-14 07:30:00,delivery,93,Inventory received for purchase order 561
2389,2,46,2026-02-14 07:30:00,delivery,69,Inventory received for purchase order 561
2390,2,13,2026-02-14 07:30:00,delivery,80,Inventory received for purchase order 562
2391,2,27,2026-02-14 07:30:00,delivery,48,Inventory received for purchase order 562
2392,2,28,2026-02-14 07:30:00,delivery,80,Inventory received for purchase order 562
2393,2,35,2026-02-14 07:30:00,delivery,40,Inventory received for purchase order 562
2394,2,16,2026-02-15 07:30:00,delivery,80,Inventory received for purchase order 563
2395,2,36,2026-02-15 07:30:00,delivery,56,Inventory received for purchase order 563
2396,2,43,2026-02-15 07:30:00,delivery,72,Inventory received for purchase order 563
2397,2,45,2026-02-15 07:30:00,delivery,40,Inventory received for purchase order 563
2398,2,11,2026-02-16 07:30:00,delivery,60,Inventory received for purchase order 564
2399,2,17,2026-02-16 07:30:00,delivery,72,Inventory received for purchase order 564
2400,2,33,2026-02-16 07:30:00,delivery,60,Inventory received for purchase order 564
2401,2,2,2026-02-13 07:30:00,delivery,60,Inventory received for purchase order 565
2402,2,5,2026-02-13 07:30:00,delivery,72,Inventory received for purchase order 565
2403,2,18,2026-02-13 07:30:00,delivery,56,Inventory received for purchase order 565
2404,2,23,2026-02-13 07:30:00,delivery,40,Inventory received for purchase order 565
2405,2,37,2026-02-13 07:30:00,delivery,108,Inventory received for purchase order 565
2406,2,39,2026-02-13 07:30:00,delivery,50,Inventory received for purchase order 565
2407,2,1,2026-02-14 07:30:00,delivery,72,Inventory received for purchase order 566
2408,2,10,2026-02-14 07:30:00,delivery,72,Inventory received for purchase order 566
2409,2,19,2026-02-14 07:30:00,delivery,70,Inventory received for purchase order 566
2410,2,31,2026-02-14 07:30:00,delivery,72,Inventory received for purchase order 566
2411,2,32,2026-02-14 07:30:00,delivery,80,Inventory received for purchase order 566
2412,2,40,2026-02-14 07:30:00,delivery,72,Inventory received for purchase order 566
2413,2,41,2026-02-14 07:30:00,delivery,80,Inventory received for purchase order 567
2414,2,47,2026-02-14 07:30:00,delivery,56,Inventory received for purchase order 567
2415,2,3,2026-02-21 07:30:00,delivery,60,Inventory received for purchase order 568
2416,2,9,2026-02-21 07:30:00,delivery,80,Inventory received for purchase order 568
2417,2,11,2026-02-21 07:30:00,delivery,80,Inventory received for purchase order 568
2418,2,15,2026-02-21 07:30:00,delivery,48,Inventory received for purchase order 568
2419,2,20,2026-02-21 07:30:00,delivery,36,Inventory received for purchase order 568
2420,2,10,2026-02-22 07:30:00,delivery,55,Inventory received for purchase order 569
2421,2,14,2026-02-22 07:30:00,delivery,96,Inventory received for purchase order 569
2422,2,24,2026-02-22 07:30:00,delivery,60,Inventory received for purchase order 569
2423,2,26,2026-02-22 07:30:00,delivery,48,Inventory received for purchase order 569
2424,2,37,2026-02-22 07:30:00,delivery,64,Inventory received for purchase order 569
2425,2,7,2026-02-23 07:30:00,delivery,108,Inventory received for purchase order 570
2426,2,25,2026-02-23 07:30:00,delivery,84,Inventory received for purchase order 570
2427,2,30,2026-02-23 07:30:00,delivery,36,Inventory received for purchase order 570
2428,2,36,2026-02-23 07:30:00,delivery,60,Inventory received for purchase order 570
2429,2,16,2026-02-20 07:30:00,delivery,36,Inventory received for purchase order 571
2430,2,18,2026-02-20 07:30:00,delivery,78,Inventory received for purchase order 571
2431,2,22,2026-02-20 07:30:00,delivery,72,Inventory received for purchase order 571
2432,2,43,2026-02-20 07:30:00,delivery,60,Inventory received for purchase order 571
2433,2,19,2026-02-21 07:30:00,delivery,108,Inventory received for purchase order 572
2434,2,27,2026-02-21 07:30:00,delivery,72,Inventory received for purchase order 572
2435,2,34,2026-02-21 07:30:00,delivery,60,Inventory received for purchase order 572
2436,2,47,2026-02-21 07:30:00,delivery,100,Inventory received for purchase order 572
2437,2,28,2026-02-21 07:30:00,delivery,60,Inventory received for purchase order 573
2438,2,29,2026-02-21 07:30:00,delivery,100,Inventory received for purchase order 573
2439,2,40,2026-02-21 07:30:00,delivery,40,Inventory received for purchase order 573
2440,2,17,2026-02-21 07:30:00,delivery,72,Inventory received for purchase order 574
2441,2,33,2026-02-21 07:30:00,delivery,72,Inventory received for purchase order 574
2442,2,2,2026-02-22 07:30:00,delivery,60,Inventory received for purchase order 575
2443,2,5,2026-02-22 07:30:00,delivery,108,Inventory received for purchase order 575
2444,2,13,2026-02-22 07:30:00,delivery,72,Inventory received for purchase order 575
2445,2,21,2026-02-22 07:30:00,delivery,72,Inventory received for purchase order 575
2446,2,23,2026-02-22 07:30:00,delivery,72,Inventory received for purchase order 575
2447,2,31,2026-02-22 07:30:00,delivery,72,Inventory received for purchase order 575
2448,2,35,2026-02-23 07:30:00,delivery,96,Inventory received for purchase order 576
2449,2,39,2026-02-23 07:30:00,delivery,90,Inventory received for purchase order 576
2450,2,45,2026-02-23 07:30:00,delivery,72,Inventory received for purchase order 576
2451,2,48,2026-02-23 07:30:00,delivery,20,Inventory received for purchase order 576
2452,2,1,2026-02-20 07:30:00,delivery,72,Inventory received for purchase order 577
2453,2,32,2026-02-20 07:30:00,delivery,20,Inventory received for purchase order 577
2454,2,41,2026-02-20 07:30:00,delivery,48,Inventory received for purchase order 577
2455,2,44,2026-02-20 07:30:00,delivery,70,Inventory received for purchase order 577
2456,2,46,2026-02-20 07:30:00,delivery,96,Inventory received for purchase order 577
2457,2,3,2026-02-28 07:30:00,delivery,76,Inventory received for purchase order 578
2458,2,9,2026-02-28 07:30:00,delivery,57,Inventory received for purchase order 578
2459,2,15,2026-02-28 07:30:00,delivery,46,Inventory received for purchase order 578
2460,2,20,2026-02-28 07:30:00,delivery,69,Inventory received for purchase order 578
2461,2,21,2026-02-28 07:30:00,delivery,38,Inventory received for purchase order 578
2462,2,2,2026-02-28 07:30:00,delivery,60,Inventory received for purchase order 579
2463,2,14,2026-02-28 07:30:00,delivery,48,Inventory received for purchase order 579
2464,2,22,2026-02-28 07:30:00,delivery,60,Inventory received for purchase order 579
2465,2,24,2026-02-28 07:30:00,delivery,70,Inventory received for purchase order 579
2466,2,27,2026-02-28 07:30:00,delivery,72,Inventory received for purchase order 579
2467,2,48,2026-02-28 07:30:00,delivery,96,Inventory received for purchase order 579
2468,2,7,2026-02-28 07:30:00,delivery,36,Inventory received for purchase order 580
2469,2,25,2026-02-28 07:30:00,delivery,48,Inventory received for purchase order 580
2470,2,29,2026-02-28 07:30:00,delivery,48,Inventory received for purchase order 580
2471,2,30,2026-02-28 07:30:00,delivery,36,Inventory received for purchase order 580
2472,2,34,2026-03-01 07:30:00,delivery,60,Inventory received for purchase order 581
2473,2,46,2026-03-01 07:30:00,delivery,72,Inventory received for purchase order 581
2474,2,13,2026-03-02 07:30:00,delivery,60,Inventory received for purchase order 582
2475,2,28,2026-03-02 07:30:00,delivery,64,Inventory received for purchase order 582
2476,2,35,2026-03-02 07:30:00,delivery,20,Inventory received for purchase order 582
2477,2,44,2026-03-02 07:30:00,delivery,72,Inventory received for purchase order 582
2478,2,47,2026-03-02 07:30:00,delivery,40,Inventory received for purchase order 582
2479,2,16,2026-02-27 07:30:00,delivery,40,Inventory received for purchase order 583
2480,2,26,2026-02-27 07:30:00,delivery,80,Inventory received for purchase order 583
2481,2,36,2026-02-27 07:30:00,delivery,56,Inventory received for purchase order 583
2482,2,43,2026-02-27 07:30:00,delivery,72,Inventory received for purchase order 583
2483,2,45,2026-02-27 07:30:00,delivery,56,Inventory received for purchase order 583
2484,2,11,2026-02-28 07:30:00,delivery,36,Inventory received for purchase order 584
2485,2,17,2026-02-28 07:30:00,delivery,72,Inventory received for purchase order 584
2486,2,32,2026-02-28 07:30:00,delivery,54,Inventory received for purchase order 584
2487,2,33,2026-02-28 07:30:00,delivery,72,Inventory received for purchase order 584
2488,2,37,2026-02-28 07:30:00,delivery,48,Inventory received for purchase order 584
2489,2,18,2026-02-28 07:30:00,delivery,80,Inventory received for purchase order 585
2490,2,23,2026-02-28 07:30:00,delivery,88,Inventory received for purchase order 585
2491,2,31,2026-02-28 07:30:00,delivery,36,Inventory received for purchase order 585
2492,2,39,2026-02-28 07:30:00,delivery,50,Inventory received for purchase order 585
2493,2,1,2026-02-28 07:30:00,delivery,36,Inventory received for purchase order 586
2494,2,5,2026-02-28 07:30:00,delivery,23,Inventory received for purchase order 586
2495,2,10,2026-02-28 07:30:00,delivery,72,Inventory received for purchase order 586
2496,2,19,2026-02-28 07:30:00,delivery,40,Inventory received for purchase order 586
2497,2,40,2026-02-28 07:30:00,delivery,96,Inventory received for purchase order 586
2498,2,41,2026-02-28 07:30:00,delivery,56,Inventory received for purchase order 586
2499,2,3,2026-03-08 07:30:00,delivery,60,Inventory received for purchase order 587
2500,2,9,2026-03-08 07:30:00,delivery,50,Inventory received for purchase order 587
2501,2,11,2026-03-08 07:30:00,delivery,80,Inventory received for purchase order 587
2502,2,15,2026-03-08 07:30:00,delivery,96,Inventory received for purchase order 587
2503,2,7,2026-03-09 07:30:00,delivery,72,Inventory received for purchase order 588
2504,2,10,2026-03-09 07:30:00,delivery,40,Inventory received for purchase order 588
2505,2,14,2026-03-09 07:30:00,delivery,48,Inventory received for purchase order 588
2506,2,24,2026-03-09 07:30:00,delivery,60,Inventory received for purchase order 588
2507,2,26,2026-03-09 07:30:00,delivery,72,Inventory received for purchase order 588
2508,2,37,2026-03-09 07:30:00,delivery,56,Inventory received for purchase order 588
2509,2,41,2026-03-06 07:30:00,delivery,60,Inventory received for purchase order 589
2510,2,25,2026-03-07 07:30:00,delivery,60,Inventory received for purchase order 590
2511,2,29,2026-03-07 07:30:00,delivery,96,Inventory received for purchase order 590
2512,2,30,2026-03-07 07:30:00,delivery,36,Inventory received for purchase order 590
2513,2,36,2026-03-07 07:30:00,delivery,50,Inventory received for purchase order 590
2514,2,16,2026-03-07 07:30:00,delivery,48,Inventory received for purchase order 591
2515,2,18,2026-03-07 07:30:00,delivery,66,Inventory received for purchase order 591
2516,2,22,2026-03-07 07:30:00,delivery,42,Inventory received for purchase order 591
2517,2,43,2026-03-07 07:30:00,delivery,40,Inventory received for purchase order 591
2518,2,19,2026-03-07 07:30:00,delivery,72,Inventory received for purchase order 592
2519,2,20,2026-03-07 07:30:00,delivery,20,Inventory received for purchase order 592
2520,2,27,2026-03-07 07:30:00,delivery,60,Inventory received for purchase order 592
2521,2,34,2026-03-07 07:30:00,delivery,48,Inventory received for purchase order 592
2522,2,47,2026-03-07 07:30:00,delivery,60,Inventory received for purchase order 592
2523,2,28,2026-03-08 07:30:00,delivery,48,Inventory received for purchase order 593
2524,2,40,2026-03-08 07:30:00,delivery,56,Inventory received for purchase order 593
2525,2,17,2026-03-09 07:30:00,delivery,72,Inventory received for purchase order 594
2526,2,33,2026-03-09 07:30:00,delivery,48,Inventory received for purchase order 594
2527,2,2,2026-03-06 07:30:00,delivery,38,Inventory received for purchase order 595
2528,2,5,2026-03-06 07:30:00,delivery,69,Inventory received for purchase order 595
2529,2,13,2026-03-06 07:30:00,delivery,69,Inventory received for purchase order 595
2530,2,21,2026-03-06 07:30:00,delivery,69,Inventory received for purchase order 595
2531,2,23,2026-03-06 07:30:00,delivery,60,Inventory received for purchase order 595
2532,2,31,2026-03-06 07:30:00,delivery,46,Inventory received for purchase order 595
2533,2,35,2026-03-07 07:30:00,delivery,96,Inventory received for purchase order 596
2534,2,39,2026-03-07 07:30:00,delivery,20,Inventory received for purchase order 596
2535,2,45,2026-03-07 07:30:00,delivery,60,Inventory received for purchase order 596
2536,2,48,2026-03-07 07:30:00,delivery,30,Inventory received for purchase order 596
2537,2,1,2026-03-07 07:30:00,delivery,72,Inventory received for purchase order 597
2538,2,32,2026-03-07 07:30:00,delivery,100,Inventory received for purchase order 597
2539,2,44,2026-03-07 07:30:00,delivery,70,Inventory received for purchase order 597
2540,2,46,2026-03-07 07:30:00,delivery,48,Inventory received for purchase order 597
2541,2,3,2026-03-14 07:30:00,delivery,60,Inventory received for purchase order 598
2542,2,9,2026-03-14 07:30:00,delivery,50,Inventory received for purchase order 598
2543,2,11,2026-03-14 07:30:00,delivery,40,Inventory received for purchase order 598
2544,2,15,2026-03-14 07:30:00,delivery,48,Inventory received for purchase order 598
2545,2,20,2026-03-14 07:30:00,delivery,72,Inventory received for purchase order 598
2546,2,21,2026-03-14 07:30:00,delivery,32,Inventory received for purchase order 598
2547,2,2,2026-03-15 07:30:00,delivery,60,Inventory received for purchase order 599
2548,2,7,2026-03-15 07:30:00,delivery,56,Inventory received for purchase order 599
2549,2,14,2026-03-15 07:30:00,delivery,96,Inventory received for purchase order 599
2550,2,22,2026-03-15 07:30:00,delivery,66,Inventory received for purchase order 599
2551,2,27,2026-03-15 07:30:00,delivery,72,Inventory received for purchase order 599
2552,2,48,2026-03-15 07:30:00,delivery,72,Inventory received for purchase order 599
2553,2,25,2026-03-16 07:30:00,delivery,36,Inventory received for purchase order 600
2554,2,30,2026-03-16 07:30:00,delivery,36,Inventory received for purchase order 600
2555,2,34,2026-03-13 07:30:00,delivery,60,Inventory received for purchase order 601
2556,2,44,2026-03-13 07:30:00,delivery,48,Inventory received for purchase order 601
2557,2,46,2026-03-13 07:30:00,delivery,72,Inventory received for purchase order 601
2558,2,13,2026-03-14 07:30:00,delivery,20,Inventory received for purchase order 602
2559,2,28,2026-03-14 07:30:00,delivery,88,Inventory received for purchase order 602
2560,2,35,2026-03-14 07:30:00,delivery,20,Inventory received for purchase order 602
2561,2,16,2026-03-14 07:30:00,delivery,60,Inventory received for purchase order 603
2562,2,24,2026-03-14 07:30:00,delivery,96,Inventory received for purchase order 603
2563,2,26,2026-03-14 07:30:00,delivery,40,Inventory received for purchase order 603
2564,2,29,2026-03-14 07:30:00,delivery,20,Inventory received for purchase order 603
2565,2,36,2026-03-14 07:30:00,delivery,64,Inventory received for purchase order 603
2566,2,43,2026-03-14 07:30:00,delivery,72,Inventory received for purchase order 603
2567,2,45,2026-03-14 07:30:00,delivery,64,Inventory received for purchase order 604
2568,2,17,2026-03-15 07:30:00,delivery,47,Inventory received for purchase order 605
2569,2,32,2026-03-15 07:30:00,delivery,54,Inventory received for purchase order 605
2570,2,33,2026-03-15 07:30:00,delivery,66,Inventory received for purchase order 605
2571,2,5,2026-03-16 07:30:00,delivery,36,Inventory received for purchase order 606
2572,2,18,2026-03-16 07:30:00,delivery,48,Inventory received for purchase order 606
2573,2,23,2026-03-16 07:30:00,delivery,56,Inventory received for purchase order 606
2574,2,31,2026-03-16 07:30:00,delivery,60,Inventory received for purchase order 606
2575,2,37,2026-03-16 07:30:00,delivery,72,Inventory received for purchase order 606
2576,2,1,2026-03-13 07:30:00,delivery,72,Inventory received for purchase order 607
2577,2,10,2026-03-13 07:30:00,delivery,72,Inventory received for purchase order 607
2578,2,39,2026-03-13 07:30:00,delivery,60,Inventory received for purchase order 607
2579,2,40,2026-03-13 07:30:00,delivery,72,Inventory received for purchase order 607
2580,2,41,2026-03-13 07:30:00,delivery,64,Inventory received for purchase order 607
2581,2,47,2026-03-13 07:30:00,delivery,32,Inventory received for purchase order 607
2582,2,3,2026-03-21 07:30:00,delivery,60,Inventory received for purchase order 608
2583,2,9,2026-03-21 07:30:00,delivery,80,Inventory received for purchase order 608
2584,2,11,2026-03-21 07:30:00,delivery,80,Inventory received for purchase order 608
2585,2,15,2026-03-21 07:30:00,delivery,48,Inventory received for purchase order 608
2586,2,10,2026-03-21 07:30:00,delivery,56,Inventory received for purchase order 609
2587,2,14,2026-03-21 07:30:00,delivery,48,Inventory received for purchase order 609
2588,2,24,2026-03-21 07:30:00,delivery,30,Inventory received for purchase order 609
2589,2,26,2026-03-21 07:30:00,delivery,72,Inventory received for purchase order 609
2590,2,37,2026-03-21 07:30:00,delivery,48,Inventory received for purchase order 609
2591,2,7,2026-03-21 07:30:00,delivery,72,Inventory received for purchase order 610
2592,2,25,2026-03-21 07:30:00,delivery,60,Inventory received for purchase order 610
2593,2,29,2026-03-21 07:30:00,delivery,96,Inventory received for purchase order 610
2594,2,30,2026-03-21 07:30:00,delivery,72,Inventory received for purchase order 610
2595,2,36,2026-03-21 07:30:00,delivery,50,Inventory received for purchase order 610
2596,2,16,2026-03-22 07:30:00,delivery,84,Inventory received for purchase order 611
2597,2,22,2026-03-22 07:30:00,delivery,72,Inventory received for purchase order 611
2598,2,43,2026-03-22 07:30:00,delivery,40,Inventory received for purchase order 611
2599,2,19,2026-03-23 07:30:00,delivery,69,Inventory received for purchase order 612
2600,2,20,2026-03-23 07:30:00,delivery,29,Inventory received for purchase order 612
2601,2,27,2026-03-23 07:30:00,delivery,57,Inventory received for purchase order 612
2602,2,34,2026-03-23 07:30:00,delivery,46,Inventory received for purchase order 612
2603,2,35,2026-03-23 07:30:00,delivery,97,Inventory received for purchase order 612
2604,2,28,2026-03-20 07:30:00,delivery,48,Inventory received for purchase order 613
2605,2,40,2026-03-20 07:30:00,delivery,47,Inventory received for purchase order 613
2606,2,17,2026-03-21 07:30:00,delivery,48,Inventory received for purchase order 614
2607,2,33,2026-03-21 07:30:00,delivery,60,Inventory received for purchase order 614
2608,2,2,2026-03-21 07:30:00,delivery,60,Inventory received for purchase order 615
2609,2,13,2026-03-21 07:30:00,delivery,72,Inventory received for purchase order 615
2610,2,18,2026-03-21 07:30:00,delivery,56,Inventory received for purchase order 615
2611,2,21,2026-03-21 07:30:00,delivery,72,Inventory received for purchase order 615
2612,2,23,2026-03-21 07:30:00,delivery,72,Inventory received for purchase order 615
2613,2,31,2026-03-21 07:30:00,delivery,72,Inventory received for purchase order 615
2614,2,45,2026-03-21 07:30:00,delivery,84,Inventory received for purchase order 616
2615,2,48,2026-03-21 07:30:00,delivery,60,Inventory received for purchase order 616
2616,2,1,2026-03-22 07:30:00,delivery,72,Inventory received for purchase order 617
2617,2,5,2026-03-22 07:30:00,delivery,32,Inventory received for purchase order 617
2618,2,32,2026-03-22 07:30:00,delivery,80,Inventory received for purchase order 617
2619,2,39,2026-03-22 07:30:00,delivery,60,Inventory received for purchase order 617
2620,2,41,2026-03-22 07:30:00,delivery,48,Inventory received for purchase order 617
2621,2,44,2026-03-22 07:30:00,delivery,60,Inventory received for purchase order 617
2622,2,46,2026-03-23 07:30:00,delivery,48,Inventory received for purchase order 618
2623,2,47,2026-03-23 07:30:00,delivery,40,Inventory received for purchase order 618
2624,2,3,2026-03-27 07:30:00,delivery,60,Inventory received for purchase order 619
2625,2,9,2026-03-27 07:30:00,delivery,50,Inventory received for purchase order 619
2626,2,15,2026-03-27 07:30:00,delivery,96,Inventory received for purchase order 619
2627,2,2,2026-03-28 07:30:00,delivery,60,Inventory received for purchase order 620
2628,2,7,2026-03-28 07:30:00,delivery,56,Inventory received for purchase order 620
2629,2,14,2026-03-28 07:30:00,delivery,72,Inventory received for purchase order 620
2630,2,22,2026-03-28 07:30:00,delivery,42,Inventory received for purchase order 620
2631,2,24,2026-03-28 07:30:00,delivery,50,Inventory received for purchase order 620
2632,2,27,2026-03-28 07:30:00,delivery,72,Inventory received for purchase order 620
2633,2,48,2026-03-28 07:30:00,delivery,72,Inventory received for purchase order 621
2634,2,25,2026-03-28 07:30:00,delivery,72,Inventory received for purchase order 622
2635,2,26,2026-03-28 07:30:00,delivery,72,Inventory received for purchase order 622
2636,2,30,2026-03-28 07:30:00,delivery,72,Inventory received for purchase order 622
2637,2,34,2026-03-29 07:30:00,delivery,60,Inventory received for purchase order 623
2638,2,46,2026-03-29 07:30:00,delivery,72,Inventory received for purchase order 623
2639,2,13,2026-03-30 07:30:00,delivery,100,Inventory received for purchase order 624
2640,2,20,2026-03-30 07:30:00,delivery,70,Inventory received for purchase order 624
2641,2,28,2026-03-30 07:30:00,delivery,64,Inventory received for purchase order 624
2642,2,44,2026-03-30 07:30:00,delivery,35,Inventory received for purchase order 624
2643,2,16,2026-03-27 07:30:00,delivery,80,Inventory received for purchase order 625
2644,2,29,2026-03-27 07:30:00,delivery,40,Inventory received for purchase order 625
2645,2,36,2026-03-27 07:30:00,delivery,56,Inventory received for purchase order 625
2646,2,43,2026-03-27 07:30:00,delivery,96,Inventory received for purchase order 625
2647,2,45,2026-03-27 07:30:00,delivery,56,Inventory received for purchase order 625
2648,2,11,2026-03-28 07:30:00,delivery,42,Inventory received for purchase order 626
2649,2,17,2026-03-28 07:30:00,delivery,48,Inventory received for purchase order 626
2650,2,32,2026-03-28 07:30:00,delivery,60,Inventory received for purchase order 626
2651,2,33,2026-03-28 07:30:00,delivery,72,Inventory received for purchase order 626
2652,2,18,2026-03-28 07:30:00,delivery,80,Inventory received for purchase order 627
2653,2,21,2026-03-28 07:30:00,delivery,48,Inventory received for purchase order 627
2654,2,23,2026-03-28 07:30:00,delivery,80,Inventory received for purchase order 627
2655,2,31,2026-03-28 07:30:00,delivery,60,Inventory received for purchase order 627
2656,2,35,2026-03-28 07:30:00,delivery,48,Inventory received for purchase order 627
2657,2,37,2026-03-28 07:30:00,delivery,72,Inventory received for purchase order 627
2658,2,1,2026-03-28 07:30:00,delivery,72,Inventory received for purchase order 628
2659,2,5,2026-03-28 07:30:00,delivery,88,Inventory received for purchase order 628
2660,2,10,2026-03-28 07:30:00,delivery,72,Inventory received for purchase order 628
2661,2,19,2026-03-28 07:30:00,delivery,40,Inventory received for purchase order 628
2662,2,39,2026-03-28 07:30:00,delivery,40,Inventory received for purchase order 628
2663,2,40,2026-03-28 07:30:00,delivery,72,Inventory received for purchase order 628
2664,2,41,2026-03-29 07:30:00,delivery,69,Inventory received for purchase order 629
2665,2,47,2026-03-29 07:30:00,delivery,85,Inventory received for purchase order 629
2666,2,3,2026-04-06 07:30:00,delivery,60,Inventory received for purchase order 630
2667,2,9,2026-04-06 07:30:00,delivery,50,Inventory received for purchase order 630
2668,2,11,2026-04-06 07:30:00,delivery,100,Inventory received for purchase order 630
2669,2,15,2026-04-06 07:30:00,delivery,48,Inventory received for purchase order 630
2670,2,7,2026-04-03 07:30:00,delivery,72,Inventory received for purchase order 631
2671,2,10,2026-04-03 07:30:00,delivery,48,Inventory received for purchase order 631
2672,2,14,2026-04-03 07:30:00,delivery,72,Inventory received for purchase order 631
2673,2,24,2026-04-03 07:30:00,delivery,60,Inventory received for purchase order 631
2674,2,26,2026-04-03 07:30:00,delivery,60,Inventory received for purchase order 631
2675,2,27,2026-04-03 07:30:00,delivery,72,Inventory received for purchase order 631
2676,2,37,2026-04-04 07:30:00,delivery,40,Inventory received for purchase order 632
2677,2,41,2026-04-04 07:30:00,delivery,30,Inventory received for purchase order 632
2678,2,25,2026-04-04 07:30:00,delivery,60,Inventory received for purchase order 633
2679,2,29,2026-04-04 07:30:00,delivery,95,Inventory received for purchase order 633
2680,2,30,2026-04-04 07:30:00,delivery,72,Inventory received for purchase order 633
2681,2,36,2026-04-04 07:30:00,delivery,60,Inventory received for purchase order 633
2682,2,16,2026-04-04 07:30:00,delivery,60,Inventory received for purchase order 634
2683,2,18,2026-04-04 07:30:00,delivery,48,Inventory received for purchase order 634
2684,2,22,2026-04-04 07:30:00,delivery,66,Inventory received for purchase order 634
2685,2,43,2026-04-04 07:30:00,delivery,30,Inventory received for purchase order 634
2686,2,19,2026-04-05 07:30:00,delivery,72,Inventory received for purchase order 635
2687,2,20,2026-04-05 07:30:00,delivery,60,Inventory received for purchase order 635
2688,2,34,2026-04-05 07:30:00,delivery,48,Inventory received for purchase order 635
2689,2,35,2026-04-05 07:30:00,delivery,60,Inventory received for purchase order 635
2690,2,28,2026-04-06 07:30:00,delivery,54,Inventory received for purchase order 636
2691,2,40,2026-04-06 07:30:00,delivery,48,Inventory received for purchase order 636
2692,2,17,2026-04-03 07:30:00,delivery,72,Inventory received for purchase order 637
2693,2,33,2026-04-03 07:30:00,delivery,60,Inventory received for purchase order 637
2694,2,2,2026-04-04 07:30:00,delivery,60,Inventory received for purchase order 638
2695,2,5,2026-04-04 07:30:00,delivery,72,Inventory received for purchase order 638
2696,2,13,2026-04-04 07:30:00,delivery,72,Inventory received for purchase order 638
2697,2,21,2026-04-04 07:30:00,delivery,72,Inventory received for purchase order 638
2698,2,23,2026-04-04 07:30:00,delivery,56,Inventory received for purchase order 638
2699,2,45,2026-04-04 07:30:00,delivery,72,Inventory received for purchase order 638
2700,2,48,2026-04-04 07:30:00,delivery,60,Inventory received for purchase order 639
2701,2,1,2026-04-04 07:30:00,delivery,72,Inventory received for purchase order 640
2702,2,31,2026-04-04 07:30:00,delivery,72,Inventory received for purchase order 640
2703,2,32,2026-04-04 07:30:00,delivery,80,Inventory received for purchase order 640
2704,2,39,2026-04-04 07:30:00,delivery,60,Inventory received for purchase order 640
2705,2,44,2026-04-04 07:30:00,delivery,80,Inventory received for purchase order 640
2706,2,46,2026-04-04 07:30:00,delivery,48,Inventory received for purchase order 640
2707,2,47,2026-04-05 07:30:00,delivery,64,Inventory received for purchase order 641
2708,2,3,2026-04-13 07:30:00,delivery,60,Inventory received for purchase order 642
2709,2,9,2026-04-13 07:30:00,delivery,70,Inventory received for purchase order 642
2710,2,11,2026-04-13 07:30:00,delivery,40,Inventory received for purchase order 642
2711,2,15,2026-04-13 07:30:00,delivery,96,Inventory received for purchase order 642
2712,2,21,2026-04-13 07:30:00,delivery,80,Inventory received for purchase order 642
2713,2,7,2026-04-10 07:30:00,delivery,64,Inventory received for purchase order 643
2714,2,14,2026-04-10 07:30:00,delivery,48,Inventory received for purchase order 643
2715,2,22,2026-04-10 07:30:00,delivery,48,Inventory received for purchase order 643
2716,2,24,2026-04-10 07:30:00,delivery,49,Inventory received for purchase order 643
2717,2,27,2026-04-10 07:30:00,delivery,36,Inventory received for purchase order 643
2718,2,48,2026-04-10 07:30:00,delivery,72,Inventory received for purchase order 643
2719,2,25,2026-04-11 07:30:00,delivery,48,Inventory received for purchase order 644
2720,2,26,2026-04-11 07:30:00,delivery,72,Inventory received for purchase order 644
2721,2,30,2026-04-11 07:30:00,delivery,36,Inventory received for purchase order 644
2722,2,34,2026-04-11 07:30:00,delivery,100,Inventory received for purchase order 645
2723,2,46,2026-04-11 07:30:00,delivery,72,Inventory received for purchase order 645
2724,2,13,2026-04-11 07:30:00,delivery,57,Inventory received for purchase order 646
2725,2,20,2026-04-11 07:30:00,delivery,67,Inventory received for purchase order 646
2726,2,28,2026-04-11 07:30:00,delivery,46,Inventory received for purchase order 646
2727,2,35,2026-04-11 07:30:00,delivery,38,Inventory received for purchase order 646
2728,2,44,2026-04-11 07:30:00,delivery,69,Inventory received for purchase order 646
2729,2,16,2026-04-12 07:30:00,delivery,60,Inventory received for purchase order 647
2730,2,29,2026-04-12 07:30:00,delivery,40,Inventory received for purchase order 647
2731,2,36,2026-04-12 07:30:00,delivery,40,Inventory received for purchase order 647
2732,2,43,2026-04-12 07:30:00,delivery,72,Inventory received for purchase order 647
2733,2,45,2026-04-12 07:30:00,delivery,80,Inventory received for purchase order 647
2734,2,17,2026-04-13 07:30:00,delivery,48,Inventory received for purchase order 648
2735,2,33,2026-04-13 07:30:00,delivery,48,Inventory received for purchase order 648
2736,2,2,2026-04-10 07:30:00,delivery,80,Inventory received for purchase order 649
2737,2,18,2026-04-10 07:30:00,delivery,104,Inventory received for purchase order 649
2738,2,23,2026-04-10 07:30:00,delivery,72,Inventory received for purchase order 649
2739,2,37,2026-04-10 07:30:00,delivery,72,Inventory received for purchase order 649
2740,2,39,2026-04-10 07:30:00,delivery,50,Inventory received for purchase order 649
2741,2,1,2026-04-11 07:30:00,delivery,72,Inventory received for purchase order 650
2742,2,5,2026-04-11 07:30:00,delivery,40,Inventory received for purchase order 650
2743,2,10,2026-04-11 07:30:00,delivery,72,Inventory received for purchase order 650
2744,2,19,2026-04-11 07:30:00,delivery,60,Inventory received for purchase order 650
2745,2,31,2026-04-11 07:30:00,delivery,48,Inventory received for purchase order 650
2746,2,32,2026-04-11 07:30:00,delivery,40,Inventory received for purchase order 650
2747,2,40,2026-04-11 07:30:00,delivery,72,Inventory received for purchase order 651
2748,2,41,2026-04-11 07:30:00,delivery,64,Inventory received for purchase order 651
2749,2,47,2026-04-11 07:30:00,delivery,72,Inventory received for purchase order 651
2750,2,3,2026-04-18 07:30:00,delivery,40,Inventory received for purchase order 652
2751,2,9,2026-04-18 07:30:00,delivery,50,Inventory received for purchase order 652
2752,2,11,2026-04-18 07:30:00,delivery,40,Inventory received for purchase order 652
2753,2,15,2026-04-18 07:30:00,delivery,47,Inventory received for purchase order 652
2754,2,20,2026-04-18 07:30:00,delivery,36,Inventory received for purchase order 652
2755,2,10,2026-04-19 07:30:00,delivery,48,Inventory received for purchase order 653
2756,2,14,2026-04-19 07:30:00,delivery,48,Inventory received for purchase order 653
2757,2,26,2026-04-19 07:30:00,delivery,48,Inventory received for purchase order 653
2758,2,27,2026-04-19 07:30:00,delivery,72,Inventory received for purchase order 653
2759,2,37,2026-04-19 07:30:00,delivery,48,Inventory received for purchase order 653
2760,2,41,2026-04-19 07:30:00,delivery,102,Inventory received for purchase order 653
2761,2,7,2026-04-20 07:30:00,delivery,72,Inventory received for purchase order 654
2762,2,25,2026-04-20 07:30:00,delivery,96,Inventory received for purchase order 654
2763,2,29,2026-04-20 07:30:00,delivery,96,Inventory received for purchase order 654
2764,2,30,2026-04-20 07:30:00,delivery,72,Inventory received for purchase order 654
2765,2,36,2026-04-20 07:30:00,delivery,80,Inventory received for purchase order 654
2766,2,16,2026-04-17 07:30:00,delivery,48,Inventory received for purchase order 655
2767,2,18,2026-04-17 07:30:00,delivery,42,Inventory received for purchase order 655
2768,2,22,2026-04-17 07:30:00,delivery,66,Inventory received for purchase order 655
2769,2,43,2026-04-17 07:30:00,delivery,80,Inventory received for purchase order 655
2770,2,2,2026-04-18 07:30:00,delivery,24,Inventory received for purchase order 656
2771,2,19,2026-04-18 07:30:00,delivery,72,Inventory received for purchase order 656
2772,2,34,2026-04-18 07:30:00,delivery,48,Inventory received for purchase order 656
2773,2,47,2026-04-18 07:30:00,delivery,60,Inventory received for purchase order 656
2774,2,24,2026-04-18 07:30:00,delivery,48,Inventory received for purchase order 657
2775,2,28,2026-04-18 07:30:00,delivery,30,Inventory received for purchase order 657
2776,2,40,2026-04-18 07:30:00,delivery,48,Inventory received for purchase order 657
2777,2,17,2026-04-18 07:30:00,delivery,72,Inventory received for purchase order 658
2778,2,32,2026-04-18 07:30:00,delivery,48,Inventory received for purchase order 658
2779,2,33,2026-04-18 07:30:00,delivery,66,Inventory received for purchase order 658
2780,2,13,2026-04-19 07:30:00,delivery,72,Inventory received for purchase order 659
2781,2,21,2026-04-19 07:30:00,delivery,72,Inventory received for purchase order 659
2782,2,23,2026-04-19 07:30:00,delivery,64,Inventory received for purchase order 659
2783,2,31,2026-04-19 07:30:00,delivery,48,Inventory received for purchase order 659
2784,2,35,2026-04-19 07:30:00,delivery,96,Inventory received for purchase order 659
2785,2,39,2026-04-19 07:30:00,delivery,40,Inventory received for purchase order 659
2786,2,45,2026-04-20 07:30:00,delivery,48,Inventory received for purchase order 660
2787,2,48,2026-04-20 07:30:00,delivery,60,Inventory received for purchase order 660
2788,2,1,2026-04-17 07:30:00,delivery,72,Inventory received for purchase order 661
2789,2,5,2026-04-17 07:30:00,delivery,64,Inventory received for purchase order 661
2790,2,44,2026-04-17 07:30:00,delivery,39,Inventory received for purchase order 661
2791,2,46,2026-04-17 07:30:00,delivery,72,Inventory received for purchase order 661
2792,2,3,2026-04-25 07:30:00,delivery,40,Inventory received for purchase order 662
2793,2,9,2026-04-25 07:30:00,delivery,30,Inventory received for purchase order 662
2794,2,11,2026-04-25 07:30:00,delivery,40,Inventory received for purchase order 662
2795,2,15,2026-04-25 07:30:00,delivery,48,Inventory received for purchase order 662
2796,2,20,2026-04-25 07:30:00,delivery,72,Inventory received for purchase order 662
2797,2,21,2026-04-25 07:30:00,delivery,56,Inventory received for purchase order 662
2798,2,2,2026-04-25 07:30:00,delivery,77,Inventory received for purchase order 663
2799,2,7,2026-04-25 07:30:00,delivery,46,Inventory received for purchase order 663
2800,2,14,2026-04-25 07:30:00,delivery,69,Inventory received for purchase order 663
2801,2,22,2026-04-25 07:30:00,delivery,57,Inventory received for purchase order 663
2802,2,27,2026-04-25 07:30:00,delivery,35,Inventory received for purchase order 663
2803,2,48,2026-04-25 07:30:00,delivery,93,Inventory received for purchase order 663
2804,2,25,2026-04-25 07:30:00,delivery,72,Inventory received for purchase order 664
2805,2,30,2026-04-25 07:30:00,delivery,36,Inventory received for purchase order 664
2806,2,34,2026-04-26 07:30:00,delivery,60,Inventory received for purchase order 665
2807,2,46,2026-04-26 07:30:00,delivery,72,Inventory received for purchase order 665
2808,2,13,2026-04-27 07:30:00,delivery,80,Inventory received for purchase order 666
2809,2,28,2026-04-27 07:30:00,delivery,64,Inventory received for purchase order 666
2810,2,35,2026-04-27 07:30:00,delivery,20,Inventory received for purchase order 666
2811,2,44,2026-04-27 07:30:00,delivery,72,Inventory received for purchase order 666
2812,2,16,2026-04-24 07:30:00,delivery,80,Inventory received for purchase order 667
2813,2,24,2026-04-24 07:30:00,delivery,48,Inventory received for purchase order 667
2814,2,26,2026-04-24 07:30:00,delivery,40,Inventory received for purchase order 667
2815,2,29,2026-04-24 07:30:00,delivery,20,Inventory received for purchase order 667
2816,2,36,2026-04-24 07:30:00,delivery,72,Inventory received for purchase order 667
2817,2,43,2026-04-24 07:30:00,delivery,72,Inventory received for purchase order 667
2818,2,45,2026-04-25 07:30:00,delivery,72,Inventory received for purchase order 668
2819,2,17,2026-04-25 07:30:00,delivery,48,Inventory received for purchase order 669
2820,2,33,2026-04-25 07:30:00,delivery,66,Inventory received for purchase order 669
2821,2,5,2026-04-25 07:30:00,delivery,72,Inventory received for purchase order 670
2822,2,18,2026-04-25 07:30:00,delivery,64,Inventory received for purchase order 670
2823,2,23,2026-04-25 07:30:00,delivery,64,Inventory received for purchase order 670
2824,2,37,2026-04-25 07:30:00,delivery,72,Inventory received for purchase order 670
2825,2,1,2026-04-26 07:30:00,delivery,36,Inventory received for purchase order 671
2826,2,10,2026-04-26 07:30:00,delivery,72,Inventory received for purchase order 671
2827,2,19,2026-04-26 07:30:00,delivery,59,Inventory received for purchase order 671
2828,2,31,2026-04-26 07:30:00,delivery,96,Inventory received for purchase order 671
2829,2,32,2026-04-26 07:30:00,delivery,40,Inventory received for purchase order 671
2830,2,39,2026-04-26 07:30:00,delivery,80,Inventory received for purchase order 671
2831,2,40,2026-04-27 07:30:00,delivery,48,Inventory received for purchase order 672
2832,2,41,2026-04-27 07:30:00,delivery,56,Inventory received for purchase order 672
2833,2,47,2026-04-27 07:30:00,delivery,56,Inventory received for purchase order 672
2834,2,3,2026-05-01 07:30:00,delivery,80,Inventory received for purchase order 673
2835,2,9,2026-05-01 07:30:00,delivery,70,Inventory received for purchase order 673
2836,2,11,2026-05-01 07:30:00,delivery,60,Inventory received for purchase order 673
2837,2,15,2026-05-01 07:30:00,delivery,48,Inventory received for purchase order 673
2838,2,10,2026-05-02 07:30:00,delivery,40,Inventory received for purchase order 674
2839,2,14,2026-05-02 07:30:00,delivery,48,Inventory received for purchase order 674
2840,2,26,2026-05-02 07:30:00,delivery,54,Inventory received for purchase order 674
2841,2,41,2026-05-02 07:30:00,delivery,84,Inventory received for purchase order 674
2842,2,7,2026-05-02 07:30:00,delivery,72,Inventory received for purchase order 675
2843,2,25,2026-05-02 07:30:00,delivery,60,Inventory received for purchase order 675
2844,2,30,2026-05-02 07:30:00,delivery,72,Inventory received for purchase order 675
2845,2,36,2026-05-02 07:30:00,delivery,70,Inventory received for purchase order 675
2846,2,16,2026-05-02 07:30:00,delivery,60,Inventory received for purchase order 676
2847,2,18,2026-05-02 07:30:00,delivery,66,Inventory received for purchase order 676
2848,2,22,2026-05-02 07:30:00,delivery,30,Inventory received for purchase order 676
2849,2,43,2026-05-02 07:30:00,delivery,80,Inventory received for purchase order 676
2850,2,2,2026-05-03 07:30:00,delivery,96,Inventory received for purchase order 677
2851,2,19,2026-05-03 07:30:00,delivery,72,Inventory received for purchase order 677
2852,2,20,2026-05-03 07:30:00,delivery,50,Inventory received for purchase order 677
2853,2,27,2026-05-03 07:30:00,delivery,72,Inventory received for purchase order 677
2854,2,34,2026-05-03 07:30:00,delivery,60,Inventory received for purchase order 677
2855,2,47,2026-05-03 07:30:00,delivery,60,Inventory received for purchase order 677
2856,2,24,2026-05-04 07:30:00,delivery,72,Inventory received for purchase order 678
2857,2,28,2026-05-04 07:30:00,delivery,84,Inventory received for purchase order 678
2858,2,29,2026-05-04 07:30:00,delivery,60,Inventory received for purchase order 678
2859,2,40,2026-05-04 07:30:00,delivery,88,Inventory received for purchase order 678
2860,2,17,2026-05-01 07:30:00,delivery,48,Inventory received for purchase order 679
2861,2,33,2026-05-01 07:30:00,delivery,48,Inventory received for purchase order 679
2862,2,13,2026-05-02 07:30:00,delivery,69,Inventory received for purchase order 680
2863,2,21,2026-05-02 07:30:00,delivery,46,Inventory received for purchase order 680
2864,2,23,2026-05-02 07:30:00,delivery,76,Inventory received for purchase order 680
2865,2,31,2026-05-02 07:30:00,delivery,46,Inventory received for purchase order 680
2866,2,35,2026-05-02 07:30:00,delivery,93,Inventory received for purchase order 680
2867,2,37,2026-05-02 07:30:00,delivery,105,Inventory received for purchase order 680
2868,2,45,2026-05-02 07:30:00,delivery,48,Inventory received for purchase order 681
2869,2,48,2026-05-02 07:30:00,delivery,50,Inventory received for purchase order 681
2870,2,1,2026-05-02 07:30:00,delivery,72,Inventory received for purchase order 682
2871,2,5,2026-05-02 07:30:00,delivery,72,Inventory received for purchase order 682
2872,2,32,2026-05-02 07:30:00,delivery,60,Inventory received for purchase order 682
2873,2,39,2026-05-02 07:30:00,delivery,60,Inventory received for purchase order 682
2874,2,44,2026-05-02 07:30:00,delivery,50,Inventory received for purchase order 682
2875,2,46,2026-05-02 07:30:00,delivery,48,Inventory received for purchase order 682
2876,2,3,2026-05-10 07:30:00,delivery,40,Inventory received for purchase order 683
2877,2,9,2026-05-10 07:30:00,delivery,80,Inventory received for purchase order 683
2878,2,15,2026-05-10 07:30:00,delivery,48,Inventory received for purchase order 683
2879,2,20,2026-05-10 07:30:00,delivery,72,Inventory received for purchase order 683
2880,2,21,2026-05-10 07:30:00,delivery,64,Inventory received for purchase order 683
2881,2,7,2026-05-11 07:30:00,delivery,16,Inventory received for purchase order 684
2882,2,14,2026-05-11 07:30:00,delivery,48,Inventory received for purchase order 684
2883,2,22,2026-05-11 07:30:00,delivery,72,Inventory received for purchase order 684
2884,2,24,2026-05-11 07:30:00,delivery,70,Inventory received for purchase order 684
2885,2,37,2026-05-11 07:30:00,delivery,24,Inventory received for purchase order 684
2886,2,48,2026-05-11 07:30:00,delivery,48,Inventory received for purchase order 684
2887,2,25,2026-05-08 07:30:00,delivery,60,Inventory received for purchase order 685
2888,2,26,2026-05-08 07:30:00,delivery,72,Inventory received for purchase order 685
2889,2,30,2026-05-08 07:30:00,delivery,72,Inventory received for purchase order 685
2890,2,34,2026-05-09 07:30:00,delivery,60,Inventory received for purchase order 686
2891,2,46,2026-05-09 07:30:00,delivery,48,Inventory received for purchase order 686
2892,2,13,2026-05-09 07:30:00,delivery,40,Inventory received for purchase order 687
2893,2,27,2026-05-09 07:30:00,delivery,48,Inventory received for purchase order 687
2894,2,28,2026-05-09 07:30:00,delivery,48,Inventory received for purchase order 687
2895,2,44,2026-05-09 07:30:00,delivery,72,Inventory received for purchase order 687
2896,2,47,2026-05-09 07:30:00,delivery,40,Inventory received for purchase order 687
2897,2,16,2026-05-09 07:30:00,delivery,60,Inventory received for purchase order 688
2898,2,29,2026-05-09 07:30:00,delivery,60,Inventory received for purchase order 688
2899,2,36,2026-05-09 07:30:00,delivery,72,Inventory received for purchase order 688
2900,2,43,2026-05-09 07:30:00,delivery,72,Inventory received for purchase order 688
2901,2,45,2026-05-09 07:30:00,delivery,31,Inventory received for purchase order 688
2902,2,11,2026-05-10 07:30:00,delivery,72,Inventory received for purchase order 689
2903,2,17,2026-05-10 07:30:00,delivery,48,Inventory received for purchase order 689
2904,2,32,2026-05-10 07:30:00,delivery,42,Inventory received for purchase order 689
2905,2,33,2026-05-10 07:30:00,delivery,78,Inventory received for purchase order 689
2906,2,2,2026-05-11 07:30:00,delivery,80,Inventory received for purchase order 690
2907,2,5,2026-05-11 07:30:00,delivery,72,Inventory received for purchase order 690
2908,2,18,2026-05-11 07:30:00,delivery,48,Inventory received for purchase order 690
2909,2,23,2026-05-11 07:30:00,delivery,80,Inventory received for purchase order 690
2910,2,35,2026-05-11 07:30:00,delivery,48,Inventory received for purchase order 690
2911,2,1,2026-05-08 07:30:00,delivery,72,Inventory received for purchase order 691
2912,2,10,2026-05-08 07:30:00,delivery,72,Inventory received for purchase order 691
2913,2,19,2026-05-08 07:30:00,delivery,30,Inventory received for purchase order 691
2914,2,31,2026-05-08 07:30:00,delivery,48,Inventory received for purchase order 691
2915,2,39,2026-05-08 07:30:00,delivery,40,Inventory received for purchase order 691
2916,2,40,2026-05-08 07:30:00,delivery,72,Inventory received for purchase order 691
2917,2,41,2026-05-09 07:30:00,delivery,56,Inventory received for purchase order 692
2918,2,3,2026-05-16 07:30:00,delivery,60,Inventory received for purchase order 693
2919,2,9,2026-05-16 07:30:00,delivery,40,Inventory received for purchase order 693
2920,2,11,2026-05-16 07:30:00,delivery,60,Inventory received for purchase order 693
2921,2,15,2026-05-16 07:30:00,delivery,96,Inventory received for purchase order 693
2922,2,10,2026-05-16 07:30:00,delivery,96,Inventory received for purchase order 694
2923,2,14,2026-05-16 07:30:00,delivery,72,Inventory received for purchase order 694
2924,2,26,2026-05-16 07:30:00,delivery,60,Inventory received for purchase order 694
2925,2,37,2026-05-16 07:30:00,delivery,64,Inventory received for purchase order 694
2926,2,41,2026-05-16 07:30:00,delivery,84,Inventory received for purchase order 694
2927,2,7,2026-05-17 07:30:00,delivery,72,Inventory received for purchase order 695
2928,2,25,2026-05-17 07:30:00,delivery,36,Inventory received for purchase order 695
2929,2,29,2026-05-17 07:30:00,delivery,96,Inventory received for purchase order 695
2930,2,30,2026-05-17 07:30:00,delivery,36,Inventory received for purchase order 695
2931,2,36,2026-05-17 07:30:00,delivery,70,Inventory received for purchase order 695
2932,2,16,2026-05-18 07:30:00,delivery,72,Inventory received for purchase order 696
2933,2,18,2026-05-18 07:30:00,delivery,60,Inventory received for purchase order 696
2934,2,22,2026-05-18 07:30:00,delivery,72,Inventory received for purchase order 696
2935,2,43,2026-05-18 07:30:00,delivery,70,Inventory received for purchase order 696
2936,2,19,2026-05-15 07:30:00,delivery,69,Inventory received for purchase order 697
2937,2,20,2026-05-15 07:30:00,delivery,38,Inventory received for purchase order 697
2938,2,27,2026-05-15 07:30:00,delivery,68,Inventory received for purchase order 697
2939,2,34,2026-05-15 07:30:00,delivery,69,Inventory received for purchase order 697
2940,2,47,2026-05-15 07:30:00,delivery,57,Inventory received for purchase order 697
2941,2,24,2026-05-16 07:30:00,delivery,48,Inventory received for purchase order 698
2942,2,28,2026-05-16 07:30:00,delivery,66,Inventory received for purchase order 698
2943,2,40,2026-05-16 07:30:00,delivery,56,Inventory received for purchase order 698
2944,2,17,2026-05-16 07:30:00,delivery,72,Inventory received for purchase order 699
2945,2,32,2026-05-16 07:30:00,delivery,66,Inventory received for purchase order 699
2946,2,33,2026-05-16 07:30:00,delivery,72,Inventory received for purchase order 699
2947,2,2,2026-05-16 07:30:00,delivery,60,Inventory received for purchase order 700
2948,2,13,2026-05-16 07:30:00,delivery,108,Inventory received for purchase order 700
2949,2,21,2026-05-16 07:30:00,delivery,72,Inventory received for purchase order 700
2950,2,23,2026-05-16 07:30:00,delivery,56,Inventory received for purchase order 700
2951,2,35,2026-05-16 07:30:00,delivery,48,Inventory received for purchase order 700
2952,2,45,2026-05-16 07:30:00,delivery,48,Inventory received for purchase order 700
2953,2,48,2026-05-17 07:30:00,delivery,70,Inventory received for purchase order 701
2954,2,1,2026-05-18 07:30:00,delivery,36,Inventory received for purchase order 702
2955,2,5,2026-05-18 07:30:00,delivery,72,Inventory received for purchase order 702
2956,2,31,2026-05-18 07:30:00,delivery,72,Inventory received for purchase order 702
2957,2,39,2026-05-18 07:30:00,delivery,80,Inventory received for purchase order 702
2958,2,44,2026-05-18 07:30:00,delivery,50,Inventory received for purchase order 702
2959,2,46,2026-05-18 07:30:00,delivery,72,Inventory received for purchase order 702
2960,2,3,2026-05-22 07:30:00,delivery,100,Inventory received for purchase order 703
2961,2,9,2026-05-22 07:30:00,delivery,80,Inventory received for purchase order 703
2962,2,15,2026-05-22 07:30:00,delivery,48,Inventory received for purchase order 703
2963,2,20,2026-05-22 07:30:00,delivery,108,Inventory received for purchase order 703
2964,2,2,2026-05-23 07:30:00,delivery,60,Inventory received for purchase order 704
2965,2,7,2026-05-23 07:30:00,delivery,56,Inventory received for purchase order 704
2966,2,14,2026-05-23 07:30:00,delivery,72,Inventory received for purchase order 704
2967,2,22,2026-05-23 07:30:00,delivery,84,Inventory received for purchase order 704
2968,2,24,2026-05-23 07:30:00,delivery,70,Inventory received for purchase order 704
2969,2,27,2026-05-23 07:30:00,delivery,72,Inventory received for purchase order 704
2970,2,48,2026-05-23 07:30:00,delivery,72,Inventory received for purchase order 705
2971,2,25,2026-05-23 07:30:00,delivery,60,Inventory received for purchase order 706
2972,2,26,2026-05-23 07:30:00,delivery,72,Inventory received for purchase order 706
2973,2,30,2026-05-23 07:30:00,delivery,72,Inventory received for purchase order 706
2974,2,34,2026-05-24 07:30:00,delivery,60,Inventory received for purchase order 707
2975,2,44,2026-05-24 07:30:00,delivery,95,Inventory received for purchase order 707
2976,2,46,2026-05-24 07:30:00,delivery,48,Inventory received for purchase order 707
2977,2,13,2026-05-25 07:30:00,delivery,60,Inventory received for purchase order 708
2978,2,28,2026-05-25 07:30:00,delivery,80,Inventory received for purchase order 708
2979,2,35,2026-05-25 07:30:00,delivery,60,Inventory received for purchase order 708
2980,2,47,2026-05-25 07:30:00,delivery,60,Inventory received for purchase order 708
2981,2,16,2026-05-22 07:30:00,delivery,40,Inventory received for purchase order 709
2982,2,29,2026-05-22 07:30:00,delivery,40,Inventory received for purchase order 709
2983,2,36,2026-05-22 07:30:00,delivery,64,Inventory received for purchase order 709
2984,2,43,2026-05-22 07:30:00,delivery,72,Inventory received for purchase order 709
2985,2,45,2026-05-22 07:30:00,delivery,72,Inventory received for purchase order 709
2986,2,11,2026-05-23 07:30:00,delivery,48,Inventory received for purchase order 710
2987,2,17,2026-05-23 07:30:00,delivery,48,Inventory received for purchase order 710
2988,2,32,2026-05-23 07:30:00,delivery,78,Inventory received for purchase order 710
2989,2,33,2026-05-23 07:30:00,delivery,60,Inventory received for purchase order 710
2990,2,37,2026-05-23 07:30:00,delivery,96,Inventory received for purchase order 710
2991,2,18,2026-05-23 07:30:00,delivery,80,Inventory received for purchase order 711
2992,2,21,2026-05-23 07:30:00,delivery,48,Inventory received for purchase order 711
2993,2,23,2026-05-23 07:30:00,delivery,64,Inventory received for purchase order 711
2994,2,39,2026-05-23 07:30:00,delivery,70,Inventory received for purchase order 711
2995,2,1,2026-05-23 07:30:00,delivery,72,Inventory received for purchase order 712
2996,2,5,2026-05-23 07:30:00,delivery,80,Inventory received for purchase order 712
2997,2,10,2026-05-23 07:30:00,delivery,72,Inventory received for purchase order 712
2998,2,19,2026-05-23 07:30:00,delivery,60,Inventory received for purchase order 712
2999,2,31,2026-05-23 07:30:00,delivery,48,Inventory received for purchase order 712
3000,2,40,2026-05-23 07:30:00,delivery,48,Inventory received for purchase order 712
3001,2,41,2026-05-24 07:30:00,delivery,72,Inventory received for purchase order 713
3002,2,3,2026-06-01 07:30:00,delivery,38,Inventory received for purchase order 714
3003,2,9,2026-06-01 07:30:00,delivery,57,Inventory received for purchase order 714
3004,2,11,2026-06-01 07:30:00,delivery,57,Inventory received for purchase order 714
3005,2,15,2026-06-01 07:30:00,delivery,93,Inventory received for purchase order 714
3006,2,21,2026-06-01 07:30:00,delivery,69,Inventory received for purchase order 714
3007,2,10,2026-05-29 07:30:00,delivery,24,Inventory received for purchase order 715
3008,2,14,2026-05-29 07:30:00,delivery,48,Inventory received for purchase order 715
3009,2,24,2026-05-29 07:30:00,delivery,60,Inventory received for purchase order 715
3010,2,26,2026-05-29 07:30:00,delivery,60,Inventory received for purchase order 715
3011,2,27,2026-05-29 07:30:00,delivery,72,Inventory received for purchase order 715
3012,2,37,2026-05-29 07:30:00,delivery,39,Inventory received for purchase order 715
3013,2,7,2026-05-30 07:30:00,delivery,72,Inventory received for purchase order 716
3014,2,25,2026-05-30 07:30:00,delivery,48,Inventory received for purchase order 716
3015,2,29,2026-05-30 07:30:00,delivery,96,Inventory received for purchase order 716
3016,2,30,2026-05-30 07:30:00,delivery,36,Inventory received for purchase order 716
3017,2,36,2026-05-30 07:30:00,delivery,50,Inventory received for purchase order 716
3018,2,16,2026-05-30 07:30:00,delivery,36,Inventory received for purchase order 717
3019,2,22,2026-05-30 07:30:00,delivery,48,Inventory received for purchase order 717
3020,2,43,2026-05-30 07:30:00,delivery,40,Inventory received for purchase order 717
3021,2,2,2026-05-30 07:30:00,delivery,72,Inventory received for purchase order 718
3022,2,19,2026-05-30 07:30:00,delivery,72,Inventory received for purchase order 718
3023,2,20,2026-05-30 07:30:00,delivery,30,Inventory received for purchase order 718
3024,2,34,2026-05-30 07:30:00,delivery,72,Inventory received for purchase order 718
3025,2,28,2026-05-31 07:30:00,delivery,60,Inventory received for purchase order 719
3026,2,40,2026-05-31 07:30:00,delivery,56,Inventory received for purchase order 719
3027,2,17,2026-06-01 07:30:00,delivery,48,Inventory received for purchase order 720
3028,2,33,2026-06-01 07:30:00,delivery,42,Inventory received for purchase order 720
3029,2,5,2026-05-29 07:30:00,delivery,72,Inventory received for purchase order 721
3030,2,13,2026-05-29 07:30:00,delivery,72,Inventory received for purchase order 721
3031,2,18,2026-05-29 07:30:00,delivery,56,Inventory received for purchase order 721
3032,2,23,2026-05-29 07:30:00,delivery,56,Inventory received for purchase order 721
3033,2,31,2026-05-29 07:30:00,delivery,72,Inventory received for purchase order 721
3034,2,35,2026-05-29 07:30:00,delivery,96,Inventory received for purchase order 721
3035,2,45,2026-05-30 07:30:00,delivery,36,Inventory received for purchase order 722
3036,2,48,2026-05-30 07:30:00,delivery,60,Inventory received for purchase order 722
3037,2,1,2026-05-30 07:30:00,delivery,72,Inventory received for purchase order 723
3038,2,32,2026-05-30 07:30:00,delivery,60,Inventory received for purchase order 723
3039,2,39,2026-05-30 07:30:00,delivery,60,Inventory received for purchase order 723
3040,2,41,2026-05-30 07:30:00,delivery,48,Inventory received for purchase order 723
3041,2,44,2026-05-30 07:30:00,delivery,60,Inventory received for purchase order 723
3042,2,46,2026-05-30 07:30:00,delivery,48,Inventory received for purchase order 723
3043,2,47,2026-05-30 07:30:00,delivery,80,Inventory received for purchase order 724
3044,2,3,2026-06-07 07:30:00,delivery,60,Inventory received for purchase order 725
3045,2,9,2026-06-07 07:30:00,delivery,60,Inventory received for purchase order 725
3046,2,15,2026-06-07 07:30:00,delivery,48,Inventory received for purchase order 725
3047,2,2,2026-06-08 07:30:00,delivery,40,Inventory received for purchase order 726
3048,2,7,2026-06-08 07:30:00,delivery,32,Inventory received for purchase order 726
3049,2,14,2026-06-08 07:30:00,delivery,95,Inventory received for purchase order 726
3050,2,22,2026-06-08 07:30:00,delivery,78,Inventory received for purchase order 726
3051,2,24,2026-06-08 07:30:00,delivery,70,Inventory received for purchase order 726
3052,2,48,2026-06-08 07:30:00,delivery,96,Inventory received for purchase order 726
3053,2,25,2026-06-05 07:30:00,delivery,72,Inventory received for purchase order 727
3054,2,26,2026-06-05 07:30:00,delivery,72,Inventory received for purchase order 727
3055,2,30,2026-06-05 07:30:00,delivery,72,Inventory received for purchase order 727
3056,2,34,2026-06-06 07:30:00,delivery,80,Inventory received for purchase order 728
3057,2,46,2026-06-06 07:30:00,delivery,96,Inventory received for purchase order 728
3058,2,13,2026-06-06 07:30:00,delivery,40,Inventory received for purchase order 729
3059,2,20,2026-06-06 07:30:00,delivery,40,Inventory received for purchase order 729
3060,2,27,2026-06-06 07:30:00,delivery,24,Inventory received for purchase order 729
3061,2,28,2026-06-06 07:30:00,delivery,64,Inventory received for purchase order 729
3062,2,35,2026-06-06 07:30:00,delivery,40,Inventory received for purchase order 729
3063,2,44,2026-06-06 07:30:00,delivery,72,Inventory received for purchase order 729
3064,2,16,2026-06-06 07:30:00,delivery,60,Inventory received for purchase order 730
3065,2,29,2026-06-06 07:30:00,delivery,20,Inventory received for purchase order 730
3066,2,36,2026-06-06 07:30:00,delivery,64,Inventory received for purchase order 730
3067,2,43,2026-06-06 07:30:00,delivery,96,Inventory received for purchase order 730
3068,2,45,2026-06-06 07:30:00,delivery,88,Inventory received for purchase order 730
3069,2,11,2026-06-07 07:30:00,delivery,52,Inventory received for purchase order 731
3070,2,17,2026-06-07 07:30:00,delivery,69,Inventory received for purchase order 731
3071,2,32,2026-06-07 07:30:00,delivery,52,Inventory received for purchase order 731
3072,2,33,2026-06-07 07:30:00,delivery,46,Inventory received for purchase order 731
3073,2,5,2026-06-08 07:30:00,delivery,36,Inventory received for purchase order 732
3074,2,18,2026-06-08 07:30:00,delivery,72,Inventory received for purchase order 732
3075,2,21,2026-06-08 07:30:00,delivery,96,Inventory received for purchase order 732
3076,2,23,2026-06-08 07:30:00,delivery,64,Inventory received for purchase order 732
3077,2,37,2026-06-08 07:30:00,delivery,72,Inventory received for purchase order 732
3078,2,1,2026-06-05 07:30:00,delivery,72,Inventory received for purchase order 733
3079,2,10,2026-06-05 07:30:00,delivery,96,Inventory received for purchase order 733
3080,2,19,2026-06-05 07:30:00,delivery,20,Inventory received for purchase order 733
3081,2,31,2026-06-05 07:30:00,delivery,48,Inventory received for purchase order 733
3082,2,39,2026-06-05 07:30:00,delivery,60,Inventory received for purchase order 733
3083,2,40,2026-06-05 07:30:00,delivery,72,Inventory received for purchase order 733
3084,2,41,2026-06-06 07:30:00,delivery,88,Inventory received for purchase order 734
3085,2,47,2026-06-06 07:30:00,delivery,72,Inventory received for purchase order 734
3086,2,3,2026-06-13 07:30:00,delivery,79,Inventory received for purchase order 735
3087,2,9,2026-06-13 07:30:00,delivery,60,Inventory received for purchase order 735
3088,2,11,2026-06-13 07:30:00,delivery,60,Inventory received for purchase order 735
3089,2,15,2026-06-13 07:30:00,delivery,48,Inventory received for purchase order 735
3090,2,21,2026-06-13 07:30:00,delivery,48,Inventory received for purchase order 735
3091,2,10,2026-06-13 07:30:00,delivery,24,Inventory received for purchase order 736
3092,2,14,2026-06-13 07:30:00,delivery,48,Inventory received for purchase order 736
3093,2,24,2026-06-13 07:30:00,delivery,40,Inventory received for purchase order 736
3094,2,26,2026-06-13 07:30:00,delivery,84,Inventory received for purchase order 736
3095,2,37,2026-06-13 07:30:00,delivery,56,Inventory received for purchase order 736
3096,2,41,2026-06-13 07:30:00,delivery,60,Inventory received for purchase order 736
3097,2,7,2026-06-14 07:30:00,delivery,72,Inventory received for purchase order 737
3098,2,25,2026-06-14 07:30:00,delivery,60,Inventory received for purchase order 737
3099,2,29,2026-06-14 07:30:00,delivery,96,Inventory received for purchase order 737
3100,2,30,2026-06-14 07:30:00,delivery,36,Inventory received for purchase order 737
3101,2,36,2026-06-14 07:30:00,delivery,70,Inventory received for purchase order 737
3102,2,16,2026-06-15 07:30:00,delivery,48,Inventory received for purchase order 738
3103,2,18,2026-06-15 07:30:00,delivery,60,Inventory received for purchase order 738
3104,2,22,2026-06-15 07:30:00,delivery,54,Inventory received for purchase order 738
3105,2,19,2026-06-12 07:30:00,delivery,72,Inventory received for purchase order 739
3106,2,20,2026-06-12 07:30:00,delivery,60,Inventory received for purchase order 739
3107,2,27,2026-06-12 07:30:00,delivery,84,Inventory received for purchase order 739
3108,2,34,2026-06-12 07:30:00,delivery,60,Inventory received for purchase order 739
3109,2,47,2026-06-12 07:30:00,delivery,60,Inventory received for purchase order 739
3110,2,28,2026-06-13 07:30:00,delivery,48,Inventory received for purchase order 740
3111,2,40,2026-06-13 07:30:00,delivery,72,Inventory received for purchase order 740
3112,2,43,2026-06-13 07:30:00,delivery,72,Inventory received for purchase order 740
3113,2,17,2026-06-13 07:30:00,delivery,48,Inventory received for purchase order 741
3114,2,33,2026-06-13 07:30:00,delivery,54,Inventory received for purchase order 741
3115,2,2,2026-06-13 07:30:00,delivery,60,Inventory received for purchase order 742
3116,2,5,2026-06-13 07:30:00,delivery,72,Inventory received for purchase order 742
3117,2,13,2026-06-13 07:30:00,delivery,72,Inventory received for purchase order 742
3118,2,23,2026-06-13 07:30:00,delivery,56,Inventory received for purchase order 742
3119,2,31,2026-06-13 07:30:00,delivery,48,Inventory received for purchase order 742
3120,2,35,2026-06-13 07:30:00,delivery,96,Inventory received for purchase order 742
3121,2,45,2026-06-14 07:30:00,delivery,84,Inventory received for purchase order 743
3122,2,48,2026-06-14 07:30:00,delivery,40,Inventory received for purchase order 743
3123,2,1,2026-06-15 07:30:00,delivery,35,Inventory received for purchase order 744
3124,2,32,2026-06-15 07:30:00,delivery,40,Inventory received for purchase order 744
3125,2,39,2026-06-15 07:30:00,delivery,80,Inventory received for purchase order 744
3126,2,44,2026-06-15 07:30:00,delivery,50,Inventory received for purchase order 744
3127,2,46,2026-06-15 07:30:00,delivery,48,Inventory received for purchase order 744
3128,2,3,2026-06-19 07:30:00,delivery,60,Inventory received for purchase order 745
3129,2,9,2026-06-19 07:30:00,delivery,70,Inventory received for purchase order 745
3130,2,15,2026-06-19 07:30:00,delivery,96,Inventory received for purchase order 745
3131,2,20,2026-06-19 07:30:00,delivery,72,Inventory received for purchase order 745
3132,2,21,2026-06-19 07:30:00,delivery,56,Inventory received for purchase order 745
3133,2,2,2026-06-20 07:30:00,delivery,40,Inventory received for purchase order 746
3134,2,7,2026-06-20 07:30:00,delivery,48,Inventory received for purchase order 746
3135,2,14,2026-06-20 07:30:00,delivery,72,Inventory received for purchase order 746
3136,2,22,2026-06-20 07:30:00,delivery,78,Inventory received for purchase order 746
3137,2,24,2026-06-20 07:30:00,delivery,70,Inventory received for purchase order 746
3138,2,27,2026-06-20 07:30:00,delivery,72,Inventory received for purchase order 746
3139,2,48,2026-06-20 07:30:00,delivery,72,Inventory received for purchase order 747
3140,2,25,2026-06-20 07:30:00,delivery,46,Inventory received for purchase order 748
3141,2,30,2026-06-20 07:30:00,delivery,35,Inventory received for purchase order 748
3142,2,34,2026-06-21 07:30:00,delivery,60,Inventory received for purchase order 749
3143,2,44,2026-06-21 07:30:00,delivery,48,Inventory received for purchase order 749
3144,2,46,2026-06-21 07:30:00,delivery,48,Inventory received for purchase order 749
3145,2,13,2026-06-22 07:30:00,delivery,60,Inventory received for purchase order 750
3146,2,28,2026-06-22 07:30:00,delivery,64,Inventory received for purchase order 750
3147,2,35,2026-06-22 07:30:00,delivery,20,Inventory received for purchase order 750
3148,2,16,2026-06-19 07:30:00,delivery,60,Inventory received for purchase order 751
3149,2,26,2026-06-19 07:30:00,delivery,40,Inventory received for purchase order 751
3150,2,29,2026-06-19 07:30:00,delivery,20,Inventory received for purchase order 751
3151,2,36,2026-06-19 07:30:00,delivery,40,Inventory received for purchase order 751
3152,2,43,2026-06-19 07:30:00,delivery,72,Inventory received for purchase order 751
3153,2,45,2026-06-19 07:30:00,delivery,64,Inventory received for purchase order 751
3154,2,11,2026-06-20 07:30:00,delivery,54,Inventory received for purchase order 752
3155,2,17,2026-06-20 07:30:00,delivery,72,Inventory received for purchase order 752
3156,2,32,2026-06-20 07:30:00,delivery,42,Inventory received for purchase order 752
3157,2,33,2026-06-20 07:30:00,delivery,54,Inventory received for purchase order 752
3158,2,5,2026-06-20 07:30:00,delivery,36,Inventory received for purchase order 753
3159,2,18,2026-06-20 07:30:00,delivery,56,Inventory received for purchase order 753
3160,2,23,2026-06-20 07:30:00,delivery,55,Inventory received for purchase order 753
3161,2,37,2026-06-20 07:30:00,delivery,72,Inventory received for purchase order 753
3162,2,39,2026-06-20 07:30:00,delivery,50,Inventory received for purchase order 753
3163,2,1,2026-06-20 07:30:00,delivery,72,Inventory received for purchase order 754
3164,2,10,2026-06-20 07:30:00,delivery,72,Inventory received for purchase order 754
3165,2,19,2026-06-20 07:30:00,delivery,40,Inventory received for purchase order 754
3166,2,31,2026-06-20 07:30:00,delivery,48,Inventory received for purchase order 754
3167,2,40,2026-06-20 07:30:00,delivery,72,Inventory received for purchase order 754
3168,2,41,2026-06-20 07:30:00,delivery,72,Inventory received for purchase order 754
3169,2,47,2026-06-21 07:30:00,delivery,48,Inventory received for purchase order 755
3170,2,3,2026-06-29 07:30:00,delivery,60,Inventory received for purchase order 756
3171,2,9,2026-06-29 07:30:00,delivery,60,Inventory received for purchase order 756
3172,2,11,2026-06-29 07:30:00,delivery,60,Inventory received for purchase order 756
3173,2,15,2026-06-29 07:30:00,delivery,48,Inventory received for purchase order 756
3174,2,10,2026-06-26 07:30:00,delivery,72,Inventory received for purchase order 757
3175,2,14,2026-06-26 07:30:00,delivery,72,Inventory received for purchase order 757
3176,2,24,2026-06-26 07:30:00,delivery,30,Inventory received for purchase order 757
3177,2,26,2026-06-26 07:30:00,delivery,72,Inventory received for purchase order 757
3178,2,37,2026-06-26 07:30:00,delivery,56,Inventory received for purchase order 757
3179,2,41,2026-06-26 07:30:00,delivery,48,Inventory received for purchase order 757
3180,2,7,2026-06-27 07:30:00,delivery,108,Inventory received for purchase order 758
3181,2,25,2026-06-27 07:30:00,delivery,72,Inventory received for purchase order 758
3182,2,29,2026-06-27 07:30:00,delivery,96,Inventory received for purchase order 758
3183,2,30,2026-06-27 07:30:00,delivery,72,Inventory received for purchase order 758
3184,2,36,2026-06-27 07:30:00,delivery,70,Inventory received for purchase order 758
3185,2,16,2026-06-27 07:30:00,delivery,24,Inventory received for purchase order 759
3186,2,18,2026-06-27 07:30:00,delivery,78,Inventory received for purchase order 759
3187,2,22,2026-06-27 07:30:00,delivery,78,Inventory received for purchase order 759
3188,2,43,2026-06-27 07:30:00,delivery,50,Inventory received for purchase order 759
3189,2,2,2026-06-27 07:30:00,delivery,72,Inventory received for purchase order 760
3190,2,19,2026-06-27 07:30:00,delivery,72,Inventory received for purchase order 760
3191,2,20,2026-06-27 07:30:00,delivery,40,Inventory received for purchase order 760
3192,2,27,2026-06-27 07:30:00,delivery,54,Inventory received for purchase order 760
3193,2,34,2026-06-27 07:30:00,delivery,24,Inventory received for purchase order 760
3194,2,47,2026-06-27 07:30:00,delivery,80,Inventory received for purchase order 760
3195,2,28,2026-06-28 07:30:00,delivery,60,Inventory received for purchase order 761
3196,2,40,2026-06-28 07:30:00,delivery,48,Inventory received for purchase order 761
3197,2,17,2026-06-29 07:30:00,delivery,47,Inventory received for purchase order 762
3198,2,33,2026-06-29 07:30:00,delivery,54,Inventory received for purchase order 762
3199,2,13,2026-06-26 07:30:00,delivery,72,Inventory received for purchase order 763
3200,2,21,2026-06-26 07:30:00,delivery,96,Inventory received for purchase order 763
3201,2,23,2026-06-26 07:30:00,delivery,72,Inventory received for purchase order 763
3202,2,31,2026-06-26 07:30:00,delivery,48,Inventory received for purchase order 763
3203,2,35,2026-06-26 07:30:00,delivery,96,Inventory received for purchase order 763
3204,2,39,2026-06-26 07:30:00,delivery,60,Inventory received for purchase order 763
3205,2,45,2026-06-27 07:30:00,delivery,60,Inventory received for purchase order 764
3206,2,48,2026-06-27 07:30:00,delivery,30,Inventory received for purchase order 764
3207,2,1,2026-06-27 07:30:00,delivery,69,Inventory received for purchase order 765
3208,2,5,2026-06-27 07:30:00,delivery,69,Inventory received for purchase order 765
3209,2,32,2026-06-27 07:30:00,delivery,57,Inventory received for purchase order 765
3210,2,44,2026-06-27 07:30:00,delivery,97,Inventory received for purchase order 765
3211,2,46,2026-06-27 07:30:00,delivery,69,Inventory received for purchase order 765
3212,2,3,2026-07-04 07:30:00,delivery,80,Inventory received for purchase order 766
3213,2,9,2026-07-04 07:30:00,delivery,60,Inventory received for purchase order 766
3214,2,15,2026-07-04 07:30:00,delivery,96,Inventory received for purchase order 766
3215,2,21,2026-07-04 07:30:00,delivery,64,Inventory received for purchase order 766
3216,2,7,2026-07-05 07:30:00,delivery,48,Inventory received for purchase order 767
3217,2,14,2026-07-05 07:30:00,delivery,96,Inventory received for purchase order 767
3218,2,22,2026-07-05 07:30:00,delivery,90,Inventory received for purchase order 767
3219,2,24,2026-07-05 07:30:00,delivery,70,Inventory received for purchase order 767
3220,2,27,2026-07-05 07:30:00,delivery,108,Inventory received for purchase order 767
3221,2,48,2026-07-05 07:30:00,delivery,96,Inventory received for purchase order 767
3222,2,25,2026-07-06 07:30:00,delivery,72,Inventory received for purchase order 768
3223,2,26,2026-07-06 07:30:00,delivery,72,Inventory received for purchase order 768
3224,2,30,2026-07-06 07:30:00,delivery,36,Inventory received for purchase order 768
3225,2,34,2026-07-03 07:30:00,delivery,80,Inventory received for purchase order 769
3226,2,44,2026-07-03 07:30:00,delivery,48,Inventory received for purchase order 769
3227,2,46,2026-07-03 07:30:00,delivery,72,Inventory received for purchase order 769
3228,2,13,2026-07-04 07:30:00,delivery,80,Inventory received for purchase order 770
3229,2,20,2026-07-04 07:30:00,delivery,70,Inventory received for purchase order 770
3230,2,28,2026-07-04 07:30:00,delivery,80,Inventory received for purchase order 770
3231,2,35,2026-07-04 07:30:00,delivery,60,Inventory received for purchase order 770
3232,2,47,2026-07-04 07:30:00,delivery,80,Inventory received for purchase order 770
3233,2,16,2026-07-04 07:30:00,delivery,60,Inventory received for purchase order 771
3234,2,36,2026-07-04 07:30:00,delivery,63,Inventory received for purchase order 771
3235,2,43,2026-07-04 07:30:00,delivery,72,Inventory received for purchase order 771
3236,2,45,2026-07-04 07:30:00,delivery,72,Inventory received for purchase order 771
3237,2,11,2026-07-04 07:30:00,delivery,90,Inventory received for purchase order 772
3238,2,17,2026-07-04 07:30:00,delivery,72,Inventory received for purchase order 772
3239,2,32,2026-07-04 07:30:00,delivery,84,Inventory received for purchase order 772
3240,2,33,2026-07-04 07:30:00,delivery,60,Inventory received for purchase order 772
3241,2,2,2026-07-05 07:30:00,delivery,60,Inventory received for purchase order 773
3242,2,18,2026-07-05 07:30:00,delivery,80,Inventory received for purchase order 773
3243,2,23,2026-07-05 07:30:00,delivery,64,Inventory received for purchase order 773
3244,2,31,2026-07-05 07:30:00,delivery,60,Inventory received for purchase order 773
3245,2,37,2026-07-05 07:30:00,delivery,72,Inventory received for purchase order 773
3246,2,1,2026-07-06 07:30:00,delivery,72,Inventory received for purchase order 774
3247,2,5,2026-07-06 07:30:00,delivery,80,Inventory received for purchase order 774
3248,2,10,2026-07-06 07:30:00,delivery,72,Inventory received for purchase order 774
3249,2,19,2026-07-06 07:30:00,delivery,90,Inventory received for purchase order 774
3250,2,39,2026-07-06 07:30:00,delivery,60,Inventory received for purchase order 774
3251,2,40,2026-07-06 07:30:00,delivery,72,Inventory received for purchase order 774
3252,2,41,2026-07-03 07:30:00,delivery,80,Inventory received for purchase order 775
3253,2,3,2026-07-11 07:30:00,delivery,100,Inventory received for purchase order 776
3254,2,9,2026-07-11 07:30:00,delivery,60,Inventory received for purchase order 776
3255,2,11,2026-07-11 07:30:00,delivery,60,Inventory received for purchase order 776
3256,2,15,2026-07-11 07:30:00,delivery,48,Inventory received for purchase order 776
3257,2,20,2026-07-11 07:30:00,delivery,72,Inventory received for purchase order 776
3258,2,7,2026-07-11 07:30:00,delivery,72,Inventory received for purchase order 777
3259,2,10,2026-07-11 07:30:00,delivery,64,Inventory received for purchase order 777
3260,2,14,2026-07-11 07:30:00,delivery,48,Inventory received for purchase order 777
3261,2,24,2026-07-11 07:30:00,delivery,60,Inventory received for purchase order 777
3262,2,26,2026-07-11 07:30:00,delivery,60,Inventory received for purchase order 777
3263,2,27,2026-07-11 07:30:00,delivery,36,Inventory received for purchase order 777
3264,2,41,2026-07-11 07:30:00,delivery,60,Inventory received for purchase order 778
3265,2,25,2026-07-12 07:30:00,delivery,48,Inventory received for purchase order 779
3266,2,29,2026-07-12 07:30:00,delivery,96,Inventory received for purchase order 779
3267,2,30,2026-07-12 07:30:00,delivery,72,Inventory received for purchase order 779
3268,2,36,2026-07-12 07:30:00,delivery,60,Inventory received for purchase order 779
3269,2,16,2026-07-13 07:30:00,delivery,60,Inventory received for purchase order 780
3270,2,18,2026-07-13 07:30:00,delivery,72,Inventory received for purchase order 780
3271,2,22,2026-07-13 07:30:00,delivery,41,Inventory received for purchase order 780
3272,2,43,2026-07-13 07:30:00,delivery,60,Inventory received for purchase order 780
3273,2,19,2026-07-10 07:30:00,delivery,72,Inventory received for purchase order 781
3274,2,34,2026-07-10 07:30:00,delivery,48,Inventory received for purchase order 781
3275,2,35,2026-07-10 07:30:00,delivery,100,Inventory received for purchase order 781
3276,2,47,2026-07-10 07:30:00,delivery,80,Inventory received for purchase order 781
3277,2,28,2026-07-11 07:30:00,delivery,63,Inventory received for purchase order 782
3278,2,40,2026-07-11 07:30:00,delivery,69,Inventory received for purchase order 782
3279,2,17,2026-07-11 07:30:00,delivery,72,Inventory received for purchase order 783
3280,2,33,2026-07-11 07:30:00,delivery,72,Inventory received for purchase order 783
3281,2,37,2026-07-11 07:30:00,delivery,48,Inventory received for purchase order 783
3282,2,2,2026-07-11 07:30:00,delivery,40,Inventory received for purchase order 784
3283,2,13,2026-07-11 07:30:00,delivery,36,Inventory received for purchase order 784
3284,2,21,2026-07-11 07:30:00,delivery,96,Inventory received for purchase order 784
3285,2,23,2026-07-11 07:30:00,delivery,64,Inventory received for purchase order 784
3286,2,39,2026-07-11 07:30:00,delivery,80,Inventory received for purchase order 784
3287,2,45,2026-07-11 07:30:00,delivery,60,Inventory received for purchase order 784
3288,2,48,2026-07-12 07:30:00,delivery,50,Inventory received for purchase order 785
3289,2,1,2026-07-13 07:30:00,delivery,72,Inventory received for purchase order 786
3290,2,5,2026-07-13 07:30:00,delivery,64,Inventory received for purchase order 786
3291,2,31,2026-07-13 07:30:00,delivery,72,Inventory received for purchase order 786
3292,2,32,2026-07-13 07:30:00,delivery,60,Inventory received for purchase order 786
3293,2,44,2026-07-13 07:30:00,delivery,70,Inventory received for purchase order 786
3294,2,46,2026-07-13 07:30:00,delivery,72,Inventory received for purchase order 786
3295,2,3,2026-07-17 07:30:00,delivery,60,Inventory received for purchase order 787
3296,2,9,2026-07-17 07:30:00,delivery,40,Inventory received for purchase order 787
3297,2,15,2026-07-17 07:30:00,delivery,48,Inventory received for purchase order 787
3298,2,20,2026-07-17 07:30:00,delivery,72,Inventory received for purchase order 787
3299,2,21,2026-07-17 07:30:00,delivery,32,Inventory received for purchase order 787
3300,2,2,2026-07-18 07:30:00,delivery,60,Inventory received for purchase order 788
3301,2,14,2026-07-18 07:30:00,delivery,24,Inventory received for purchase order 788
3302,2,22,2026-07-18 07:30:00,delivery,90,Inventory received for purchase order 788
3303,2,24,2026-07-18 07:30:00,delivery,50,Inventory received for purchase order 788
3304,2,48,2026-07-18 07:30:00,delivery,72,Inventory received for purchase order 788
3305,2,7,2026-07-18 07:30:00,delivery,72,Inventory received for purchase order 789
3306,2,25,2026-07-18 07:30:00,delivery,84,Inventory received for purchase order 789
3307,2,26,2026-07-18 07:30:00,delivery,72,Inventory received for purchase order 789
3308,2,30,2026-07-18 07:30:00,delivery,71,Inventory received for purchase order 789
3309,2,36,2026-07-18 07:30:00,delivery,40,Inventory received for purchase order 789
3310,2,34,2026-07-18 07:30:00,delivery,80,Inventory received for purchase order 790
3311,2,46,2026-07-18 07:30:00,delivery,24,Inventory received for purchase order 790
3312,2,13,2026-07-19 07:30:00,delivery,60,Inventory received for purchase order 791
3313,2,27,2026-07-19 07:30:00,delivery,24,Inventory received for purchase order 791
3314,2,28,2026-07-19 07:30:00,delivery,56,Inventory received for purchase order 791
3315,2,35,2026-07-19 07:30:00,delivery,60,Inventory received for purchase order 791
3316,2,44,2026-07-19 07:30:00,delivery,72,Inventory received for purchase order 791
3317,2,47,2026-07-19 07:30:00,delivery,60,Inventory received for purchase order 791
3318,2,16,2026-07-20 07:30:00,delivery,80,Inventory received for purchase order 792
3319,2,29,2026-07-20 07:30:00,delivery,20,Inventory received for purchase order 792
3320,2,43,2026-07-20 07:30:00,delivery,72,Inventory received for purchase order 792
3321,2,45,2026-07-20 07:30:00,delivery,72,Inventory received for purchase order 792
3322,2,11,2026-07-17 07:30:00,delivery,66,Inventory received for purchase order 793
3323,2,17,2026-07-17 07:30:00,delivery,72,Inventory received for purchase order 793
3324,2,32,2026-07-17 07:30:00,delivery,60,Inventory received for purchase order 793
3325,2,33,2026-07-17 07:30:00,delivery,54,Inventory received for purchase order 793
3326,2,5,2026-07-18 07:30:00,delivery,108,Inventory received for purchase order 794
3327,2,18,2026-07-18 07:30:00,delivery,56,Inventory received for purchase order 794
3328,2,23,2026-07-18 07:30:00,delivery,40,Inventory received for purchase order 794
3329,2,37,2026-07-18 07:30:00,delivery,72,Inventory received for purchase order 794
3330,2,1,2026-07-18 07:30:00,delivery,72,Inventory received for purchase order 795
3331,2,10,2026-07-18 07:30:00,delivery,72,Inventory received for purchase order 795
3332,2,19,2026-07-18 07:30:00,delivery,60,Inventory received for purchase order 795
3333,2,31,2026-07-18 07:30:00,delivery,48,Inventory received for purchase order 795
3334,2,39,2026-07-18 07:30:00,delivery,60,Inventory received for purchase order 795
3335,2,40,2026-07-18 07:30:00,delivery,72,Inventory received for purchase order 795
3336,2,41,2026-07-18 07:30:00,delivery,56,Inventory received for purchase order 796
3337,2,3,2026-07-26 07:30:00,delivery,40,Inventory received for purchase order 797
3338,2,9,2026-07-26 07:30:00,delivery,70,Inventory received for purchase order 797
3339,2,11,2026-07-26 07:30:00,delivery,80,Inventory received for purchase order 797
3340,2,15,2026-07-26 07:30:00,delivery,96,Inventory received for purchase order 797
3341,2,10,2026-07-27 07:30:00,delivery,24,Inventory received for purchase order 798
3342,2,14,2026-07-27 07:30:00,delivery,48,Inventory received for purchase order 798
3343,2,24,2026-07-27 07:30:00,delivery,80,Inventory received for purchase order 798
3344,2,26,2026-07-27 07:30:00,delivery,60,Inventory received for purchase order 798
3345,2,37,2026-07-27 07:30:00,delivery,39,Inventory received for purchase order 798
3346,2,41,2026-07-27 07:30:00,delivery,66,Inventory received for purchase order 798
3347,2,7,2026-07-24 07:30:00,delivery,69,Inventory received for purchase order 799
3348,2,25,2026-07-24 07:30:00,delivery,69,Inventory received for purchase order 799
3349,2,29,2026-07-24 07:30:00,delivery,93,Inventory received for purchase order 799
3350,2,30,2026-07-24 07:30:00,delivery,69,Inventory received for purchase order 799
3351,2,36,2026-07-24 07:30:00,delivery,67,Inventory received for purchase order 799
3352,2,16,2026-07-25 07:30:00,delivery,48,Inventory received for purchase order 800
3353,2,22,2026-07-25 07:30:00,delivery,102,Inventory received for purchase order 800
3354,2,43,2026-07-25 07:30:00,delivery,70,Inventory received for purchase order 800
3355,2,2,2026-07-25 07:30:00,delivery,72,Inventory received for purchase order 801
3356,2,19,2026-07-25 07:30:00,delivery,108,Inventory received for purchase order 801
3357,2,20,2026-07-25 07:30:00,delivery,40,Inventory received for purchase order 801
3358,2,27,2026-07-25 07:30:00,delivery,66,Inventory received for purchase order 801
3359,2,34,2026-07-25 07:30:00,delivery,72,Inventory received for purchase order 801
3360,2,47,2026-07-25 07:30:00,delivery,60,Inventory received for purchase order 801
3361,2,28,2026-07-25 07:30:00,delivery,72,Inventory received for purchase order 802
3362,2,40,2026-07-25 07:30:00,delivery,48,Inventory received for purchase order 802
3363,2,17,2026-07-26 07:30:00,delivery,48,Inventory received for purchase order 803
3364,2,33,2026-07-26 07:30:00,delivery,42,Inventory received for purchase order 803
3365,2,13,2026-07-27 07:30:00,delivery,72,Inventory received for purchase order 804
3366,2,18,2026-07-27 07:30:00,delivery,16,Inventory received for purchase order 804
3367,2,21,2026-07-27 07:30:00,delivery,48,Inventory received for purchase order 804
3368,2,23,2026-07-27 07:30:00,delivery,48,Inventory received for purchase order 804
3369,2,35,2026-07-27 07:30:00,delivery,96,Inventory received for purchase order 804
3370,2,39,2026-07-27 07:30:00,delivery,80,Inventory received for purchase order 804
3371,2,45,2026-07-24 07:30:00,delivery,60,Inventory received for purchase order 805
3372,2,48,2026-07-24 07:30:00,delivery,60,Inventory received for purchase order 805
3373,2,1,2026-07-25 07:30:00,delivery,36,Inventory received for purchase order 806
3374,2,5,2026-07-25 07:30:00,delivery,40,Inventory received for purchase order 806
3375,2,31,2026-07-25 07:30:00,delivery,72,Inventory received for purchase order 806
3376,2,32,2026-07-25 07:30:00,delivery,60,Inventory received for purchase order 806
3377,2,44,2026-07-25 07:30:00,delivery,70,Inventory received for purchase order 806
3378,2,46,2026-07-25 07:30:00,delivery,96,Inventory received for purchase order 806
3379,3,3,2025-11-08 07:30:00,delivery,20,Inventory received for purchase order 807
3380,3,9,2025-11-08 07:30:00,delivery,20,Inventory received for purchase order 807
3381,3,15,2025-11-08 07:30:00,delivery,48,Inventory received for purchase order 807
3382,3,20,2025-11-08 07:30:00,delivery,35,Inventory received for purchase order 807
3383,3,2,2025-11-07 07:30:00,delivery,20,Inventory received for purchase order 808
3384,3,7,2025-11-07 07:30:00,delivery,16,Inventory received for purchase order 808
3385,3,22,2025-11-07 07:30:00,delivery,24,Inventory received for purchase order 808
3386,3,41,2025-11-07 07:30:00,delivery,12,Inventory received for purchase order 808
3387,3,48,2025-11-07 07:30:00,delivery,24,Inventory received for purchase order 808
3388,3,25,2025-11-08 07:30:00,delivery,60,Inventory received for purchase order 809
3389,3,30,2025-11-08 07:30:00,delivery,36,Inventory received for purchase order 809
3390,3,36,2025-11-08 07:30:00,delivery,20,Inventory received for purchase order 809
3391,3,46,2025-11-09 07:30:00,delivery,24,Inventory received for purchase order 810
3392,3,13,2025-11-05 07:30:00,delivery,20,Inventory received for purchase order 811
3393,3,27,2025-11-05 07:30:00,delivery,12,Inventory received for purchase order 811
3394,3,28,2025-11-05 07:30:00,delivery,32,Inventory received for purchase order 811
3395,3,35,2025-11-05 07:30:00,delivery,20,Inventory received for purchase order 811
3396,3,44,2025-11-05 07:30:00,delivery,36,Inventory received for purchase order 811
3397,3,16,2025-11-08 07:30:00,delivery,40,Inventory received for purchase order 812
3398,3,26,2025-11-08 07:30:00,delivery,10,Inventory received for purchase order 812
3399,3,29,2025-11-08 07:30:00,delivery,20,Inventory received for purchase order 812
3400,3,11,2025-11-07 07:30:00,delivery,6,Inventory received for purchase order 813
3401,3,32,2025-11-07 07:30:00,delivery,18,Inventory received for purchase order 813
3402,3,33,2025-11-07 07:30:00,delivery,18,Inventory received for purchase order 813
3403,3,18,2025-11-07 07:30:00,delivery,16,Inventory received for purchase order 814
3404,3,23,2025-11-07 07:30:00,delivery,16,Inventory received for purchase order 814
3405,3,24,2025-11-07 07:30:00,delivery,36,Inventory received for purchase order 814
3406,3,37,2025-11-07 07:30:00,delivery,36,Inventory received for purchase order 814
3407,3,39,2025-11-07 07:30:00,delivery,50,Inventory received for purchase order 814
3408,3,1,2025-11-09 07:30:00,delivery,36,Inventory received for purchase order 815
3409,3,5,2025-11-09 07:30:00,delivery,16,Inventory received for purchase order 815
3410,3,10,2025-11-09 07:30:00,delivery,24,Inventory received for purchase order 815
3411,3,19,2025-11-09 07:30:00,delivery,10,Inventory received for purchase order 815
3412,3,31,2025-11-09 07:30:00,delivery,24,Inventory received for purchase order 815
3413,3,40,2025-11-09 07:30:00,delivery,48,Inventory received for purchase order 815
3414,3,47,2025-11-04 07:30:00,delivery,31,Inventory received for purchase order 816
3415,3,3,2025-11-07 07:30:00,delivery,80,Inventory received for purchase order 817
3416,3,9,2025-11-07 07:30:00,delivery,60,Inventory received for purchase order 817
3417,3,11,2025-11-07 07:30:00,delivery,60,Inventory received for purchase order 817
3418,3,15,2025-11-07 07:30:00,delivery,48,Inventory received for purchase order 817
3419,3,21,2025-11-07 07:30:00,delivery,71,Inventory received for purchase order 817
3420,3,7,2025-11-08 07:30:00,delivery,72,Inventory received for purchase order 818
3421,3,10,2025-11-08 07:30:00,delivery,64,Inventory received for purchase order 818
3422,3,14,2025-11-08 07:30:00,delivery,48,Inventory received for purchase order 818
3423,3,24,2025-11-08 07:30:00,delivery,40,Inventory received for purchase order 818
3424,3,26,2025-11-08 07:30:00,delivery,54,Inventory received for purchase order 818
3425,3,37,2025-11-08 07:30:00,delivery,32,Inventory received for purchase order 818
3426,3,41,2025-11-08 07:30:00,delivery,60,Inventory received for purchase order 819
3427,3,25,2025-11-08 07:30:00,delivery,48,Inventory received for purchase order 820
3428,3,29,2025-11-08 07:30:00,delivery,96,Inventory received for purchase order 820
3429,3,30,2025-11-08 07:30:00,delivery,72,Inventory received for purchase order 820
3430,3,36,2025-11-08 07:30:00,delivery,70,Inventory received for purchase order 820
3431,3,16,2025-11-09 07:30:00,delivery,24,Inventory received for purchase order 821
3432,3,18,2025-11-09 07:30:00,delivery,54,Inventory received for purchase order 821
3433,3,22,2025-11-09 07:30:00,delivery,78,Inventory received for purchase order 821
3434,3,43,2025-11-09 07:30:00,delivery,70,Inventory received for purchase order 821
3435,3,19,2025-11-10 07:30:00,delivery,108,Inventory received for purchase order 822
3436,3,20,2025-11-10 07:30:00,delivery,30,Inventory received for purchase order 822
3437,3,27,2025-11-10 07:30:00,delivery,60,Inventory received for purchase order 822
3438,3,34,2025-11-10 07:30:00,delivery,72,Inventory received for purchase order 822
3439,3,28,2025-11-07 07:30:00,delivery,36,Inventory received for purchase order 823
3440,3,40,2025-11-07 07:30:00,delivery,56,Inventory received for purchase order 823
3441,3,17,2025-11-08 07:30:00,delivery,96,Inventory received for purchase order 824
3442,3,33,2025-11-08 07:30:00,delivery,54,Inventory received for purchase order 824
3443,3,2,2025-11-08 07:30:00,delivery,40,Inventory received for purchase order 825
3444,3,5,2025-11-08 07:30:00,delivery,72,Inventory received for purchase order 825
3445,3,13,2025-11-08 07:30:00,delivery,72,Inventory received for purchase order 825
3446,3,23,2025-11-08 07:30:00,delivery,72,Inventory received for purchase order 825
3447,3,31,2025-11-08 07:30:00,delivery,72,Inventory received for purchase order 825
3448,3,35,2025-11-08 07:30:00,delivery,96,Inventory received for purchase order 825
3449,3,39,2025-11-08 07:30:00,delivery,40,Inventory received for purchase order 826
3450,3,45,2025-11-08 07:30:00,delivery,72,Inventory received for purchase order 826
3451,3,48,2025-11-08 07:30:00,delivery,50,Inventory received for purchase order 826
3452,3,1,2025-11-09 07:30:00,delivery,36,Inventory received for purchase order 827
3453,3,32,2025-11-09 07:30:00,delivery,60,Inventory received for purchase order 827
3454,3,44,2025-11-09 07:30:00,delivery,40,Inventory received for purchase order 827
3455,3,46,2025-11-09 07:30:00,delivery,48,Inventory received for purchase order 827
3456,3,47,2025-11-09 07:30:00,delivery,63,Inventory received for purchase order 827
3457,3,3,2025-11-17 07:30:00,delivery,60,Inventory received for purchase order 828
3458,3,9,2025-11-17 07:30:00,delivery,20,Inventory received for purchase order 828
3459,3,15,2025-11-17 07:30:00,delivery,48,Inventory received for purchase order 828
3460,3,20,2025-11-17 07:30:00,delivery,72,Inventory received for purchase order 828
3461,3,2,2025-11-14 07:30:00,delivery,40,Inventory received for purchase order 829
3462,3,7,2025-11-14 07:30:00,delivery,80,Inventory received for purchase order 829
3463,3,14,2025-11-14 07:30:00,delivery,48,Inventory received for purchase order 829
3464,3,22,2025-11-14 07:30:00,delivery,48,Inventory received for purchase order 829
3465,3,27,2025-11-14 07:30:00,delivery,72,Inventory received for purchase order 829
3466,3,48,2025-11-14 07:30:00,delivery,72,Inventory received for purchase order 829
3467,3,25,2025-11-15 07:30:00,delivery,48,Inventory received for purchase order 830
3468,3,26,2025-11-15 07:30:00,delivery,72,Inventory received for purchase order 830
3469,3,30,2025-11-15 07:30:00,delivery,72,Inventory received for purchase order 830
3470,3,34,2025-11-15 07:30:00,delivery,40,Inventory received for purchase order 831
3471,3,46,2025-11-15 07:30:00,delivery,72,Inventory received for purchase order 831
3472,3,13,2025-11-15 07:30:00,delivery,60,Inventory received for purchase order 832
3473,3,28,2025-11-15 07:30:00,delivery,96,Inventory received for purchase order 832
3474,3,35,2025-11-15 07:30:00,delivery,40,Inventory received for purchase order 832
3475,3,44,2025-11-15 07:30:00,delivery,72,Inventory received for purchase order 832
3476,3,47,2025-11-15 07:30:00,delivery,40,Inventory received for purchase order 832
3477,3,16,2025-11-16 07:30:00,delivery,77,Inventory received for purchase order 833
3478,3,24,2025-11-16 07:30:00,delivery,69,Inventory received for purchase order 833
3479,3,29,2025-11-16 07:30:00,delivery,38,Inventory received for purchase order 833
3480,3,36,2025-11-16 07:30:00,delivery,46,Inventory received for purchase order 833
3481,3,43,2025-11-16 07:30:00,delivery,69,Inventory received for purchase order 833
3482,3,45,2025-11-16 07:30:00,delivery,46,Inventory received for purchase order 833
3483,3,11,2025-11-17 07:30:00,delivery,54,Inventory received for purchase order 834
3484,3,17,2025-11-17 07:30:00,delivery,24,Inventory received for purchase order 834
3485,3,32,2025-11-17 07:30:00,delivery,36,Inventory received for purchase order 834
3486,3,33,2025-11-17 07:30:00,delivery,54,Inventory received for purchase order 834
3487,3,5,2025-11-14 07:30:00,delivery,72,Inventory received for purchase order 835
3488,3,18,2025-11-14 07:30:00,delivery,40,Inventory received for purchase order 835
3489,3,21,2025-11-14 07:30:00,delivery,48,Inventory received for purchase order 835
3490,3,23,2025-11-14 07:30:00,delivery,56,Inventory received for purchase order 835
3491,3,31,2025-11-14 07:30:00,delivery,60,Inventory received for purchase order 835
3492,3,37,2025-11-14 07:30:00,delivery,72,Inventory received for purchase order 835
3493,3,1,2025-11-15 07:30:00,delivery,71,Inventory received for purchase order 836
3494,3,10,2025-11-15 07:30:00,delivery,96,Inventory received for purchase order 836
3495,3,19,2025-11-15 07:30:00,delivery,10,Inventory received for purchase order 836
3496,3,39,2025-11-15 07:30:00,delivery,60,Inventory received for purchase order 836
3497,3,40,2025-11-15 07:30:00,delivery,72,Inventory received for purchase order 836
3498,3,41,2025-11-15 07:30:00,delivery,88,Inventory received for purchase order 836
3499,3,3,2025-11-22 07:30:00,delivery,60,Inventory received for purchase order 837
3500,3,9,2025-11-22 07:30:00,delivery,90,Inventory received for purchase order 837
3501,3,11,2025-11-22 07:30:00,delivery,60,Inventory received for purchase order 837
3502,3,15,2025-11-22 07:30:00,delivery,48,Inventory received for purchase order 837
3503,3,21,2025-11-22 07:30:00,delivery,96,Inventory received for purchase order 837
3504,3,10,2025-11-22 07:30:00,delivery,64,Inventory received for purchase order 838
3505,3,14,2025-11-22 07:30:00,delivery,48,Inventory received for purchase order 838
3506,3,26,2025-11-22 07:30:00,delivery,48,Inventory received for purchase order 838
3507,3,37,2025-11-22 07:30:00,delivery,56,Inventory received for purchase order 838
3508,3,41,2025-11-22 07:30:00,delivery,78,Inventory received for purchase order 838
3509,3,7,2025-11-23 07:30:00,delivery,72,Inventory received for purchase order 839
3510,3,25,2025-11-23 07:30:00,delivery,60,Inventory received for purchase order 839
3511,3,29,2025-11-23 07:30:00,delivery,96,Inventory received for purchase order 839
3512,3,30,2025-11-23 07:30:00,delivery,72,Inventory received for purchase order 839
3513,3,36,2025-11-23 07:30:00,delivery,90,Inventory received for purchase order 839
3514,3,16,2025-11-24 07:30:00,delivery,84,Inventory received for purchase order 840
3515,3,18,2025-11-24 07:30:00,delivery,42,Inventory received for purchase order 840
3516,3,22,2025-11-24 07:30:00,delivery,66,Inventory received for purchase order 840
3517,3,43,2025-11-24 07:30:00,delivery,80,Inventory received for purchase order 840
3518,3,19,2025-11-21 07:30:00,delivery,72,Inventory received for purchase order 841
3519,3,20,2025-11-21 07:30:00,delivery,50,Inventory received for purchase order 841
3520,3,27,2025-11-21 07:30:00,delivery,72,Inventory received for purchase order 841
3521,3,34,2025-11-21 07:30:00,delivery,72,Inventory received for purchase order 841
3522,3,47,2025-11-21 07:30:00,delivery,80,Inventory received for purchase order 841
3523,3,24,2025-11-22 07:30:00,delivery,72,Inventory received for purchase order 842
3524,3,28,2025-11-22 07:30:00,delivery,60,Inventory received for purchase order 842
3525,3,40,2025-11-22 07:30:00,delivery,32,Inventory received for purchase order 842
3526,3,17,2025-11-22 07:30:00,delivery,72,Inventory received for purchase order 843
3527,3,32,2025-11-22 07:30:00,delivery,66,Inventory received for purchase order 843
3528,3,33,2025-11-22 07:30:00,delivery,42,Inventory received for purchase order 843
3529,3,2,2025-11-22 07:30:00,delivery,60,Inventory received for purchase order 844
3530,3,5,2025-11-22 07:30:00,delivery,71,Inventory received for purchase order 844
3531,3,13,2025-11-22 07:30:00,delivery,108,Inventory received for purchase order 844
3532,3,23,2025-11-22 07:30:00,delivery,56,Inventory received for purchase order 844
3533,3,31,2025-11-22 07:30:00,delivery,84,Inventory received for purchase order 844
3534,3,35,2025-11-22 07:30:00,delivery,96,Inventory received for purchase order 844
3535,3,45,2025-11-23 07:30:00,delivery,84,Inventory received for purchase order 845
3536,3,48,2025-11-23 07:30:00,delivery,80,Inventory received for purchase order 845
3537,3,1,2025-11-24 07:30:00,delivery,108,Inventory received for purchase order 846
3538,3,39,2025-11-24 07:30:00,delivery,80,Inventory received for purchase order 846
3539,3,44,2025-11-24 07:30:00,delivery,40,Inventory received for purchase order 846
3540,3,46,2025-11-24 07:30:00,delivery,72,Inventory received for purchase order 846
3541,3,3,2025-11-28 07:30:00,delivery,60,Inventory received for purchase order 847
3542,3,9,2025-11-28 07:30:00,delivery,70,Inventory received for purchase order 847
3543,3,15,2025-11-28 07:30:00,delivery,48,Inventory received for purchase order 847
3544,3,20,2025-11-28 07:30:00,delivery,108,Inventory received for purchase order 847
3545,3,21,2025-11-28 07:30:00,delivery,56,Inventory received for purchase order 847
3546,3,2,2025-11-29 07:30:00,delivery,60,Inventory received for purchase order 848
3547,3,14,2025-11-29 07:30:00,delivery,96,Inventory received for purchase order 848
3548,3,22,2025-11-29 07:30:00,delivery,72,Inventory received for purchase order 848
3549,3,24,2025-11-29 07:30:00,delivery,80,Inventory received for purchase order 848
3550,3,27,2025-11-29 07:30:00,delivery,36,Inventory received for purchase order 848
3551,3,48,2025-11-29 07:30:00,delivery,72,Inventory received for purchase order 848
3552,3,7,2025-11-29 07:30:00,delivery,72,Inventory received for purchase order 849
3553,3,25,2025-11-29 07:30:00,delivery,96,Inventory received for purchase order 849
3554,3,26,2025-11-29 07:30:00,delivery,72,Inventory received for purchase order 849
3555,3,30,2025-11-29 07:30:00,delivery,72,Inventory received for purchase order 849
3556,3,34,2025-11-29 07:30:00,delivery,57,Inventory received for purchase order 850
3557,3,44,2025-11-29 07:30:00,delivery,93,Inventory received for purchase order 850
3558,3,46,2025-11-29 07:30:00,delivery,46,Inventory received for purchase order 850
3559,3,13,2025-11-30 07:30:00,delivery,60,Inventory received for purchase order 851
3560,3,28,2025-11-30 07:30:00,delivery,88,Inventory received for purchase order 851
3561,3,35,2025-11-30 07:30:00,delivery,40,Inventory received for purchase order 851
3562,3,47,2025-11-30 07:30:00,delivery,100,Inventory received for purchase order 851
3563,3,16,2025-12-01 07:30:00,delivery,60,Inventory received for purchase order 852
3564,3,29,2025-12-01 07:30:00,delivery,40,Inventory received for purchase order 852
3565,3,36,2025-12-01 07:30:00,delivery,72,Inventory received for purchase order 852
3566,3,43,2025-12-01 07:30:00,delivery,96,Inventory received for purchase order 852
3567,3,45,2025-12-01 07:30:00,delivery,71,Inventory received for purchase order 852
3568,3,11,2025-11-28 07:30:00,delivery,48,Inventory received for purchase order 853
3569,3,17,2025-11-28 07:30:00,delivery,48,Inventory received for purchase order 853
3570,3,32,2025-11-28 07:30:00,delivery,84,Inventory received for purchase order 853
3571,3,33,2025-11-28 07:30:00,delivery,60,Inventory received for purchase order 853
3572,3,18,2025-11-29 07:30:00,delivery,80,Inventory received for purchase order 854
3573,3,23,2025-11-29 07:30:00,delivery,56,Inventory received for purchase order 854
3574,3,37,2025-11-29 07:30:00,delivery,72,Inventory received for purchase order 854
3575,3,39,2025-11-29 07:30:00,delivery,50,Inventory received for purchase order 854
3576,3,1,2025-11-29 07:30:00,delivery,36,Inventory received for purchase order 855
3577,3,5,2025-11-29 07:30:00,delivery,48,Inventory received for purchase order 855
3578,3,10,2025-11-29 07:30:00,delivery,72,Inventory received for purchase order 855
3579,3,19,2025-11-29 07:30:00,delivery,70,Inventory received for purchase order 855
3580,3,31,2025-11-29 07:30:00,delivery,72,Inventory received for purchase order 855
3581,3,40,2025-11-29 07:30:00,delivery,72,Inventory received for purchase order 855
3582,3,41,2025-11-29 07:30:00,delivery,72,Inventory received for purchase order 856
3583,3,3,2025-12-07 07:30:00,delivery,60,Inventory received for purchase order 857
3584,3,9,2025-12-07 07:30:00,delivery,30,Inventory received for purchase order 857
3585,3,11,2025-12-07 07:30:00,delivery,60,Inventory received for purchase order 857
3586,3,15,2025-12-07 07:30:00,delivery,48,Inventory received for purchase order 857
3587,3,20,2025-12-07 07:30:00,delivery,36,Inventory received for purchase order 857
3588,3,10,2025-12-08 07:30:00,delivery,64,Inventory received for purchase order 858
3589,3,14,2025-12-08 07:30:00,delivery,72,Inventory received for purchase order 858
3590,3,24,2025-12-08 07:30:00,delivery,100,Inventory received for purchase order 858
3591,3,26,2025-12-08 07:30:00,delivery,12,Inventory received for purchase order 858
3592,3,37,2025-12-08 07:30:00,delivery,64,Inventory received for purchase order 858
3593,3,41,2025-12-08 07:30:00,delivery,66,Inventory received for purchase order 858
3594,3,7,2025-12-05 07:30:00,delivery,108,Inventory received for purchase order 859
3595,3,25,2025-12-05 07:30:00,delivery,96,Inventory received for purchase order 859
3596,3,29,2025-12-05 07:30:00,delivery,96,Inventory received for purchase order 859
3597,3,30,2025-12-05 07:30:00,delivery,72,Inventory received for purchase order 859
3598,3,36,2025-12-05 07:30:00,delivery,30,Inventory received for purchase order 859
3599,3,16,2025-12-06 07:30:00,delivery,48,Inventory received for purchase order 860
3600,3,18,2025-12-06 07:30:00,delivery,66,Inventory received for purchase order 860
3601,3,22,2025-12-06 07:30:00,delivery,66,Inventory received for purchase order 860
3602,3,43,2025-12-06 07:30:00,delivery,30,Inventory received for purchase order 860
3603,3,2,2025-12-06 07:30:00,delivery,48,Inventory received for purchase order 861
3604,3,19,2025-12-06 07:30:00,delivery,71,Inventory received for purchase order 861
3605,3,27,2025-12-06 07:30:00,delivery,66,Inventory received for purchase order 861
3606,3,34,2025-12-06 07:30:00,delivery,36,Inventory received for purchase order 861
3607,3,28,2025-12-06 07:30:00,delivery,66,Inventory received for purchase order 862
3608,3,40,2025-12-06 07:30:00,delivery,56,Inventory received for purchase order 862
3609,3,17,2025-12-07 07:30:00,delivery,48,Inventory received for purchase order 863
3610,3,33,2025-12-07 07:30:00,delivery,42,Inventory received for purchase order 863
3611,3,13,2025-12-08 07:30:00,delivery,36,Inventory received for purchase order 864
3612,3,21,2025-12-08 07:30:00,delivery,72,Inventory received for purchase order 864
3613,3,23,2025-12-08 07:30:00,delivery,72,Inventory received for purchase order 864
3614,3,31,2025-12-08 07:30:00,delivery,72,Inventory received for purchase order 864
3615,3,35,2025-12-08 07:30:00,delivery,48,Inventory received for purchase order 864
3616,3,45,2025-12-08 07:30:00,delivery,60,Inventory received for purchase order 864
3617,3,48,2025-12-05 07:30:00,delivery,60,Inventory received for purchase order 865
3618,3,1,2025-12-06 07:30:00,delivery,72,Inventory received for purchase order 866
3619,3,5,2025-12-06 07:30:00,delivery,64,Inventory received for purchase order 866
3620,3,32,2025-12-06 07:30:00,delivery,100,Inventory received for purchase order 866
3621,3,39,2025-12-06 07:30:00,delivery,80,Inventory received for purchase order 866
3622,3,44,2025-12-06 07:30:00,delivery,40,Inventory received for purchase order 866
3623,3,46,2025-12-06 07:30:00,delivery,24,Inventory received for purchase order 866
3624,3,47,2025-12-06 07:30:00,delivery,38,Inventory received for purchase order 867
3625,3,3,2025-12-13 07:30:00,delivery,100,Inventory received for purchase order 868
3626,3,9,2025-12-13 07:30:00,delivery,60,Inventory received for purchase order 868
3627,3,15,2025-12-13 07:30:00,delivery,48,Inventory received for purchase order 868
3628,3,20,2025-12-13 07:30:00,delivery,72,Inventory received for purchase order 868
3629,3,21,2025-12-13 07:30:00,delivery,40,Inventory received for purchase order 868
3630,3,2,2025-12-14 07:30:00,delivery,60,Inventory received for purchase order 869
3631,3,7,2025-12-14 07:30:00,delivery,24,Inventory received for purchase order 869
3632,3,14,2025-12-14 07:30:00,delivery,48,Inventory received for purchase order 869
3633,3,22,2025-12-14 07:30:00,delivery,60,Inventory received for purchase order 869
3634,3,27,2025-12-14 07:30:00,delivery,72,Inventory received for purchase order 869
3635,3,48,2025-12-14 07:30:00,delivery,96,Inventory received for purchase order 869
3636,3,25,2025-12-15 07:30:00,delivery,60,Inventory received for purchase order 870
3637,3,30,2025-12-15 07:30:00,delivery,72,Inventory received for purchase order 870
3638,3,34,2025-12-12 07:30:00,delivery,60,Inventory received for purchase order 871
3639,3,46,2025-12-12 07:30:00,delivery,72,Inventory received for purchase order 871
3640,3,13,2025-12-13 07:30:00,delivery,80,Inventory received for purchase order 872
3641,3,28,2025-12-13 07:30:00,delivery,55,Inventory received for purchase order 872
3642,3,35,2025-12-13 07:30:00,delivery,40,Inventory received for purchase order 872
3643,3,44,2025-12-13 07:30:00,delivery,72,Inventory received for purchase order 872
3644,3,16,2025-12-13 07:30:00,delivery,60,Inventory received for purchase order 873
3645,3,24,2025-12-13 07:30:00,delivery,72,Inventory received for purchase order 873
3646,3,26,2025-12-13 07:30:00,delivery,80,Inventory received for purchase order 873
3647,3,29,2025-12-13 07:30:00,delivery,40,Inventory received for purchase order 873
3648,3,36,2025-12-13 07:30:00,delivery,64,Inventory received for purchase order 873
3649,3,43,2025-12-13 07:30:00,delivery,48,Inventory received for purchase order 873
3650,3,45,2025-12-13 07:30:00,delivery,40,Inventory received for purchase order 874
3651,3,11,2025-12-14 07:30:00,delivery,42,Inventory received for purchase order 875
3652,3,17,2025-12-14 07:30:00,delivery,48,Inventory received for purchase order 875
3653,3,33,2025-12-14 07:30:00,delivery,66,Inventory received for purchase order 875
3654,3,18,2025-12-15 07:30:00,delivery,40,Inventory received for purchase order 876
3655,3,23,2025-12-15 07:30:00,delivery,32,Inventory received for purchase order 876
3656,3,31,2025-12-15 07:30:00,delivery,60,Inventory received for purchase order 876
3657,3,37,2025-12-15 07:30:00,delivery,72,Inventory received for purchase order 876
3658,3,39,2025-12-15 07:30:00,delivery,70,Inventory received for purchase order 876
3659,3,1,2025-12-12 07:30:00,delivery,36,Inventory received for purchase order 877
3660,3,5,2025-12-12 07:30:00,delivery,24,Inventory received for purchase order 877
3661,3,10,2025-12-12 07:30:00,delivery,72,Inventory received for purchase order 877
3662,3,19,2025-12-12 07:30:00,delivery,40,Inventory received for purchase order 877
3663,3,32,2025-12-12 07:30:00,delivery,60,Inventory received for purchase order 877
3664,3,40,2025-12-12 07:30:00,delivery,72,Inventory received for purchase order 877
3665,3,41,2025-12-13 07:30:00,delivery,48,Inventory received for purchase order 878
3666,3,47,2025-12-13 07:30:00,delivery,72,Inventory received for purchase order 878
3667,3,3,2025-12-20 07:30:00,delivery,60,Inventory received for purchase order 879
3668,3,9,2025-12-20 07:30:00,delivery,60,Inventory received for purchase order 879
3669,3,11,2025-12-20 07:30:00,delivery,60,Inventory received for purchase order 879
3670,3,15,2025-12-20 07:30:00,delivery,96,Inventory received for purchase order 879
3671,3,10,2025-12-20 07:30:00,delivery,72,Inventory received for purchase order 880
3672,3,14,2025-12-20 07:30:00,delivery,120,Inventory received for purchase order 880
3673,3,26,2025-12-20 07:30:00,delivery,78,Inventory received for purchase order 880
3674,3,37,2025-12-20 07:30:00,delivery,72,Inventory received for purchase order 880
3675,3,41,2025-12-20 07:30:00,delivery,42,Inventory received for purchase order 880
3676,3,7,2025-12-21 07:30:00,delivery,72,Inventory received for purchase order 881
3677,3,25,2025-12-21 07:30:00,delivery,108,Inventory received for purchase order 881
3678,3,29,2025-12-21 07:30:00,delivery,47,Inventory received for purchase order 881
3679,3,30,2025-12-21 07:30:00,delivery,36,Inventory received for purchase order 881
3680,3,36,2025-12-21 07:30:00,delivery,50,Inventory received for purchase order 881
3681,3,16,2025-12-22 07:30:00,delivery,60,Inventory received for purchase order 882
3682,3,22,2025-12-22 07:30:00,delivery,54,Inventory received for purchase order 882
3683,3,43,2025-12-22 07:30:00,delivery,50,Inventory received for purchase order 882
3684,3,19,2025-12-19 07:30:00,delivery,72,Inventory received for purchase order 883
3685,3,20,2025-12-19 07:30:00,delivery,50,Inventory received for purchase order 883
3686,3,27,2025-12-19 07:30:00,delivery,54,Inventory received for purchase order 883
3687,3,34,2025-12-19 07:30:00,delivery,84,Inventory received for purchase order 883
3688,3,47,2025-12-19 07:30:00,delivery,60,Inventory received for purchase order 883
3689,3,24,2025-12-20 07:30:00,delivery,46,Inventory received for purchase order 884
3690,3,28,2025-12-20 07:30:00,delivery,52,Inventory received for purchase order 884
3691,3,40,2025-12-20 07:30:00,delivery,38,Inventory received for purchase order 884
3692,3,17,2025-12-20 07:30:00,delivery,72,Inventory received for purchase order 885
3693,3,33,2025-12-20 07:30:00,delivery,66,Inventory received for purchase order 885
3694,3,2,2025-12-20 07:30:00,delivery,40,Inventory received for purchase order 886
3695,3,13,2025-12-20 07:30:00,delivery,72,Inventory received for purchase order 886
3696,3,18,2025-12-20 07:30:00,delivery,56,Inventory received for purchase order 886
3697,3,21,2025-12-20 07:30:00,delivery,72,Inventory received for purchase order 886
3698,3,23,2025-12-20 07:30:00,delivery,72,Inventory received for purchase order 886
3699,3,31,2025-12-20 07:30:00,delivery,72,Inventory received for purchase order 886
3700,3,35,2025-12-21 07:30:00,delivery,96,Inventory received for purchase order 887
3701,3,39,2025-12-21 07:30:00,delivery,40,Inventory received for purchase order 887
3702,3,45,2025-12-21 07:30:00,delivery,72,Inventory received for purchase order 887
3703,3,48,2025-12-21 07:30:00,delivery,30,Inventory received for purchase order 887
3704,3,1,2025-12-22 07:30:00,delivery,72,Inventory received for purchase order 888
3705,3,5,2025-12-22 07:30:00,delivery,64,Inventory received for purchase order 888
3706,3,32,2025-12-22 07:30:00,delivery,40,Inventory received for purchase order 888
3707,3,44,2025-12-22 07:30:00,delivery,70,Inventory received for purchase order 888
3708,3,46,2025-12-22 07:30:00,delivery,48,Inventory received for purchase order 888
3709,3,3,2025-12-26 07:30:00,delivery,80,Inventory received for purchase order 889
3710,3,9,2025-12-26 07:30:00,delivery,80,Inventory received for purchase order 889
3711,3,15,2025-12-26 07:30:00,delivery,48,Inventory received for purchase order 889
3712,3,21,2025-12-26 07:30:00,delivery,56,Inventory received for purchase order 889
3713,3,2,2025-12-27 07:30:00,delivery,40,Inventory received for purchase order 890
3714,3,7,2025-12-27 07:30:00,delivery,40,Inventory received for purchase order 890
3715,3,14,2025-12-27 07:30:00,delivery,47,Inventory received for purchase order 890
3716,3,22,2025-12-27 07:30:00,delivery,54,Inventory received for purchase order 890
3717,3,24,2025-12-27 07:30:00,delivery,70,Inventory received for purchase order 890
3718,3,27,2025-12-27 07:30:00,delivery,108,Inventory received for purchase order 890
3719,3,48,2025-12-27 07:30:00,delivery,72,Inventory received for purchase order 891
3720,3,25,2025-12-27 07:30:00,delivery,60,Inventory received for purchase order 892
3721,3,26,2025-12-27 07:30:00,delivery,72,Inventory received for purchase order 892
3722,3,30,2025-12-27 07:30:00,delivery,72,Inventory received for purchase order 892
3723,3,34,2025-12-28 07:30:00,delivery,80,Inventory received for purchase order 893
3724,3,44,2025-12-28 07:30:00,delivery,48,Inventory received for purchase order 893
3725,3,46,2025-12-28 07:30:00,delivery,96,Inventory received for purchase order 893
3726,3,13,2025-12-29 07:30:00,delivery,60,Inventory received for purchase order 894
3727,3,20,2025-12-29 07:30:00,delivery,70,Inventory received for purchase order 894
3728,3,28,2025-12-29 07:30:00,delivery,88,Inventory received for purchase order 894
3729,3,35,2025-12-29 07:30:00,delivery,20,Inventory received for purchase order 894
3730,3,16,2025-12-26 07:30:00,delivery,80,Inventory received for purchase order 895
3731,3,29,2025-12-26 07:30:00,delivery,80,Inventory received for purchase order 895
3732,3,36,2025-12-26 07:30:00,delivery,72,Inventory received for purchase order 895
3733,3,43,2025-12-26 07:30:00,delivery,72,Inventory received for purchase order 895
3734,3,45,2025-12-26 07:30:00,delivery,72,Inventory received for purchase order 895
3735,3,11,2025-12-27 07:30:00,delivery,60,Inventory received for purchase order 896
3736,3,17,2025-12-27 07:30:00,delivery,72,Inventory received for purchase order 896
3737,3,32,2025-12-27 07:30:00,delivery,60,Inventory received for purchase order 896
3738,3,33,2025-12-27 07:30:00,delivery,72,Inventory received for purchase order 896
3739,3,37,2025-12-27 07:30:00,delivery,48,Inventory received for purchase order 896
3740,3,5,2025-12-27 07:30:00,delivery,108,Inventory received for purchase order 897
3741,3,18,2025-12-27 07:30:00,delivery,56,Inventory received for purchase order 897
3742,3,23,2025-12-27 07:30:00,delivery,72,Inventory received for purchase order 897
3743,3,1,2025-12-27 07:30:00,delivery,72,Inventory received for purchase order 898
3744,3,10,2025-12-27 07:30:00,delivery,96,Inventory received for purchase order 898
3745,3,19,2025-12-27 07:30:00,delivery,60,Inventory received for purchase order 898
3746,3,31,2025-12-27 07:30:00,delivery,96,Inventory received for purchase order 898
3747,3,39,2025-12-27 07:30:00,delivery,60,Inventory received for purchase order 898
3748,3,40,2025-12-27 07:30:00,delivery,72,Inventory received for purchase order 898
3749,3,41,2025-12-28 07:30:00,delivery,72,Inventory received for purchase order 899
3750,3,47,2025-12-28 07:30:00,delivery,72,Inventory received for purchase order 899
3751,3,3,2026-01-05 07:30:00,delivery,60,Inventory received for purchase order 900
3752,3,9,2026-01-05 07:30:00,delivery,69,Inventory received for purchase order 900
3753,3,11,2026-01-05 07:30:00,delivery,80,Inventory received for purchase order 900
3754,3,15,2026-01-05 07:30:00,delivery,96,Inventory received for purchase order 900
3755,3,21,2026-01-05 07:30:00,delivery,48,Inventory received for purchase order 900
3756,3,10,2026-01-02 07:30:00,delivery,46,Inventory received for purchase order 901
3757,3,14,2026-01-02 07:30:00,delivery,93,Inventory received for purchase order 901
3758,3,26,2026-01-02 07:30:00,delivery,69,Inventory received for purchase order 901
3759,3,37,2026-01-02 07:30:00,delivery,46,Inventory received for purchase order 901
3760,3,41,2026-01-02 07:30:00,delivery,52,Inventory received for purchase order 901
3761,3,7,2026-01-03 07:30:00,delivery,72,Inventory received for purchase order 902
3762,3,25,2026-01-03 07:30:00,delivery,48,Inventory received for purchase order 902
3763,3,29,2026-01-03 07:30:00,delivery,96,Inventory received for purchase order 902
3764,3,30,2026-01-03 07:30:00,delivery,72,Inventory received for purchase order 902
3765,3,36,2026-01-03 07:30:00,delivery,60,Inventory received for purchase order 902
3766,3,16,2026-01-03 07:30:00,delivery,60,Inventory received for purchase order 903
3767,3,18,2026-01-03 07:30:00,delivery,78,Inventory received for purchase order 903
3768,3,22,2026-01-03 07:30:00,delivery,54,Inventory received for purchase order 903
3769,3,43,2026-01-03 07:30:00,delivery,80,Inventory received for purchase order 903
3770,3,2,2026-01-03 07:30:00,delivery,72,Inventory received for purchase order 904
3771,3,19,2026-01-03 07:30:00,delivery,72,Inventory received for purchase order 904
3772,3,20,2026-01-03 07:30:00,delivery,90,Inventory received for purchase order 904
3773,3,27,2026-01-03 07:30:00,delivery,54,Inventory received for purchase order 904
3774,3,34,2026-01-03 07:30:00,delivery,48,Inventory received for purchase order 904
3775,3,47,2026-01-03 07:30:00,delivery,60,Inventory received for purchase order 904
3776,3,24,2026-01-04 07:30:00,delivery,48,Inventory received for purchase order 905
3777,3,28,2026-01-04 07:30:00,delivery,54,Inventory received for purchase order 905
3778,3,40,2026-01-04 07:30:00,delivery,24,Inventory received for purchase order 905
3779,3,17,2026-01-05 07:30:00,delivery,48,Inventory received for purchase order 906
3780,3,33,2026-01-05 07:30:00,delivery,60,Inventory received for purchase order 906
3781,3,5,2026-01-02 07:30:00,delivery,72,Inventory received for purchase order 907
3782,3,13,2026-01-02 07:30:00,delivery,72,Inventory received for purchase order 907
3783,3,23,2026-01-02 07:30:00,delivery,40,Inventory received for purchase order 907
3784,3,31,2026-01-02 07:30:00,delivery,48,Inventory received for purchase order 907
3785,3,35,2026-01-02 07:30:00,delivery,96,Inventory received for purchase order 907
3786,3,45,2026-01-02 07:30:00,delivery,60,Inventory received for purchase order 907
3787,3,48,2026-01-03 07:30:00,delivery,60,Inventory received for purchase order 908
3788,3,1,2026-01-03 07:30:00,delivery,36,Inventory received for purchase order 909
3789,3,32,2026-01-03 07:30:00,delivery,79,Inventory received for purchase order 909
3790,3,39,2026-01-03 07:30:00,delivery,60,Inventory received for purchase order 909
3791,3,44,2026-01-03 07:30:00,delivery,50,Inventory received for purchase order 909
3792,3,46,2026-01-03 07:30:00,delivery,72,Inventory received for purchase order 909
3793,3,3,2026-01-10 07:30:00,delivery,60,Inventory received for purchase order 910
3794,3,9,2026-01-10 07:30:00,delivery,90,Inventory received for purchase order 910
3795,3,15,2026-01-10 07:30:00,delivery,48,Inventory received for purchase order 910
3796,3,21,2026-01-10 07:30:00,delivery,56,Inventory received for purchase order 910
3797,3,7,2026-01-11 07:30:00,delivery,24,Inventory received for purchase order 911
3798,3,14,2026-01-11 07:30:00,delivery,72,Inventory received for purchase order 911
3799,3,22,2026-01-11 07:30:00,delivery,66,Inventory received for purchase order 911
3800,3,48,2026-01-11 07:30:00,delivery,72,Inventory received for purchase order 911
3801,3,25,2026-01-12 07:30:00,delivery,60,Inventory received for purchase order 912
3802,3,30,2026-01-12 07:30:00,delivery,72,Inventory received for purchase order 912
3803,3,34,2026-01-09 07:30:00,delivery,80,Inventory received for purchase order 913
3804,3,43,2026-01-09 07:30:00,delivery,30,Inventory received for purchase order 913
3805,3,46,2026-01-09 07:30:00,delivery,72,Inventory received for purchase order 913
3806,3,13,2026-01-10 07:30:00,delivery,20,Inventory received for purchase order 914
3807,3,20,2026-01-10 07:30:00,delivery,70,Inventory received for purchase order 914
3808,3,27,2026-01-10 07:30:00,delivery,42,Inventory received for purchase order 914
3809,3,28,2026-01-10 07:30:00,delivery,56,Inventory received for purchase order 914
3810,3,44,2026-01-10 07:30:00,delivery,72,Inventory received for purchase order 914
3811,3,16,2026-01-10 07:30:00,delivery,60,Inventory received for purchase order 915
3812,3,26,2026-01-10 07:30:00,delivery,50,Inventory received for purchase order 915
3813,3,29,2026-01-10 07:30:00,delivery,20,Inventory received for purchase order 915
3814,3,36,2026-01-10 07:30:00,delivery,56,Inventory received for purchase order 915
3815,3,45,2026-01-10 07:30:00,delivery,72,Inventory received for purchase order 915
3816,3,11,2026-01-10 07:30:00,delivery,48,Inventory received for purchase order 916
3817,3,17,2026-01-10 07:30:00,delivery,48,Inventory received for purchase order 916
3818,3,33,2026-01-10 07:30:00,delivery,66,Inventory received for purchase order 916
3819,3,37,2026-01-10 07:30:00,delivery,48,Inventory received for purchase order 916
3820,3,2,2026-01-11 07:30:00,delivery,60,Inventory received for purchase order 917
3821,3,18,2026-01-11 07:30:00,delivery,40,Inventory received for purchase order 917
3822,3,23,2026-01-11 07:30:00,delivery,72,Inventory received for purchase order 917
3823,3,24,2026-01-11 07:30:00,delivery,36,Inventory received for purchase order 917
3824,3,31,2026-01-11 07:30:00,delivery,60,Inventory received for purchase order 917
3825,3,35,2026-01-11 07:30:00,delivery,48,Inventory received for purchase order 917
3826,3,1,2026-01-12 07:30:00,delivery,68,Inventory received for purchase order 918
3827,3,5,2026-01-12 07:30:00,delivery,7,Inventory received for purchase order 918
3828,3,10,2026-01-12 07:30:00,delivery,69,Inventory received for purchase order 918
3829,3,19,2026-01-12 07:30:00,delivery,48,Inventory received for purchase order 918
3830,3,32,2026-01-12 07:30:00,delivery,57,Inventory received for purchase order 918
3831,3,39,2026-01-12 07:30:00,delivery,38,Inventory received for purchase order 918
3832,3,40,2026-01-09 07:30:00,delivery,72,Inventory received for purchase order 919
3833,3,41,2026-01-09 07:30:00,delivery,56,Inventory received for purchase order 919
3834,3,47,2026-01-09 07:30:00,delivery,56,Inventory received for purchase order 919
3835,3,3,2026-01-17 07:30:00,delivery,80,Inventory received for purchase order 920
3836,3,9,2026-01-17 07:30:00,delivery,90,Inventory received for purchase order 920
3837,3,11,2026-01-17 07:30:00,delivery,100,Inventory received for purchase order 920
3838,3,15,2026-01-17 07:30:00,delivery,48,Inventory received for purchase order 920
3839,3,10,2026-01-17 07:30:00,delivery,40,Inventory received for purchase order 921
3840,3,14,2026-01-17 07:30:00,delivery,48,Inventory received for purchase order 921
3841,3,24,2026-01-17 07:30:00,delivery,60,Inventory received for purchase order 921
3842,3,26,2026-01-17 07:30:00,delivery,84,Inventory received for purchase order 921
3843,3,27,2026-01-17 07:30:00,delivery,72,Inventory received for purchase order 921
3844,3,37,2026-01-17 07:30:00,delivery,48,Inventory received for purchase order 921
3845,3,41,2026-01-17 07:30:00,delivery,60,Inventory received for purchase order 922
3846,3,7,2026-01-18 07:30:00,delivery,72,Inventory received for purchase order 923
3847,3,25,2026-01-18 07:30:00,delivery,60,Inventory received for purchase order 923
3848,3,30,2026-01-18 07:30:00,delivery,36,Inventory received for purchase order 923
3849,3,36,2026-01-18 07:30:00,delivery,70,Inventory received for purchase order 923
3850,3,16,2026-01-19 07:30:00,delivery,84,Inventory received for purchase order 924
3851,3,18,2026-01-19 07:30:00,delivery,72,Inventory received for purchase order 924
3852,3,22,2026-01-19 07:30:00,delivery,72,Inventory received for purchase order 924
3853,3,43,2026-01-19 07:30:00,delivery,80,Inventory received for purchase order 924
3854,3,2,2026-01-16 07:30:00,delivery,48,Inventory received for purchase order 925
3855,3,19,2026-01-16 07:30:00,delivery,108,Inventory received for purchase order 925
3856,3,20,2026-01-16 07:30:00,delivery,50,Inventory received for purchase order 925
3857,3,34,2026-01-16 07:30:00,delivery,60,Inventory received for purchase order 925
3858,3,47,2026-01-16 07:30:00,delivery,80,Inventory received for purchase order 925
3859,3,28,2026-01-17 07:30:00,delivery,84,Inventory received for purchase order 926
3860,3,29,2026-01-17 07:30:00,delivery,100,Inventory received for purchase order 926
3861,3,40,2026-01-17 07:30:00,delivery,48,Inventory received for purchase order 926
3862,3,17,2026-01-17 07:30:00,delivery,48,Inventory received for purchase order 927
3863,3,33,2026-01-17 07:30:00,delivery,59,Inventory received for purchase order 927
3864,3,13,2026-01-17 07:30:00,delivery,72,Inventory received for purchase order 928
3865,3,21,2026-01-17 07:30:00,delivery,72,Inventory received for purchase order 928
3866,3,23,2026-01-17 07:30:00,delivery,48,Inventory received for purchase order 928
3867,3,35,2026-01-17 07:30:00,delivery,48,Inventory received for purchase order 928
3868,3,45,2026-01-17 07:30:00,delivery,84,Inventory received for purchase order 928
3869,3,48,2026-01-17 07:30:00,delivery,80,Inventory received for purchase order 928
3870,3,1,2026-01-18 07:30:00,delivery,72,Inventory received for purchase order 929
3871,3,5,2026-01-18 07:30:00,delivery,64,Inventory received for purchase order 929
3872,3,31,2026-01-18 07:30:00,delivery,72,Inventory received for purchase order 929
3873,3,32,2026-01-18 07:30:00,delivery,80,Inventory received for purchase order 929
3874,3,39,2026-01-18 07:30:00,delivery,80,Inventory received for purchase order 929
3875,3,44,2026-01-18 07:30:00,delivery,50,Inventory received for purchase order 929
3876,3,46,2026-01-19 07:30:00,delivery,48,Inventory received for purchase order 930
3877,3,3,2026-01-23 07:30:00,delivery,80,Inventory received for purchase order 931
3878,3,9,2026-01-23 07:30:00,delivery,60,Inventory received for purchase order 931
3879,3,15,2026-01-23 07:30:00,delivery,48,Inventory received for purchase order 931
3880,3,21,2026-01-23 07:30:00,delivery,56,Inventory received for purchase order 931
3881,3,7,2026-01-24 07:30:00,delivery,40,Inventory received for purchase order 932
3882,3,14,2026-01-24 07:30:00,delivery,24,Inventory received for purchase order 932
3883,3,22,2026-01-24 07:30:00,delivery,54,Inventory received for purchase order 932
3884,3,27,2026-01-24 07:30:00,delivery,36,Inventory received for purchase order 932
3885,3,48,2026-01-24 07:30:00,delivery,96,Inventory received for purchase order 932
3886,3,25,2026-01-24 07:30:00,delivery,72,Inventory received for purchase order 933
3887,3,26,2026-01-24 07:30:00,delivery,72,Inventory received for purchase order 933
3888,3,30,2026-01-24 07:30:00,delivery,72,Inventory received for purchase order 933
3889,3,34,2026-01-24 07:30:00,delivery,60,Inventory received for purchase order 934
3890,3,44,2026-01-24 07:30:00,delivery,96,Inventory received for purchase order 934
3891,3,46,2026-01-24 07:30:00,delivery,96,Inventory received for purchase order 934
3892,3,13,2026-01-25 07:30:00,delivery,57,Inventory received for purchase order 935
3893,3,20,2026-01-25 07:30:00,delivery,67,Inventory received for purchase order 935
3894,3,28,2026-01-25 07:30:00,delivery,85,Inventory received for purchase order 935
3895,3,35,2026-01-25 07:30:00,delivery,57,Inventory received for purchase order 935
3896,3,16,2026-01-26 07:30:00,delivery,60,Inventory received for purchase order 936
3897,3,24,2026-01-26 07:30:00,delivery,72,Inventory received for purchase order 936
3898,3,29,2026-01-26 07:30:00,delivery,60,Inventory received for purchase order 936
3899,3,36,2026-01-26 07:30:00,delivery,48,Inventory received for purchase order 936
3900,3,43,2026-01-26 07:30:00,delivery,71,Inventory received for purchase order 936
3901,3,45,2026-01-26 07:30:00,delivery,80,Inventory received for purchase order 936
3902,3,11,2026-01-23 07:30:00,delivery,36,Inventory received for purchase order 937
3903,3,17,2026-01-23 07:30:00,delivery,48,Inventory received for purchase order 937
3904,3,33,2026-01-23 07:30:00,delivery,66,Inventory received for purchase order 937
3905,3,2,2026-01-24 07:30:00,delivery,100,Inventory received for purchase order 938
3906,3,5,2026-01-24 07:30:00,delivery,72,Inventory received for purchase order 938
3907,3,18,2026-01-24 07:30:00,delivery,64,Inventory received for purchase order 938
3908,3,23,2026-01-24 07:30:00,delivery,80,Inventory received for purchase order 938
3909,3,37,2026-01-24 07:30:00,delivery,72,Inventory received for purchase order 938
3910,3,1,2026-01-24 07:30:00,delivery,72,Inventory received for purchase order 939
3911,3,10,2026-01-24 07:30:00,delivery,72,Inventory received for purchase order 939
3912,3,19,2026-01-24 07:30:00,delivery,30,Inventory received for purchase order 939
3913,3,31,2026-01-24 07:30:00,delivery,96,Inventory received for purchase order 939
3914,3,32,2026-01-24 07:30:00,delivery,80,Inventory received for purchase order 939
3915,3,39,2026-01-24 07:30:00,delivery,60,Inventory received for purchase order 939
3916,3,40,2026-01-24 07:30:00,delivery,96,Inventory received for purchase order 940
3917,3,41,2026-01-24 07:30:00,delivery,56,Inventory received for purchase order 940
3918,3,47,2026-01-24 07:30:00,delivery,56,Inventory received for purchase order 940
3919,3,3,2026-02-01 07:30:00,delivery,40,Inventory received for purchase order 941
3920,3,9,2026-02-01 07:30:00,delivery,90,Inventory received for purchase order 941
3921,3,11,2026-02-01 07:30:00,delivery,60,Inventory received for purchase order 941
3922,3,15,2026-02-01 07:30:00,delivery,48,Inventory received for purchase order 941
3923,3,21,2026-02-01 07:30:00,delivery,72,Inventory received for purchase order 941
3924,3,7,2026-02-02 07:30:00,delivery,72,Inventory received for purchase order 942
3925,3,10,2026-02-02 07:30:00,delivery,40,Inventory received for purchase order 942
3926,3,14,2026-02-02 07:30:00,delivery,72,Inventory received for purchase order 942
3927,3,24,2026-02-02 07:30:00,delivery,20,Inventory received for purchase order 942
3928,3,26,2026-02-02 07:30:00,delivery,90,Inventory received for purchase order 942
3929,3,37,2026-02-02 07:30:00,delivery,56,Inventory received for purchase order 942
3930,3,41,2026-01-30 07:30:00,delivery,60,Inventory received for purchase order 943
3931,3,25,2026-01-31 07:30:00,delivery,72,Inventory received for purchase order 944
3932,3,29,2026-01-31 07:30:00,delivery,96,Inventory received for purchase order 944
3933,3,30,2026-01-31 07:30:00,delivery,72,Inventory received for purchase order 944
3934,3,36,2026-01-31 07:30:00,delivery,50,Inventory received for purchase order 944
3935,3,16,2026-01-31 07:30:00,delivery,48,Inventory received for purchase order 945
3936,3,18,2026-01-31 07:30:00,delivery,48,Inventory received for purchase order 945
3937,3,22,2026-01-31 07:30:00,delivery,53,Inventory received for purchase order 945
3938,3,43,2026-01-31 07:30:00,delivery,70,Inventory received for purchase order 945
3939,3,2,2026-01-31 07:30:00,delivery,48,Inventory received for purchase order 946
3940,3,19,2026-01-31 07:30:00,delivery,108,Inventory received for purchase order 946
3941,3,20,2026-01-31 07:30:00,delivery,60,Inventory received for purchase order 946
3942,3,27,2026-01-31 07:30:00,delivery,72,Inventory received for purchase order 946
3943,3,34,2026-01-31 07:30:00,delivery,36,Inventory received for purchase order 946
3944,3,47,2026-01-31 07:30:00,delivery,80,Inventory received for purchase order 946
3945,3,28,2026-02-01 07:30:00,delivery,84,Inventory received for purchase order 947
3946,3,40,2026-02-01 07:30:00,delivery,32,Inventory received for purchase order 947
3947,3,17,2026-02-02 07:30:00,delivery,48,Inventory received for purchase order 948
3948,3,32,2026-02-02 07:30:00,delivery,66,Inventory received for purchase order 948
3949,3,33,2026-02-02 07:30:00,delivery,66,Inventory received for purchase order 948
3950,3,5,2026-01-30 07:30:00,delivery,72,Inventory received for purchase order 949
3951,3,13,2026-01-30 07:30:00,delivery,72,Inventory received for purchase order 949
3952,3,23,2026-01-30 07:30:00,delivery,64,Inventory received for purchase order 949
3953,3,35,2026-01-30 07:30:00,delivery,48,Inventory received for purchase order 949
3954,3,39,2026-01-30 07:30:00,delivery,40,Inventory received for purchase order 949
3955,3,45,2026-01-30 07:30:00,delivery,72,Inventory received for purchase order 949
3956,3,48,2026-01-31 07:30:00,delivery,40,Inventory received for purchase order 950
3957,3,1,2026-01-31 07:30:00,delivery,72,Inventory received for purchase order 951
3958,3,31,2026-01-31 07:30:00,delivery,72,Inventory received for purchase order 951
3959,3,44,2026-01-31 07:30:00,delivery,40,Inventory received for purchase order 951
3960,3,46,2026-01-31 07:30:00,delivery,72,Inventory received for purchase order 951
3961,3,3,2026-02-07 07:30:00,delivery,97,Inventory received for purchase order 952
3962,3,9,2026-02-07 07:30:00,delivery,57,Inventory received for purchase order 952
3963,3,15,2026-02-07 07:30:00,delivery,93,Inventory received for purchase order 952
3964,3,20,2026-02-07 07:30:00,delivery,69,Inventory received for purchase order 952
3965,3,2,2026-02-08 07:30:00,delivery,60,Inventory received for purchase order 953
3966,3,7,2026-02-08 07:30:00,delivery,64,Inventory received for purchase order 953
3967,3,14,2026-02-08 07:30:00,delivery,96,Inventory received for purchase order 953
3968,3,22,2026-02-08 07:30:00,delivery,96,Inventory received for purchase order 953
3969,3,24,2026-02-08 07:30:00,delivery,90,Inventory received for purchase order 953
3970,3,27,2026-02-08 07:30:00,delivery,72,Inventory received for purchase order 953
3971,3,48,2026-02-09 07:30:00,delivery,72,Inventory received for purchase order 954
3972,3,25,2026-02-06 07:30:00,delivery,48,Inventory received for purchase order 955
3973,3,26,2026-02-06 07:30:00,delivery,72,Inventory received for purchase order 955
3974,3,30,2026-02-06 07:30:00,delivery,71,Inventory received for purchase order 955
3975,3,34,2026-02-07 07:30:00,delivery,40,Inventory received for purchase order 956
3976,3,46,2026-02-07 07:30:00,delivery,48,Inventory received for purchase order 956
3977,3,13,2026-02-07 07:30:00,delivery,60,Inventory received for purchase order 957
3978,3,28,2026-02-07 07:30:00,delivery,72,Inventory received for purchase order 957
3979,3,35,2026-02-07 07:30:00,delivery,60,Inventory received for purchase order 957
3980,3,44,2026-02-07 07:30:00,delivery,72,Inventory received for purchase order 957
3981,3,16,2026-02-07 07:30:00,delivery,60,Inventory received for purchase order 958
3982,3,29,2026-02-07 07:30:00,delivery,20,Inventory received for purchase order 958
3983,3,36,2026-02-07 07:30:00,delivery,112,Inventory received for purchase order 958
3984,3,43,2026-02-07 07:30:00,delivery,96,Inventory received for purchase order 958
3985,3,45,2026-02-07 07:30:00,delivery,72,Inventory received for purchase order 958
3986,3,11,2026-02-08 07:30:00,delivery,96,Inventory received for purchase order 959
3987,3,17,2026-02-08 07:30:00,delivery,72,Inventory received for purchase order 959
3988,3,33,2026-02-08 07:30:00,delivery,66,Inventory received for purchase order 959
3989,3,18,2026-02-09 07:30:00,delivery,72,Inventory received for purchase order 960
3990,3,21,2026-02-09 07:30:00,delivery,72,Inventory received for purchase order 960
3991,3,23,2026-02-09 07:30:00,delivery,56,Inventory received for purchase order 960
3992,3,37,2026-02-09 07:30:00,delivery,72,Inventory received for purchase order 960
3993,3,39,2026-02-09 07:30:00,delivery,70,Inventory received for purchase order 960
3994,3,1,2026-02-06 07:30:00,delivery,72,Inventory received for purchase order 961
3995,3,5,2026-02-06 07:30:00,delivery,48,Inventory received for purchase order 961
3996,3,10,2026-02-06 07:30:00,delivery,72,Inventory received for purchase order 961
3997,3,19,2026-02-06 07:30:00,delivery,30,Inventory received for purchase order 961
3998,3,31,2026-02-06 07:30:00,delivery,72,Inventory received for purchase order 961
3999,3,32,2026-02-06 07:30:00,delivery,60,Inventory received for purchase order 961
4000,3,40,2026-02-07 07:30:00,delivery,72,Inventory received for purchase order 962
4001,3,41,2026-02-07 07:30:00,delivery,64,Inventory received for purchase order 962
4002,3,47,2026-02-07 07:30:00,delivery,56,Inventory received for purchase order 962
4003,3,3,2026-02-14 07:30:00,delivery,60,Inventory received for purchase order 963
4004,3,9,2026-02-14 07:30:00,delivery,70,Inventory received for purchase order 963
4005,3,11,2026-02-14 07:30:00,delivery,80,Inventory received for purchase order 963
4006,3,15,2026-02-14 07:30:00,delivery,48,Inventory received for purchase order 963
4007,3,21,2026-02-14 07:30:00,delivery,48,Inventory received for purchase order 963
4008,3,10,2026-02-14 07:30:00,delivery,64,Inventory received for purchase order 964
4009,3,14,2026-02-14 07:30:00,delivery,48,Inventory received for purchase order 964
4010,3,26,2026-02-14 07:30:00,delivery,36,Inventory received for purchase order 964
4011,3,37,2026-02-14 07:30:00,delivery,39,Inventory received for purchase order 964
4012,3,41,2026-02-14 07:30:00,delivery,60,Inventory received for purchase order 964
4013,3,7,2026-02-15 07:30:00,delivery,72,Inventory received for purchase order 965
4014,3,25,2026-02-15 07:30:00,delivery,72,Inventory received for purchase order 965
4015,3,29,2026-02-15 07:30:00,delivery,96,Inventory received for purchase order 965
4016,3,30,2026-02-15 07:30:00,delivery,36,Inventory received for purchase order 965
4017,3,36,2026-02-15 07:30:00,delivery,50,Inventory received for purchase order 965
4018,3,16,2026-02-16 07:30:00,delivery,48,Inventory received for purchase order 966
4019,3,18,2026-02-16 07:30:00,delivery,42,Inventory received for purchase order 966
4020,3,22,2026-02-16 07:30:00,delivery,48,Inventory received for purchase order 966
4021,3,43,2026-02-16 07:30:00,delivery,60,Inventory received for purchase order 966
4022,3,19,2026-02-13 07:30:00,delivery,72,Inventory received for purchase order 967
4023,3,20,2026-02-13 07:30:00,delivery,50,Inventory received for purchase order 967
4024,3,27,2026-02-13 07:30:00,delivery,72,Inventory received for purchase order 967
4025,3,34,2026-02-13 07:30:00,delivery,96,Inventory received for purchase order 967
4026,3,47,2026-02-13 07:30:00,delivery,60,Inventory received for purchase order 967
4027,3,24,2026-02-14 07:30:00,delivery,48,Inventory received for purchase order 968
4028,3,28,2026-02-14 07:30:00,delivery,84,Inventory received for purchase order 968
4029,3,40,2026-02-14 07:30:00,delivery,48,Inventory received for purchase order 968
4030,3,17,2026-02-14 07:30:00,delivery,69,Inventory received for purchase order 969
4031,3,32,2026-02-14 07:30:00,delivery,63,Inventory received for purchase order 969
4032,3,33,2026-02-14 07:30:00,delivery,81,Inventory received for purchase order 969
4033,3,2,2026-02-14 07:30:00,delivery,60,Inventory received for purchase order 970
4034,3,5,2026-02-14 07:30:00,delivery,72,Inventory received for purchase order 970
4035,3,13,2026-02-14 07:30:00,delivery,72,Inventory received for purchase order 970
4036,3,23,2026-02-14 07:30:00,delivery,64,Inventory received for purchase order 970
4037,3,31,2026-02-14 07:30:00,delivery,72,Inventory received for purchase order 970
4038,3,35,2026-02-14 07:30:00,delivery,96,Inventory received for purchase order 970
4039,3,45,2026-02-15 07:30:00,delivery,72,Inventory received for purchase order 971
4040,3,48,2026-02-15 07:30:00,delivery,50,Inventory received for purchase order 971
4041,3,1,2026-02-16 07:30:00,delivery,36,Inventory received for purchase order 972
4042,3,39,2026-02-16 07:30:00,delivery,80,Inventory received for purchase order 972
4043,3,44,2026-02-16 07:30:00,delivery,60,Inventory received for purchase order 972
4044,3,46,2026-02-16 07:30:00,delivery,72,Inventory received for purchase order 972
4045,3,3,2026-02-20 07:30:00,delivery,60,Inventory received for purchase order 973
4046,3,9,2026-02-20 07:30:00,delivery,60,Inventory received for purchase order 973
4047,3,15,2026-02-20 07:30:00,delivery,96,Inventory received for purchase order 973
4048,3,21,2026-02-20 07:30:00,delivery,79,Inventory received for purchase order 973
4049,3,14,2026-02-21 07:30:00,delivery,96,Inventory received for purchase order 974
4050,3,22,2026-02-21 07:30:00,delivery,30,Inventory received for purchase order 974
4051,3,24,2026-02-21 07:30:00,delivery,70,Inventory received for purchase order 974
4052,3,27,2026-02-21 07:30:00,delivery,72,Inventory received for purchase order 974
4053,3,48,2026-02-21 07:30:00,delivery,72,Inventory received for purchase order 974
4054,3,7,2026-02-21 07:30:00,delivery,36,Inventory received for purchase order 975
4055,3,25,2026-02-21 07:30:00,delivery,72,Inventory received for purchase order 975
4056,3,26,2026-02-21 07:30:00,delivery,72,Inventory received for purchase order 975
4057,3,30,2026-02-21 07:30:00,delivery,36,Inventory received for purchase order 975
4058,3,34,2026-02-21 07:30:00,delivery,60,Inventory received for purchase order 976
4059,3,44,2026-02-21 07:30:00,delivery,96,Inventory received for purchase order 976
4060,3,46,2026-02-21 07:30:00,delivery,48,Inventory received for purchase order 976
4061,3,13,2026-02-22 07:30:00,delivery,60,Inventory received for purchase order 977
4062,3,20,2026-02-22 07:30:00,delivery,40,Inventory received for purchase order 977
4063,3,28,2026-02-22 07:30:00,delivery,72,Inventory received for purchase order 977
4064,3,35,2026-02-22 07:30:00,delivery,40,Inventory received for purchase order 977
4065,3,16,2026-02-23 07:30:00,delivery,60,Inventory received for purchase order 978
4066,3,29,2026-02-23 07:30:00,delivery,40,Inventory received for purchase order 978
4067,3,36,2026-02-23 07:30:00,delivery,40,Inventory received for purchase order 978
4068,3,43,2026-02-23 07:30:00,delivery,48,Inventory received for purchase order 978
4069,3,45,2026-02-23 07:30:00,delivery,56,Inventory received for purchase order 978
4070,3,11,2026-02-20 07:30:00,delivery,66,Inventory received for purchase order 979
4071,3,17,2026-02-20 07:30:00,delivery,48,Inventory received for purchase order 979
4072,3,32,2026-02-20 07:30:00,delivery,72,Inventory received for purchase order 979
4073,3,33,2026-02-20 07:30:00,delivery,54,Inventory received for purchase order 979
4074,3,2,2026-02-21 07:30:00,delivery,80,Inventory received for purchase order 980
4075,3,5,2026-02-21 07:30:00,delivery,36,Inventory received for purchase order 980
4076,3,18,2026-02-21 07:30:00,delivery,48,Inventory received for purchase order 980
4077,3,23,2026-02-21 07:30:00,delivery,40,Inventory received for purchase order 980
4078,3,37,2026-02-21 07:30:00,delivery,72,Inventory received for purchase order 980
4079,3,1,2026-02-21 07:30:00,delivery,72,Inventory received for purchase order 981
4080,3,10,2026-02-21 07:30:00,delivery,72,Inventory received for purchase order 981
4081,3,19,2026-02-21 07:30:00,delivery,60,Inventory received for purchase order 981
4082,3,31,2026-02-21 07:30:00,delivery,72,Inventory received for purchase order 981
4083,3,39,2026-02-21 07:30:00,delivery,60,Inventory received for purchase order 981
4084,3,40,2026-02-21 07:30:00,delivery,72,Inventory received for purchase order 981
4085,3,41,2026-02-21 07:30:00,delivery,55,Inventory received for purchase order 982
4086,3,47,2026-02-21 07:30:00,delivery,48,Inventory received for purchase order 982
4087,3,3,2026-03-01 07:30:00,delivery,80,Inventory received for purchase order 983
4088,3,9,2026-03-01 07:30:00,delivery,70,Inventory received for purchase order 983
4089,3,11,2026-03-01 07:30:00,delivery,60,Inventory received for purchase order 983
4090,3,15,2026-03-01 07:30:00,delivery,48,Inventory received for purchase order 983
4091,3,10,2026-03-02 07:30:00,delivery,64,Inventory received for purchase order 984
4092,3,14,2026-03-02 07:30:00,delivery,48,Inventory received for purchase order 984
4093,3,26,2026-03-02 07:30:00,delivery,48,Inventory received for purchase order 984
4094,3,37,2026-03-02 07:30:00,delivery,104,Inventory received for purchase order 984
4095,3,41,2026-03-02 07:30:00,delivery,78,Inventory received for purchase order 984
4096,3,7,2026-02-27 07:30:00,delivery,108,Inventory received for purchase order 985
4097,3,25,2026-02-27 07:30:00,delivery,72,Inventory received for purchase order 985
4098,3,29,2026-02-27 07:30:00,delivery,96,Inventory received for purchase order 985
4099,3,30,2026-02-27 07:30:00,delivery,108,Inventory received for purchase order 985
4100,3,36,2026-02-27 07:30:00,delivery,60,Inventory received for purchase order 985
4101,3,16,2026-02-28 07:30:00,delivery,57,Inventory received for purchase order 986
4102,3,18,2026-02-28 07:30:00,delivery,69,Inventory received for purchase order 986
4103,3,22,2026-02-28 07:30:00,delivery,52,Inventory received for purchase order 986
4104,3,43,2026-02-28 07:30:00,delivery,77,Inventory received for purchase order 986
4105,3,19,2026-02-28 07:30:00,delivery,72,Inventory received for purchase order 987
4106,3,20,2026-02-28 07:30:00,delivery,80,Inventory received for purchase order 987
4107,3,27,2026-02-28 07:30:00,delivery,102,Inventory received for purchase order 987
4108,3,34,2026-02-28 07:30:00,delivery,84,Inventory received for purchase order 987
4109,3,47,2026-02-28 07:30:00,delivery,60,Inventory received for purchase order 987
4110,3,24,2026-02-28 07:30:00,delivery,72,Inventory received for purchase order 988
4111,3,28,2026-02-28 07:30:00,delivery,60,Inventory received for purchase order 988
4112,3,40,2026-02-28 07:30:00,delivery,48,Inventory received for purchase order 988
4113,3,17,2026-03-01 07:30:00,delivery,96,Inventory received for purchase order 989
4114,3,33,2026-03-01 07:30:00,delivery,84,Inventory received for purchase order 989
4115,3,2,2026-03-02 07:30:00,delivery,40,Inventory received for purchase order 990
4116,3,13,2026-03-02 07:30:00,delivery,72,Inventory received for purchase order 990
4117,3,21,2026-03-02 07:30:00,delivery,72,Inventory received for purchase order 990
4118,3,23,2026-03-02 07:30:00,delivery,80,Inventory received for purchase order 990
4119,3,31,2026-03-02 07:30:00,delivery,96,Inventory received for purchase order 990
4120,3,35,2026-03-02 07:30:00,delivery,48,Inventory received for purchase order 990
4121,3,45,2026-02-27 07:30:00,delivery,48,Inventory received for purchase order 991
4122,3,48,2026-02-27 07:30:00,delivery,49,Inventory received for purchase order 991
4123,3,1,2026-02-28 07:30:00,delivery,72,Inventory received for purchase order 992
4124,3,5,2026-02-28 07:30:00,delivery,64,Inventory received for purchase order 992
4125,3,32,2026-02-28 07:30:00,delivery,40,Inventory received for purchase order 992
4126,3,39,2026-02-28 07:30:00,delivery,80,Inventory received for purchase order 992
4127,3,44,2026-02-28 07:30:00,delivery,40,Inventory received for purchase order 992
4128,3,46,2026-02-28 07:30:00,delivery,48,Inventory received for purchase order 992
4129,3,3,2026-03-07 07:30:00,delivery,80,Inventory received for purchase order 993
4130,3,9,2026-03-07 07:30:00,delivery,60,Inventory received for purchase order 993
4131,3,15,2026-03-07 07:30:00,delivery,48,Inventory received for purchase order 993
4132,3,20,2026-03-07 07:30:00,delivery,72,Inventory received for purchase order 993
4133,3,21,2026-03-07 07:30:00,delivery,56,Inventory received for purchase order 993
4134,3,2,2026-03-07 07:30:00,delivery,60,Inventory received for purchase order 994
4135,3,7,2026-03-07 07:30:00,delivery,32,Inventory received for purchase order 994
4136,3,14,2026-03-07 07:30:00,delivery,48,Inventory received for purchase order 994
4137,3,22,2026-03-07 07:30:00,delivery,48,Inventory received for purchase order 994
4138,3,27,2026-03-07 07:30:00,delivery,72,Inventory received for purchase order 994
4139,3,48,2026-03-07 07:30:00,delivery,72,Inventory received for purchase order 994
4140,3,25,2026-03-08 07:30:00,delivery,96,Inventory received for purchase order 995
4141,3,30,2026-03-08 07:30:00,delivery,72,Inventory received for purchase order 995
4142,3,34,2026-03-09 07:30:00,delivery,40,Inventory received for purchase order 996
4143,3,46,2026-03-09 07:30:00,delivery,48,Inventory received for purchase order 996
4144,3,13,2026-03-06 07:30:00,delivery,80,Inventory received for purchase order 997
4145,3,28,2026-03-06 07:30:00,delivery,64,Inventory received for purchase order 997
4146,3,35,2026-03-06 07:30:00,delivery,40,Inventory received for purchase order 997
4147,3,44,2026-03-06 07:30:00,delivery,36,Inventory received for purchase order 997
4148,3,16,2026-03-07 07:30:00,delivery,40,Inventory received for purchase order 998
4149,3,24,2026-03-07 07:30:00,delivery,72,Inventory received for purchase order 998
4150,3,26,2026-03-07 07:30:00,delivery,50,Inventory received for purchase order 998
4151,3,29,2026-03-07 07:30:00,delivery,60,Inventory received for purchase order 998
4152,3,36,2026-03-07 07:30:00,delivery,48,Inventory received for purchase order 998
4153,3,43,2026-03-07 07:30:00,delivery,72,Inventory received for purchase order 998
4154,3,45,2026-03-07 07:30:00,delivery,48,Inventory received for purchase order 999
4155,3,11,2026-03-07 07:30:00,delivery,60,Inventory received for purchase order 1000
4156,3,17,2026-03-07 07:30:00,delivery,72,Inventory received for purchase order 1000
4157,3,33,2026-03-07 07:30:00,delivery,66,Inventory received for purchase order 1000
4158,3,37,2026-03-07 07:30:00,delivery,96,Inventory received for purchase order 1000
4159,3,18,2026-03-08 07:30:00,delivery,55,Inventory received for purchase order 1001
4160,3,23,2026-03-08 07:30:00,delivery,64,Inventory received for purchase order 1001
4161,3,31,2026-03-08 07:30:00,delivery,36,Inventory received for purchase order 1001
4162,3,39,2026-03-08 07:30:00,delivery,30,Inventory received for purchase order 1001
4163,3,1,2026-03-09 07:30:00,delivery,36,Inventory received for purchase order 1002
4164,3,5,2026-03-09 07:30:00,delivery,56,Inventory received for purchase order 1002
4165,3,10,2026-03-09 07:30:00,delivery,48,Inventory received for purchase order 1002
4166,3,19,2026-03-09 07:30:00,delivery,60,Inventory received for purchase order 1002
4167,3,32,2026-03-09 07:30:00,delivery,80,Inventory received for purchase order 1002
4168,3,40,2026-03-09 07:30:00,delivery,72,Inventory received for purchase order 1002
4169,3,41,2026-03-06 07:30:00,delivery,69,Inventory received for purchase order 1003
4170,3,47,2026-03-06 07:30:00,delivery,69,Inventory received for purchase order 1003
4171,3,3,2026-03-14 07:30:00,delivery,60,Inventory received for purchase order 1004
4172,3,9,2026-03-14 07:30:00,delivery,70,Inventory received for purchase order 1004
4173,3,11,2026-03-14 07:30:00,delivery,80,Inventory received for purchase order 1004
4174,3,15,2026-03-14 07:30:00,delivery,48,Inventory received for purchase order 1004
4175,3,10,2026-03-14 07:30:00,delivery,64,Inventory received for purchase order 1005
4176,3,14,2026-03-14 07:30:00,delivery,72,Inventory received for purchase order 1005
4177,3,24,2026-03-14 07:30:00,delivery,40,Inventory received for purchase order 1005
4178,3,26,2026-03-14 07:30:00,delivery,54,Inventory received for purchase order 1005
4179,3,37,2026-03-14 07:30:00,delivery,48,Inventory received for purchase order 1005
4180,3,41,2026-03-14 07:30:00,delivery,54,Inventory received for purchase order 1005
4181,3,7,2026-03-14 07:30:00,delivery,72,Inventory received for purchase order 1006
4182,3,25,2026-03-14 07:30:00,delivery,60,Inventory received for purchase order 1006
4183,3,29,2026-03-14 07:30:00,delivery,96,Inventory received for purchase order 1006
4184,3,30,2026-03-14 07:30:00,delivery,72,Inventory received for purchase order 1006
4185,3,36,2026-03-14 07:30:00,delivery,50,Inventory received for purchase order 1006
4186,3,16,2026-03-15 07:30:00,delivery,48,Inventory received for purchase order 1007
4187,3,18,2026-03-15 07:30:00,delivery,54,Inventory received for purchase order 1007
4188,3,22,2026-03-15 07:30:00,delivery,48,Inventory received for purchase order 1007
4189,3,43,2026-03-15 07:30:00,delivery,60,Inventory received for purchase order 1007
4190,3,2,2026-03-16 07:30:00,delivery,48,Inventory received for purchase order 1008
4191,3,19,2026-03-16 07:30:00,delivery,72,Inventory received for purchase order 1008
4192,3,20,2026-03-16 07:30:00,delivery,60,Inventory received for purchase order 1008
4193,3,27,2026-03-16 07:30:00,delivery,66,Inventory received for purchase order 1008
4194,3,34,2026-03-16 07:30:00,delivery,84,Inventory received for purchase order 1008
4195,3,28,2026-03-13 07:30:00,delivery,54,Inventory received for purchase order 1009
4196,3,40,2026-03-13 07:30:00,delivery,47,Inventory received for purchase order 1009
4197,3,17,2026-03-14 07:30:00,delivery,48,Inventory received for purchase order 1010
4198,3,33,2026-03-14 07:30:00,delivery,72,Inventory received for purchase order 1010
4199,3,5,2026-03-14 07:30:00,delivery,72,Inventory received for purchase order 1011
4200,3,13,2026-03-14 07:30:00,delivery,72,Inventory received for purchase order 1011
4201,3,21,2026-03-14 07:30:00,delivery,72,Inventory received for purchase order 1011
4202,3,23,2026-03-14 07:30:00,delivery,72,Inventory received for purchase order 1011
4203,3,35,2026-03-14 07:30:00,delivery,96,Inventory received for purchase order 1011
4204,3,45,2026-03-14 07:30:00,delivery,48,Inventory received for purchase order 1011
4205,3,48,2026-03-14 07:30:00,delivery,40,Inventory received for purchase order 1012
4206,3,1,2026-03-15 07:30:00,delivery,72,Inventory received for purchase order 1013
4207,3,31,2026-03-15 07:30:00,delivery,72,Inventory received for purchase order 1013
4208,3,32,2026-03-15 07:30:00,delivery,80,Inventory received for purchase order 1013
4209,3,39,2026-03-15 07:30:00,delivery,80,Inventory received for purchase order 1013
4210,3,44,2026-03-15 07:30:00,delivery,60,Inventory received for purchase order 1013
4211,3,46,2026-03-15 07:30:00,delivery,72,Inventory received for purchase order 1013
4212,3,47,2026-03-16 07:30:00,delivery,80,Inventory received for purchase order 1014
4213,3,3,2026-03-20 07:30:00,delivery,60,Inventory received for purchase order 1015
4214,3,9,2026-03-20 07:30:00,delivery,60,Inventory received for purchase order 1015
4215,3,15,2026-03-20 07:30:00,delivery,48,Inventory received for purchase order 1015
4216,3,21,2026-03-20 07:30:00,delivery,40,Inventory received for purchase order 1015
4217,3,2,2026-03-21 07:30:00,delivery,80,Inventory received for purchase order 1016
4218,3,14,2026-03-21 07:30:00,delivery,72,Inventory received for purchase order 1016
4219,3,22,2026-03-21 07:30:00,delivery,42,Inventory received for purchase order 1016
4220,3,24,2026-03-21 07:30:00,delivery,80,Inventory received for purchase order 1016
4221,3,27,2026-03-21 07:30:00,delivery,108,Inventory received for purchase order 1016
4222,3,48,2026-03-21 07:30:00,delivery,48,Inventory received for purchase order 1016
4223,3,25,2026-03-21 07:30:00,delivery,24,Inventory received for purchase order 1017
4224,3,26,2026-03-21 07:30:00,delivery,72,Inventory received for purchase order 1017
4225,3,30,2026-03-21 07:30:00,delivery,36,Inventory received for purchase order 1017
4226,3,34,2026-03-21 07:30:00,delivery,60,Inventory received for purchase order 1018
4227,3,46,2026-03-21 07:30:00,delivery,72,Inventory received for purchase order 1018
4228,3,13,2026-03-22 07:30:00,delivery,40,Inventory received for purchase order 1019
4229,3,20,2026-03-22 07:30:00,delivery,40,Inventory received for purchase order 1019
4230,3,28,2026-03-22 07:30:00,delivery,48,Inventory received for purchase order 1019
4231,3,35,2026-03-22 07:30:00,delivery,20,Inventory received for purchase order 1019
4232,3,44,2026-03-22 07:30:00,delivery,36,Inventory received for purchase order 1019
4233,3,47,2026-03-22 07:30:00,delivery,39,Inventory received for purchase order 1019
4234,3,16,2026-03-23 07:30:00,delivery,57,Inventory received for purchase order 1020
4235,3,36,2026-03-23 07:30:00,delivery,77,Inventory received for purchase order 1020
4236,3,43,2026-03-23 07:30:00,delivery,69,Inventory received for purchase order 1020
4237,3,45,2026-03-23 07:30:00,delivery,54,Inventory received for purchase order 1020
4238,3,11,2026-03-20 07:30:00,delivery,60,Inventory received for purchase order 1021
4239,3,17,2026-03-20 07:30:00,delivery,24,Inventory received for purchase order 1021
4240,3,32,2026-03-20 07:30:00,delivery,18,Inventory received for purchase order 1021
4241,3,33,2026-03-20 07:30:00,delivery,48,Inventory received for purchase order 1021
4242,3,18,2026-03-21 07:30:00,delivery,64,Inventory received for purchase order 1022
4243,3,23,2026-03-21 07:30:00,delivery,40,Inventory received for purchase order 1022
4244,3,31,2026-03-21 07:30:00,delivery,12,Inventory received for purchase order 1022
4245,3,37,2026-03-21 07:30:00,delivery,72,Inventory received for purchase order 1022
4246,3,1,2026-03-21 07:30:00,delivery,36,Inventory received for purchase order 1023
4247,3,5,2026-03-21 07:30:00,delivery,48,Inventory received for purchase order 1023
4248,3,10,2026-03-21 07:30:00,delivery,72,Inventory received for purchase order 1023
4249,3,19,2026-03-21 07:30:00,delivery,40,Inventory received for purchase order 1023
4250,3,39,2026-03-21 07:30:00,delivery,40,Inventory received for purchase order 1023
4251,3,40,2026-03-21 07:30:00,delivery,72,Inventory received for purchase order 1023
4252,3,41,2026-03-21 07:30:00,delivery,56,Inventory received for purchase order 1024
4253,3,3,2026-03-29 07:30:00,delivery,40,Inventory received for purchase order 1025
4254,3,9,2026-03-29 07:30:00,delivery,50,Inventory received for purchase order 1025
4255,3,11,2026-03-29 07:30:00,delivery,60,Inventory received for purchase order 1025
4256,3,15,2026-03-29 07:30:00,delivery,48,Inventory received for purchase order 1025
4257,3,21,2026-03-29 07:30:00,delivery,72,Inventory received for purchase order 1025
4258,3,10,2026-03-30 07:30:00,delivery,56,Inventory received for purchase order 1026
4259,3,14,2026-03-30 07:30:00,delivery,72,Inventory received for purchase order 1026
4260,3,24,2026-03-30 07:30:00,delivery,60,Inventory received for purchase order 1026
4261,3,26,2026-03-30 07:30:00,delivery,54,Inventory received for purchase order 1026
4262,3,37,2026-03-30 07:30:00,delivery,56,Inventory received for purchase order 1026
4263,3,41,2026-03-30 07:30:00,delivery,78,Inventory received for purchase order 1026
4264,3,7,2026-03-27 07:30:00,delivery,72,Inventory received for purchase order 1027
4265,3,25,2026-03-27 07:30:00,delivery,72,Inventory received for purchase order 1027
4266,3,29,2026-03-27 07:30:00,delivery,48,Inventory received for purchase order 1027
4267,3,30,2026-03-27 07:30:00,delivery,36,Inventory received for purchase order 1027
4268,3,36,2026-03-27 07:30:00,delivery,60,Inventory received for purchase order 1027
4269,3,16,2026-03-28 07:30:00,delivery,48,Inventory received for purchase order 1028
4270,3,18,2026-03-28 07:30:00,delivery,35,Inventory received for purchase order 1028
4271,3,22,2026-03-28 07:30:00,delivery,72,Inventory received for purchase order 1028
4272,3,43,2026-03-28 07:30:00,delivery,50,Inventory received for purchase order 1028
4273,3,19,2026-03-28 07:30:00,delivery,72,Inventory received for purchase order 1029
4274,3,20,2026-03-28 07:30:00,delivery,50,Inventory received for purchase order 1029
4275,3,27,2026-03-28 07:30:00,delivery,36,Inventory received for purchase order 1029
4276,3,34,2026-03-28 07:30:00,delivery,60,Inventory received for purchase order 1029
4277,3,47,2026-03-28 07:30:00,delivery,60,Inventory received for purchase order 1029
4278,3,28,2026-03-28 07:30:00,delivery,72,Inventory received for purchase order 1030
4279,3,40,2026-03-28 07:30:00,delivery,32,Inventory received for purchase order 1030
4280,3,17,2026-03-29 07:30:00,delivery,72,Inventory received for purchase order 1031
4281,3,33,2026-03-29 07:30:00,delivery,48,Inventory received for purchase order 1031
4282,3,2,2026-03-30 07:30:00,delivery,40,Inventory received for purchase order 1032
4283,3,5,2026-03-30 07:30:00,delivery,72,Inventory received for purchase order 1032
4284,3,13,2026-03-30 07:30:00,delivery,72,Inventory received for purchase order 1032
4285,3,23,2026-03-30 07:30:00,delivery,56,Inventory received for purchase order 1032
4286,3,31,2026-03-30 07:30:00,delivery,72,Inventory received for purchase order 1032
4287,3,35,2026-03-30 07:30:00,delivery,96,Inventory received for purchase order 1032
4288,3,39,2026-03-27 07:30:00,delivery,80,Inventory received for purchase order 1033
4289,3,45,2026-03-27 07:30:00,delivery,72,Inventory received for purchase order 1033
4290,3,48,2026-03-27 07:30:00,delivery,40,Inventory received for purchase order 1033
4291,3,1,2026-03-28 07:30:00,delivery,72,Inventory received for purchase order 1034
4292,3,32,2026-03-28 07:30:00,delivery,80,Inventory received for purchase order 1034
4293,3,44,2026-03-28 07:30:00,delivery,70,Inventory received for purchase order 1034
4294,3,46,2026-03-28 07:30:00,delivery,48,Inventory received for purchase order 1034
4295,3,3,2026-04-04 07:30:00,delivery,80,Inventory received for purchase order 1035
4296,3,9,2026-04-04 07:30:00,delivery,80,Inventory received for purchase order 1035
4297,3,15,2026-04-04 07:30:00,delivery,48,Inventory received for purchase order 1035
4298,3,21,2026-04-04 07:30:00,delivery,56,Inventory received for purchase order 1035
4299,3,2,2026-04-04 07:30:00,delivery,60,Inventory received for purchase order 1036
4300,3,7,2026-04-04 07:30:00,delivery,32,Inventory received for purchase order 1036
4301,3,14,2026-04-04 07:30:00,delivery,48,Inventory received for purchase order 1036
4302,3,22,2026-04-04 07:30:00,delivery,60,Inventory received for purchase order 1036
4303,3,27,2026-04-04 07:30:00,delivery,108,Inventory received for purchase order 1036
4304,3,48,2026-04-04 07:30:00,delivery,48,Inventory received for purchase order 1036
4305,3,25,2026-04-05 07:30:00,delivery,69,Inventory received for purchase order 1037
4306,3,30,2026-04-05 07:30:00,delivery,69,Inventory received for purchase order 1037
4307,3,34,2026-04-06 07:30:00,delivery,59,Inventory received for purchase order 1038
4308,3,46,2026-04-06 07:30:00,delivery,48,Inventory received for purchase order 1038
4309,3,13,2026-04-03 07:30:00,delivery,60,Inventory received for purchase order 1039
4310,3,20,2026-04-03 07:30:00,delivery,70,Inventory received for purchase order 1039
4311,3,28,2026-04-03 07:30:00,delivery,48,Inventory received for purchase order 1039
4312,3,35,2026-04-03 07:30:00,delivery,20,Inventory received for purchase order 1039
4313,3,44,2026-04-03 07:30:00,delivery,72,Inventory received for purchase order 1039
4314,3,16,2026-04-04 07:30:00,delivery,80,Inventory received for purchase order 1040
4315,3,24,2026-04-04 07:30:00,delivery,72,Inventory received for purchase order 1040
4316,3,26,2026-04-04 07:30:00,delivery,80,Inventory received for purchase order 1040
4317,3,29,2026-04-04 07:30:00,delivery,40,Inventory received for purchase order 1040
4318,3,36,2026-04-04 07:30:00,delivery,56,Inventory received for purchase order 1040
4319,3,43,2026-04-04 07:30:00,delivery,72,Inventory received for purchase order 1040
4320,3,45,2026-04-04 07:30:00,delivery,80,Inventory received for purchase order 1041
4321,3,11,2026-04-04 07:30:00,delivery,78,Inventory received for purchase order 1042
4322,3,17,2026-04-04 07:30:00,delivery,72,Inventory received for purchase order 1042
4323,3,32,2026-04-04 07:30:00,delivery,96,Inventory received for purchase order 1042
4324,3,33,2026-04-04 07:30:00,delivery,54,Inventory received for purchase order 1042
4325,3,37,2026-04-04 07:30:00,delivery,48,Inventory received for purchase order 1042
4326,3,5,2026-04-05 07:30:00,delivery,36,Inventory received for purchase order 1043
4327,3,18,2026-04-05 07:30:00,delivery,40,Inventory received for purchase order 1043
4328,3,23,2026-04-05 07:30:00,delivery,40,Inventory received for purchase order 1043
4329,3,31,2026-04-05 07:30:00,delivery,60,Inventory received for purchase order 1043
4330,3,39,2026-04-05 07:30:00,delivery,50,Inventory received for purchase order 1043
4331,3,1,2026-04-06 07:30:00,delivery,72,Inventory received for purchase order 1044
4332,3,10,2026-04-06 07:30:00,delivery,48,Inventory received for purchase order 1044
4333,3,19,2026-04-06 07:30:00,delivery,60,Inventory received for purchase order 1044
4334,3,40,2026-04-06 07:30:00,delivery,96,Inventory received for purchase order 1044
4335,3,41,2026-04-06 07:30:00,delivery,88,Inventory received for purchase order 1044
4336,3,47,2026-04-06 07:30:00,delivery,64,Inventory received for purchase order 1044
4337,3,3,2026-04-10 07:30:00,delivery,80,Inventory received for purchase order 1045
4338,3,9,2026-04-10 07:30:00,delivery,90,Inventory received for purchase order 1045
4339,3,11,2026-04-10 07:30:00,delivery,80,Inventory received for purchase order 1045
4340,3,15,2026-04-10 07:30:00,delivery,96,Inventory received for purchase order 1045
4341,3,20,2026-04-10 07:30:00,delivery,72,Inventory received for purchase order 1045
4342,3,10,2026-04-11 07:30:00,delivery,48,Inventory received for purchase order 1046
4343,3,14,2026-04-11 07:30:00,delivery,72,Inventory received for purchase order 1046
4344,3,24,2026-04-11 07:30:00,delivery,59,Inventory received for purchase order 1046
4345,3,26,2026-04-11 07:30:00,delivery,78,Inventory received for purchase order 1046
4346,3,27,2026-04-11 07:30:00,delivery,72,Inventory received for purchase order 1046
4347,3,37,2026-04-11 07:30:00,delivery,56,Inventory received for purchase order 1046
4348,3,41,2026-04-11 07:30:00,delivery,48,Inventory received for purchase order 1047
4349,3,7,2026-04-11 07:30:00,delivery,108,Inventory received for purchase order 1048
4350,3,25,2026-04-11 07:30:00,delivery,84,Inventory received for purchase order 1048
4351,3,29,2026-04-11 07:30:00,delivery,48,Inventory received for purchase order 1048
4352,3,30,2026-04-11 07:30:00,delivery,72,Inventory received for purchase order 1048
4353,3,36,2026-04-11 07:30:00,delivery,50,Inventory received for purchase order 1048
4354,3,16,2026-04-12 07:30:00,delivery,84,Inventory received for purchase order 1049
4355,3,18,2026-04-12 07:30:00,delivery,78,Inventory received for purchase order 1049
4356,3,22,2026-04-12 07:30:00,delivery,96,Inventory received for purchase order 1049
4357,3,43,2026-04-12 07:30:00,delivery,50,Inventory received for purchase order 1049
4358,3,19,2026-04-13 07:30:00,delivery,72,Inventory received for purchase order 1050
4359,3,34,2026-04-13 07:30:00,delivery,48,Inventory received for purchase order 1050
4360,3,47,2026-04-13 07:30:00,delivery,80,Inventory received for purchase order 1050
4361,3,28,2026-04-10 07:30:00,delivery,48,Inventory received for purchase order 1051
4362,3,40,2026-04-10 07:30:00,delivery,80,Inventory received for purchase order 1051
4363,3,17,2026-04-11 07:30:00,delivery,96,Inventory received for purchase order 1052
4364,3,33,2026-04-11 07:30:00,delivery,60,Inventory received for purchase order 1052
4365,3,2,2026-04-11 07:30:00,delivery,60,Inventory received for purchase order 1053
4366,3,13,2026-04-11 07:30:00,delivery,72,Inventory received for purchase order 1053
4367,3,21,2026-04-11 07:30:00,delivery,72,Inventory received for purchase order 1053
4368,3,23,2026-04-11 07:30:00,delivery,88,Inventory received for purchase order 1053
4369,3,31,2026-04-11 07:30:00,delivery,72,Inventory received for purchase order 1053
4370,3,35,2026-04-11 07:30:00,delivery,96,Inventory received for purchase order 1053
4371,3,39,2026-04-11 07:30:00,delivery,57,Inventory received for purchase order 1054
4372,3,45,2026-04-11 07:30:00,delivery,57,Inventory received for purchase order 1054
4373,3,48,2026-04-11 07:30:00,delivery,57,Inventory received for purchase order 1054
4374,3,1,2026-04-12 07:30:00,delivery,72,Inventory received for purchase order 1055
4375,3,5,2026-04-12 07:30:00,delivery,64,Inventory received for purchase order 1055
4376,3,32,2026-04-12 07:30:00,delivery,80,Inventory received for purchase order 1055
4377,3,44,2026-04-12 07:30:00,delivery,60,Inventory received for purchase order 1055
4378,3,46,2026-04-12 07:30:00,delivery,72,Inventory received for purchase order 1055
4379,3,3,2026-04-20 07:30:00,delivery,40,Inventory received for purchase order 1056
4380,3,9,2026-04-20 07:30:00,delivery,70,Inventory received for purchase order 1056
4381,3,15,2026-04-20 07:30:00,delivery,47,Inventory received for purchase order 1056
4382,3,20,2026-04-20 07:30:00,delivery,72,Inventory received for purchase order 1056
4383,3,2,2026-04-17 07:30:00,delivery,80,Inventory received for purchase order 1057
4384,3,7,2026-04-17 07:30:00,delivery,32,Inventory received for purchase order 1057
4385,3,14,2026-04-17 07:30:00,delivery,72,Inventory received for purchase order 1057
4386,3,22,2026-04-17 07:30:00,delivery,66,Inventory received for purchase order 1057
4387,3,48,2026-04-17 07:30:00,delivery,48,Inventory received for purchase order 1057
4388,3,25,2026-04-18 07:30:00,delivery,96,Inventory received for purchase order 1058
4389,3,26,2026-04-18 07:30:00,delivery,72,Inventory received for purchase order 1058
4390,3,30,2026-04-18 07:30:00,delivery,36,Inventory received for purchase order 1058
4391,3,34,2026-04-18 07:30:00,delivery,80,Inventory received for purchase order 1059
4392,3,46,2026-04-18 07:30:00,delivery,72,Inventory received for purchase order 1059
4393,3,13,2026-04-18 07:30:00,delivery,60,Inventory received for purchase order 1060
4394,3,27,2026-04-18 07:30:00,delivery,48,Inventory received for purchase order 1060
4395,3,28,2026-04-18 07:30:00,delivery,64,Inventory received for purchase order 1060
4396,3,35,2026-04-18 07:30:00,delivery,40,Inventory received for purchase order 1060
4397,3,44,2026-04-18 07:30:00,delivery,72,Inventory received for purchase order 1060
4398,3,47,2026-04-18 07:30:00,delivery,80,Inventory received for purchase order 1060
4399,3,16,2026-04-19 07:30:00,delivery,80,Inventory received for purchase order 1061
4400,3,24,2026-04-19 07:30:00,delivery,96,Inventory received for purchase order 1061
4401,3,29,2026-04-19 07:30:00,delivery,60,Inventory received for purchase order 1061
4402,3,36,2026-04-19 07:30:00,delivery,80,Inventory received for purchase order 1061
4403,3,43,2026-04-19 07:30:00,delivery,72,Inventory received for purchase order 1061
4404,3,45,2026-04-19 07:30:00,delivery,56,Inventory received for purchase order 1061
4405,3,11,2026-04-20 07:30:00,delivery,72,Inventory received for purchase order 1062
4406,3,17,2026-04-20 07:30:00,delivery,96,Inventory received for purchase order 1062
4407,3,33,2026-04-20 07:30:00,delivery,78,Inventory received for purchase order 1062
4408,3,37,2026-04-20 07:30:00,delivery,96,Inventory received for purchase order 1062
4409,3,5,2026-04-17 07:30:00,delivery,72,Inventory received for purchase order 1063
4410,3,18,2026-04-17 07:30:00,delivery,72,Inventory received for purchase order 1063
4411,3,21,2026-04-17 07:30:00,delivery,48,Inventory received for purchase order 1063
4412,3,23,2026-04-17 07:30:00,delivery,80,Inventory received for purchase order 1063
4413,3,1,2026-04-18 07:30:00,delivery,72,Inventory received for purchase order 1064
4414,3,10,2026-04-18 07:30:00,delivery,96,Inventory received for purchase order 1064
4415,3,19,2026-04-18 07:30:00,delivery,70,Inventory received for purchase order 1064
4416,3,31,2026-04-18 07:30:00,delivery,48,Inventory received for purchase order 1064
4417,3,32,2026-04-18 07:30:00,delivery,80,Inventory received for purchase order 1064
4418,3,39,2026-04-18 07:30:00,delivery,99,Inventory received for purchase order 1064
4419,3,40,2026-04-18 07:30:00,delivery,72,Inventory received for purchase order 1065
4420,3,41,2026-04-18 07:30:00,delivery,80,Inventory received for purchase order 1065
4421,3,3,2026-04-25 07:30:00,delivery,60,Inventory received for purchase order 1066
4422,3,9,2026-04-25 07:30:00,delivery,80,Inventory received for purchase order 1066
4423,3,11,2026-04-25 07:30:00,delivery,60,Inventory received for purchase order 1066
4424,3,15,2026-04-25 07:30:00,delivery,96,Inventory received for purchase order 1066
4425,3,20,2026-04-25 07:30:00,delivery,36,Inventory received for purchase order 1066
4426,3,10,2026-04-26 07:30:00,delivery,48,Inventory received for purchase order 1067
4427,3,14,2026-04-26 07:30:00,delivery,72,Inventory received for purchase order 1067
4428,3,24,2026-04-26 07:30:00,delivery,20,Inventory received for purchase order 1067
4429,3,26,2026-04-26 07:30:00,delivery,54,Inventory received for purchase order 1067
4430,3,27,2026-04-26 07:30:00,delivery,72,Inventory received for purchase order 1067
4431,3,37,2026-04-26 07:30:00,delivery,56,Inventory received for purchase order 1067
4432,3,41,2026-04-27 07:30:00,delivery,48,Inventory received for purchase order 1068
4433,3,7,2026-04-24 07:30:00,delivery,72,Inventory received for purchase order 1069
4434,3,25,2026-04-24 07:30:00,delivery,60,Inventory received for purchase order 1069
4435,3,30,2026-04-24 07:30:00,delivery,36,Inventory received for purchase order 1069
4436,3,36,2026-04-24 07:30:00,delivery,50,Inventory received for purchase order 1069
4437,3,16,2026-04-25 07:30:00,delivery,48,Inventory received for purchase order 1070
4438,3,18,2026-04-25 07:30:00,delivery,60,Inventory received for purchase order 1070
4439,3,22,2026-04-25 07:30:00,delivery,72,Inventory received for purchase order 1070
4440,3,43,2026-04-25 07:30:00,delivery,30,Inventory received for purchase order 1070
4441,3,19,2026-04-25 07:30:00,delivery,69,Inventory received for purchase order 1071
4442,3,34,2026-04-25 07:30:00,delivery,81,Inventory received for purchase order 1071
4443,3,47,2026-04-25 07:30:00,delivery,57,Inventory received for purchase order 1071
4444,3,28,2026-04-25 07:30:00,delivery,24,Inventory received for purchase order 1072
4445,3,29,2026-04-25 07:30:00,delivery,100,Inventory received for purchase order 1072
4446,3,40,2026-04-25 07:30:00,delivery,32,Inventory received for purchase order 1072
4447,3,17,2026-04-26 07:30:00,delivery,48,Inventory received for purchase order 1073
4448,3,32,2026-04-26 07:30:00,delivery,48,Inventory received for purchase order 1073
4449,3,33,2026-04-26 07:30:00,delivery,48,Inventory received for purchase order 1073
4450,3,2,2026-04-27 07:30:00,delivery,60,Inventory received for purchase order 1074
4451,3,13,2026-04-27 07:30:00,delivery,36,Inventory received for purchase order 1074
4452,3,21,2026-04-27 07:30:00,delivery,72,Inventory received for purchase order 1074
4453,3,23,2026-04-27 07:30:00,delivery,64,Inventory received for purchase order 1074
4454,3,35,2026-04-27 07:30:00,delivery,48,Inventory received for purchase order 1074
4455,3,45,2026-04-27 07:30:00,delivery,59,Inventory received for purchase order 1074
4456,3,48,2026-04-24 07:30:00,delivery,60,Inventory received for purchase order 1075
4457,3,1,2026-04-25 07:30:00,delivery,72,Inventory received for purchase order 1076
4458,3,5,2026-04-25 07:30:00,delivery,40,Inventory received for purchase order 1076
4459,3,31,2026-04-25 07:30:00,delivery,48,Inventory received for purchase order 1076
4460,3,39,2026-04-25 07:30:00,delivery,80,Inventory received for purchase order 1076
4461,3,44,2026-04-25 07:30:00,delivery,40,Inventory received for purchase order 1076
4462,3,46,2026-04-25 07:30:00,delivery,48,Inventory received for purchase order 1076
4463,3,3,2026-05-02 07:30:00,delivery,100,Inventory received for purchase order 1077
4464,3,9,2026-05-02 07:30:00,delivery,60,Inventory received for purchase order 1077
4465,3,15,2026-05-02 07:30:00,delivery,48,Inventory received for purchase order 1077
4466,3,20,2026-05-02 07:30:00,delivery,72,Inventory received for purchase order 1077
4467,3,2,2026-05-02 07:30:00,delivery,60,Inventory received for purchase order 1078
4468,3,7,2026-05-02 07:30:00,delivery,64,Inventory received for purchase order 1078
4469,3,14,2026-05-02 07:30:00,delivery,72,Inventory received for purchase order 1078
4470,3,22,2026-05-02 07:30:00,delivery,48,Inventory received for purchase order 1078
4471,3,24,2026-05-02 07:30:00,delivery,70,Inventory received for purchase order 1078
4472,3,48,2026-05-02 07:30:00,delivery,72,Inventory received for purchase order 1078
4473,3,25,2026-05-03 07:30:00,delivery,84,Inventory received for purchase order 1079
4474,3,26,2026-05-03 07:30:00,delivery,72,Inventory received for purchase order 1079
4475,3,30,2026-05-03 07:30:00,delivery,72,Inventory received for purchase order 1079
4476,3,34,2026-05-04 07:30:00,delivery,40,Inventory received for purchase order 1080
4477,3,46,2026-05-04 07:30:00,delivery,72,Inventory received for purchase order 1080
4478,3,13,2026-05-01 07:30:00,delivery,80,Inventory received for purchase order 1081
4479,3,27,2026-05-01 07:30:00,delivery,42,Inventory received for purchase order 1081
4480,3,28,2026-05-01 07:30:00,delivery,72,Inventory received for purchase order 1081
4481,3,35,2026-05-01 07:30:00,delivery,40,Inventory received for purchase order 1081
4482,3,44,2026-05-01 07:30:00,delivery,36,Inventory received for purchase order 1081
4483,3,16,2026-05-02 07:30:00,delivery,100,Inventory received for purchase order 1082
4484,3,29,2026-05-02 07:30:00,delivery,40,Inventory received for purchase order 1082
4485,3,36,2026-05-02 07:30:00,delivery,64,Inventory received for purchase order 1082
4486,3,43,2026-05-02 07:30:00,delivery,72,Inventory received for purchase order 1082
4487,3,45,2026-05-02 07:30:00,delivery,64,Inventory received for purchase order 1082
4488,3,11,2026-05-02 07:30:00,delivery,30,Inventory received for purchase order 1083
4489,3,17,2026-05-02 07:30:00,delivery,72,Inventory received for purchase order 1083
4490,3,32,2026-05-02 07:30:00,delivery,54,Inventory received for purchase order 1083
4491,3,33,2026-05-02 07:30:00,delivery,60,Inventory received for purchase order 1083
4492,3,18,2026-05-02 07:30:00,delivery,71,Inventory received for purchase order 1084
4493,3,21,2026-05-02 07:30:00,delivery,72,Inventory received for purchase order 1084
4494,3,23,2026-05-02 07:30:00,delivery,64,Inventory received for purchase order 1084
4495,3,31,2026-05-02 07:30:00,delivery,36,Inventory received for purchase order 1084
4496,3,37,2026-05-02 07:30:00,delivery,72,Inventory received for purchase order 1084
4497,3,1,2026-05-03 07:30:00,delivery,72,Inventory received for purchase order 1085
4498,3,5,2026-05-03 07:30:00,delivery,56,Inventory received for purchase order 1085
4499,3,10,2026-05-03 07:30:00,delivery,72,Inventory received for purchase order 1085
4500,3,19,2026-05-03 07:30:00,delivery,50,Inventory received for purchase order 1085
4501,3,39,2026-05-03 07:30:00,delivery,40,Inventory received for purchase order 1085
4502,3,40,2026-05-03 07:30:00,delivery,72,Inventory received for purchase order 1085
4503,3,41,2026-05-04 07:30:00,delivery,72,Inventory received for purchase order 1086
4504,3,47,2026-05-04 07:30:00,delivery,56,Inventory received for purchase order 1086
4505,3,3,2026-05-08 07:30:00,delivery,20,Inventory received for purchase order 1087
4506,3,9,2026-05-08 07:30:00,delivery,80,Inventory received for purchase order 1087
4507,3,11,2026-05-08 07:30:00,delivery,80,Inventory received for purchase order 1087
4508,3,15,2026-05-08 07:30:00,delivery,96,Inventory received for purchase order 1087
4509,3,20,2026-05-08 07:30:00,delivery,72,Inventory received for purchase order 1087
4510,3,10,2026-05-09 07:30:00,delivery,38,Inventory received for purchase order 1088
4511,3,14,2026-05-09 07:30:00,delivery,69,Inventory received for purchase order 1088
4512,3,24,2026-05-09 07:30:00,delivery,57,Inventory received for purchase order 1088
4513,3,26,2026-05-09 07:30:00,delivery,57,Inventory received for purchase order 1088
4514,3,41,2026-05-09 07:30:00,delivery,52,Inventory received for purchase order 1088
4515,3,7,2026-05-09 07:30:00,delivery,72,Inventory received for purchase order 1089
4516,3,25,2026-05-09 07:30:00,delivery,72,Inventory received for purchase order 1089
4517,3,30,2026-05-09 07:30:00,delivery,72,Inventory received for purchase order 1089
4518,3,36,2026-05-09 07:30:00,delivery,70,Inventory received for purchase order 1089
4519,3,16,2026-05-09 07:30:00,delivery,84,Inventory received for purchase order 1090
4520,3,18,2026-05-09 07:30:00,delivery,48,Inventory received for purchase order 1090
4521,3,22,2026-05-09 07:30:00,delivery,78,Inventory received for purchase order 1090
4522,3,43,2026-05-09 07:30:00,delivery,70,Inventory received for purchase order 1090
4523,3,19,2026-05-10 07:30:00,delivery,72,Inventory received for purchase order 1091
4524,3,27,2026-05-10 07:30:00,delivery,78,Inventory received for purchase order 1091
4525,3,34,2026-05-10 07:30:00,delivery,60,Inventory received for purchase order 1091
4526,3,35,2026-05-10 07:30:00,delivery,60,Inventory received for purchase order 1091
4527,3,28,2026-05-11 07:30:00,delivery,54,Inventory received for purchase order 1092
4528,3,29,2026-05-11 07:30:00,delivery,60,Inventory received for purchase order 1092
4529,3,40,2026-05-11 07:30:00,delivery,47,Inventory received for purchase order 1092
4530,3,17,2026-05-08 07:30:00,delivery,48,Inventory received for purchase order 1093
4531,3,32,2026-05-08 07:30:00,delivery,48,Inventory received for purchase order 1093
4532,3,33,2026-05-08 07:30:00,delivery,60,Inventory received for purchase order 1093
4533,3,2,2026-05-09 07:30:00,delivery,60,Inventory received for purchase order 1094
4534,3,13,2026-05-09 07:30:00,delivery,108,Inventory received for purchase order 1094
4535,3,21,2026-05-09 07:30:00,delivery,72,Inventory received for purchase order 1094
4536,3,23,2026-05-09 07:30:00,delivery,48,Inventory received for purchase order 1094
4537,3,37,2026-05-09 07:30:00,delivery,108,Inventory received for purchase order 1094
4538,3,39,2026-05-09 07:30:00,delivery,60,Inventory received for purchase order 1094
4539,3,45,2026-05-09 07:30:00,delivery,72,Inventory received for purchase order 1095
4540,3,48,2026-05-09 07:30:00,delivery,60,Inventory received for purchase order 1095
4541,3,1,2026-05-09 07:30:00,delivery,72,Inventory received for purchase order 1096
4542,3,5,2026-05-09 07:30:00,delivery,64,Inventory received for purchase order 1096
4543,3,31,2026-05-09 07:30:00,delivery,72,Inventory received for purchase order 1096
4544,3,44,2026-05-09 07:30:00,delivery,60,Inventory received for purchase order 1096
4545,3,46,2026-05-09 07:30:00,delivery,48,Inventory received for purchase order 1096
4546,3,47,2026-05-09 07:30:00,delivery,80,Inventory received for purchase order 1096
4547,3,3,2026-05-17 07:30:00,delivery,60,Inventory received for purchase order 1097
4548,3,9,2026-05-17 07:30:00,delivery,40,Inventory received for purchase order 1097
4549,3,20,2026-05-17 07:30:00,delivery,72,Inventory received for purchase order 1097
4550,3,21,2026-05-17 07:30:00,delivery,32,Inventory received for purchase order 1097
4551,3,2,2026-05-18 07:30:00,delivery,40,Inventory received for purchase order 1098
4552,3,7,2026-05-18 07:30:00,delivery,40,Inventory received for purchase order 1098
4553,3,14,2026-05-18 07:30:00,delivery,72,Inventory received for purchase order 1098
4554,3,22,2026-05-18 07:30:00,delivery,42,Inventory received for purchase order 1098
4555,3,27,2026-05-18 07:30:00,delivery,72,Inventory received for purchase order 1098
4556,3,48,2026-05-18 07:30:00,delivery,72,Inventory received for purchase order 1098
4557,3,25,2026-05-15 07:30:00,delivery,48,Inventory received for purchase order 1099
4558,3,26,2026-05-15 07:30:00,delivery,72,Inventory received for purchase order 1099
4559,3,30,2026-05-15 07:30:00,delivery,72,Inventory received for purchase order 1099
4560,3,34,2026-05-16 07:30:00,delivery,80,Inventory received for purchase order 1100
4561,3,46,2026-05-16 07:30:00,delivery,72,Inventory received for purchase order 1100
4562,3,13,2026-05-16 07:30:00,delivery,20,Inventory received for purchase order 1101
4563,3,28,2026-05-16 07:30:00,delivery,72,Inventory received for purchase order 1101
4564,3,35,2026-05-16 07:30:00,delivery,80,Inventory received for purchase order 1101
4565,3,44,2026-05-16 07:30:00,delivery,72,Inventory received for purchase order 1101
4566,3,16,2026-05-16 07:30:00,delivery,79,Inventory received for purchase order 1102
4567,3,24,2026-05-16 07:30:00,delivery,48,Inventory received for purchase order 1102
4568,3,29,2026-05-16 07:30:00,delivery,60,Inventory received for purchase order 1102
4569,3,36,2026-05-16 07:30:00,delivery,72,Inventory received for purchase order 1102
4570,3,43,2026-05-16 07:30:00,delivery,48,Inventory received for purchase order 1102
4571,3,45,2026-05-16 07:30:00,delivery,48,Inventory received for purchase order 1102
4572,3,11,2026-05-17 07:30:00,delivery,60,Inventory received for purchase order 1103
4573,3,17,2026-05-17 07:30:00,delivery,48,Inventory received for purchase order 1103
4574,3,32,2026-05-17 07:30:00,delivery,72,Inventory received for purchase order 1103
4575,3,33,2026-05-17 07:30:00,delivery,78,Inventory received for purchase order 1103
4576,3,37,2026-05-17 07:30:00,delivery,48,Inventory received for purchase order 1103
4577,3,5,2026-05-18 07:30:00,delivery,72,Inventory received for purchase order 1104
4578,3,18,2026-05-18 07:30:00,delivery,56,Inventory received for purchase order 1104
4579,3,23,2026-05-18 07:30:00,delivery,72,Inventory received for purchase order 1104
4580,3,31,2026-05-18 07:30:00,delivery,36,Inventory received for purchase order 1104
4581,3,1,2026-05-15 07:30:00,delivery,69,Inventory received for purchase order 1105
4582,3,10,2026-05-15 07:30:00,delivery,69,Inventory received for purchase order 1105
4583,3,19,2026-05-15 07:30:00,delivery,48,Inventory received for purchase order 1105
4584,3,39,2026-05-15 07:30:00,delivery,57,Inventory received for purchase order 1105
4585,3,40,2026-05-15 07:30:00,delivery,46,Inventory received for purchase order 1105
4586,3,41,2026-05-15 07:30:00,delivery,46,Inventory received for purchase order 1105
4587,3,47,2026-05-16 07:30:00,delivery,56,Inventory received for purchase order 1106
4588,3,3,2026-05-23 07:30:00,delivery,60,Inventory received for purchase order 1107
4589,3,9,2026-05-23 07:30:00,delivery,60,Inventory received for purchase order 1107
4590,3,11,2026-05-23 07:30:00,delivery,40,Inventory received for purchase order 1107
4591,3,15,2026-05-23 07:30:00,delivery,96,Inventory received for purchase order 1107
4592,3,10,2026-05-23 07:30:00,delivery,64,Inventory received for purchase order 1108
4593,3,14,2026-05-23 07:30:00,delivery,72,Inventory received for purchase order 1108
4594,3,24,2026-05-23 07:30:00,delivery,60,Inventory received for purchase order 1108
4595,3,26,2026-05-23 07:30:00,delivery,60,Inventory received for purchase order 1108
4596,3,37,2026-05-23 07:30:00,delivery,72,Inventory received for purchase order 1108
4597,3,41,2026-05-23 07:30:00,delivery,72,Inventory received for purchase order 1108
4598,3,7,2026-05-24 07:30:00,delivery,108,Inventory received for purchase order 1109
4599,3,25,2026-05-24 07:30:00,delivery,60,Inventory received for purchase order 1109
4600,3,30,2026-05-24 07:30:00,delivery,36,Inventory received for purchase order 1109
4601,3,36,2026-05-24 07:30:00,delivery,60,Inventory received for purchase order 1109
4602,3,16,2026-05-25 07:30:00,delivery,60,Inventory received for purchase order 1110
4603,3,18,2026-05-25 07:30:00,delivery,71,Inventory received for purchase order 1110
4604,3,22,2026-05-25 07:30:00,delivery,48,Inventory received for purchase order 1110
4605,3,43,2026-05-25 07:30:00,delivery,60,Inventory received for purchase order 1110
4606,3,19,2026-05-22 07:30:00,delivery,72,Inventory received for purchase order 1111
4607,3,20,2026-05-22 07:30:00,delivery,10,Inventory received for purchase order 1111
4608,3,27,2026-05-22 07:30:00,delivery,60,Inventory received for purchase order 1111
4609,3,34,2026-05-22 07:30:00,delivery,84,Inventory received for purchase order 1111
4610,3,35,2026-05-22 07:30:00,delivery,60,Inventory received for purchase order 1111
4611,3,28,2026-05-23 07:30:00,delivery,54,Inventory received for purchase order 1112
4612,3,29,2026-05-23 07:30:00,delivery,60,Inventory received for purchase order 1112
4613,3,40,2026-05-23 07:30:00,delivery,48,Inventory received for purchase order 1112
4614,3,17,2026-05-23 07:30:00,delivery,72,Inventory received for purchase order 1113
4615,3,33,2026-05-23 07:30:00,delivery,66,Inventory received for purchase order 1113
4616,3,2,2026-05-23 07:30:00,delivery,40,Inventory received for purchase order 1114
4617,3,13,2026-05-23 07:30:00,delivery,72,Inventory received for purchase order 1114
4618,3,21,2026-05-23 07:30:00,delivery,96,Inventory received for purchase order 1114
4619,3,23,2026-05-23 07:30:00,delivery,40,Inventory received for purchase order 1114
4620,3,39,2026-05-23 07:30:00,delivery,60,Inventory received for purchase order 1114
4621,3,45,2026-05-23 07:30:00,delivery,72,Inventory received for purchase order 1114
4622,3,48,2026-05-24 07:30:00,delivery,50,Inventory received for purchase order 1115
4623,3,1,2026-05-25 07:30:00,delivery,72,Inventory received for purchase order 1116
4624,3,5,2026-05-25 07:30:00,delivery,64,Inventory received for purchase order 1116
4625,3,31,2026-05-25 07:30:00,delivery,72,Inventory received for purchase order 1116
4626,3,32,2026-05-25 07:30:00,delivery,60,Inventory received for purchase order 1116
4627,3,44,2026-05-25 07:30:00,delivery,60,Inventory received for purchase order 1116
4628,3,46,2026-05-25 07:30:00,delivery,48,Inventory received for purchase order 1116
4629,3,47,2026-05-22 07:30:00,delivery,64,Inventory received for purchase order 1117
4630,3,3,2026-05-30 07:30:00,delivery,60,Inventory received for purchase order 1118
4631,3,9,2026-05-30 07:30:00,delivery,50,Inventory received for purchase order 1118
4632,3,15,2026-05-30 07:30:00,delivery,48,Inventory received for purchase order 1118
4633,3,20,2026-05-30 07:30:00,delivery,72,Inventory received for purchase order 1118
4634,3,21,2026-05-30 07:30:00,delivery,56,Inventory received for purchase order 1118
4635,3,2,2026-05-30 07:30:00,delivery,60,Inventory received for purchase order 1119
4636,3,7,2026-05-30 07:30:00,delivery,24,Inventory received for purchase order 1119
4637,3,14,2026-05-30 07:30:00,delivery,72,Inventory received for purchase order 1119
4638,3,22,2026-05-30 07:30:00,delivery,60,Inventory received for purchase order 1119
4639,3,27,2026-05-30 07:30:00,delivery,108,Inventory received for purchase order 1119
4640,3,48,2026-05-30 07:30:00,delivery,71,Inventory received for purchase order 1119
4641,3,25,2026-05-30 07:30:00,delivery,84,Inventory received for purchase order 1120
4642,3,26,2026-05-30 07:30:00,delivery,108,Inventory received for purchase order 1120
4643,3,30,2026-05-30 07:30:00,delivery,72,Inventory received for purchase order 1120
4644,3,34,2026-05-31 07:30:00,delivery,60,Inventory received for purchase order 1121
4645,3,44,2026-05-31 07:30:00,delivery,48,Inventory received for purchase order 1121
4646,3,46,2026-05-31 07:30:00,delivery,72,Inventory received for purchase order 1121
4647,3,13,2026-06-01 07:30:00,delivery,57,Inventory received for purchase order 1122
4648,3,28,2026-06-01 07:30:00,delivery,77,Inventory received for purchase order 1122
4649,3,16,2026-05-29 07:30:00,delivery,80,Inventory received for purchase order 1123
4650,3,24,2026-05-29 07:30:00,delivery,48,Inventory received for purchase order 1123
4651,3,29,2026-05-29 07:30:00,delivery,20,Inventory received for purchase order 1123
4652,3,36,2026-05-29 07:30:00,delivery,72,Inventory received for purchase order 1123
4653,3,43,2026-05-29 07:30:00,delivery,72,Inventory received for purchase order 1123
4654,3,45,2026-05-29 07:30:00,delivery,32,Inventory received for purchase order 1123
4655,3,11,2026-05-30 07:30:00,delivery,54,Inventory received for purchase order 1124
4656,3,17,2026-05-30 07:30:00,delivery,72,Inventory received for purchase order 1124
4657,3,32,2026-05-30 07:30:00,delivery,72,Inventory received for purchase order 1124
4658,3,33,2026-05-30 07:30:00,delivery,54,Inventory received for purchase order 1124
4659,3,18,2026-05-30 07:30:00,delivery,64,Inventory received for purchase order 1125
4660,3,23,2026-05-30 07:30:00,delivery,96,Inventory received for purchase order 1125
4661,3,35,2026-05-30 07:30:00,delivery,48,Inventory received for purchase order 1125
4662,3,37,2026-05-30 07:30:00,delivery,72,Inventory received for purchase order 1125
4663,3,39,2026-05-30 07:30:00,delivery,30,Inventory received for purchase order 1125
4664,3,1,2026-05-30 07:30:00,delivery,36,Inventory received for purchase order 1126
4665,3,5,2026-05-30 07:30:00,delivery,80,Inventory received for purchase order 1126
4666,3,10,2026-05-30 07:30:00,delivery,72,Inventory received for purchase order 1126
4667,3,19,2026-05-30 07:30:00,delivery,60,Inventory received for purchase order 1126
4668,3,31,2026-05-30 07:30:00,delivery,48,Inventory received for purchase order 1126
4669,3,40,2026-05-30 07:30:00,delivery,72,Inventory received for purchase order 1126
4670,3,41,2026-05-31 07:30:00,delivery,64,Inventory received for purchase order 1127
4671,3,47,2026-05-31 07:30:00,delivery,48,Inventory received for purchase order 1127
4672,3,3,2026-06-08 07:30:00,delivery,80,Inventory received for purchase order 1128
4673,3,9,2026-06-08 07:30:00,delivery,100,Inventory received for purchase order 1128
4674,3,11,2026-06-08 07:30:00,delivery,80,Inventory received for purchase order 1128
4675,3,15,2026-06-08 07:30:00,delivery,48,Inventory received for purchase order 1128
4676,3,21,2026-06-08 07:30:00,delivery,72,Inventory received for purchase order 1128
4677,3,10,2026-06-05 07:30:00,delivery,71,Inventory received for purchase order 1129
4678,3,14,2026-06-05 07:30:00,delivery,96,Inventory received for purchase order 1129
4679,3,24,2026-06-05 07:30:00,delivery,40,Inventory received for purchase order 1129
4680,3,26,2026-06-05 07:30:00,delivery,48,Inventory received for purchase order 1129
4681,3,27,2026-06-05 07:30:00,delivery,72,Inventory received for purchase order 1129
4682,3,37,2026-06-05 07:30:00,delivery,56,Inventory received for purchase order 1129
4683,3,41,2026-06-06 07:30:00,delivery,90,Inventory received for purchase order 1130
4684,3,7,2026-06-06 07:30:00,delivery,72,Inventory received for purchase order 1131
4685,3,25,2026-06-06 07:30:00,delivery,48,Inventory received for purchase order 1131
4686,3,29,2026-06-06 07:30:00,delivery,144,Inventory received for purchase order 1131
4687,3,30,2026-06-06 07:30:00,delivery,36,Inventory received for purchase order 1131
4688,3,36,2026-06-06 07:30:00,delivery,30,Inventory received for purchase order 1131
4689,3,16,2026-06-06 07:30:00,delivery,72,Inventory received for purchase order 1132
4690,3,18,2026-06-06 07:30:00,delivery,72,Inventory received for purchase order 1132
4691,3,22,2026-06-06 07:30:00,delivery,60,Inventory received for purchase order 1132
4692,3,43,2026-06-06 07:30:00,delivery,100,Inventory received for purchase order 1132
4693,3,19,2026-06-07 07:30:00,delivery,72,Inventory received for purchase order 1133
4694,3,20,2026-06-07 07:30:00,delivery,40,Inventory received for purchase order 1133
4695,3,34,2026-06-07 07:30:00,delivery,48,Inventory received for purchase order 1133
4696,3,35,2026-06-07 07:30:00,delivery,60,Inventory received for purchase order 1133
4697,3,28,2026-06-08 07:30:00,delivery,84,Inventory received for purchase order 1134
4698,3,40,2026-06-08 07:30:00,delivery,64,Inventory received for purchase order 1134
4699,3,17,2026-06-05 07:30:00,delivery,72,Inventory received for purchase order 1135
4700,3,32,2026-06-05 07:30:00,delivery,66,Inventory received for purchase order 1135
4701,3,33,2026-06-05 07:30:00,delivery,54,Inventory received for purchase order 1135
4702,3,2,2026-06-06 07:30:00,delivery,60,Inventory received for purchase order 1136
4703,3,5,2026-06-06 07:30:00,delivery,108,Inventory received for purchase order 1136
4704,3,13,2026-06-06 07:30:00,delivery,72,Inventory received for purchase order 1136
4705,3,23,2026-06-06 07:30:00,delivery,48,Inventory received for purchase order 1136
4706,3,39,2026-06-06 07:30:00,delivery,80,Inventory received for purchase order 1136
4707,3,45,2026-06-06 07:30:00,delivery,48,Inventory received for purchase order 1136
4708,3,48,2026-06-06 07:30:00,delivery,60,Inventory received for purchase order 1137
4709,3,1,2026-06-06 07:30:00,delivery,72,Inventory received for purchase order 1138
4710,3,31,2026-06-06 07:30:00,delivery,72,Inventory received for purchase order 1138
4711,3,44,2026-06-06 07:30:00,delivery,70,Inventory received for purchase order 1138
4712,3,46,2026-06-06 07:30:00,delivery,72,Inventory received for purchase order 1138
4713,3,47,2026-06-06 07:30:00,delivery,64,Inventory received for purchase order 1138
4714,3,3,2026-06-14 07:30:00,delivery,56,Inventory received for purchase order 1139
4715,3,9,2026-06-14 07:30:00,delivery,77,Inventory received for purchase order 1139
4716,3,15,2026-06-14 07:30:00,delivery,46,Inventory received for purchase order 1139
4717,3,21,2026-06-14 07:30:00,delivery,38,Inventory received for purchase order 1139
4718,3,7,2026-06-15 07:30:00,delivery,64,Inventory received for purchase order 1140
4719,3,14,2026-06-15 07:30:00,delivery,48,Inventory received for purchase order 1140
4720,3,22,2026-06-15 07:30:00,delivery,48,Inventory received for purchase order 1140
4721,3,24,2026-06-15 07:30:00,delivery,70,Inventory received for purchase order 1140
4722,3,27,2026-06-15 07:30:00,delivery,36,Inventory received for purchase order 1140
4723,3,48,2026-06-15 07:30:00,delivery,48,Inventory received for purchase order 1140
4724,3,25,2026-06-12 07:30:00,delivery,60,Inventory received for purchase order 1141
4725,3,26,2026-06-12 07:30:00,delivery,72,Inventory received for purchase order 1141
4726,3,30,2026-06-12 07:30:00,delivery,72,Inventory received for purchase order 1141
4727,3,34,2026-06-13 07:30:00,delivery,100,Inventory received for purchase order 1142
4728,3,46,2026-06-13 07:30:00,delivery,48,Inventory received for purchase order 1142
4729,3,13,2026-06-13 07:30:00,delivery,60,Inventory received for purchase order 1143
4730,3,20,2026-06-13 07:30:00,delivery,70,Inventory received for purchase order 1143
4731,3,28,2026-06-13 07:30:00,delivery,72,Inventory received for purchase order 1143
4732,3,35,2026-06-13 07:30:00,delivery,40,Inventory received for purchase order 1143
4733,3,44,2026-06-13 07:30:00,delivery,72,Inventory received for purchase order 1143
4734,3,16,2026-06-13 07:30:00,delivery,80,Inventory received for purchase order 1144
4735,3,29,2026-06-13 07:30:00,delivery,40,Inventory received for purchase order 1144
4736,3,36,2026-06-13 07:30:00,delivery,64,Inventory received for purchase order 1144
4737,3,43,2026-06-13 07:30:00,delivery,96,Inventory received for purchase order 1144
4738,3,45,2026-06-13 07:30:00,delivery,40,Inventory received for purchase order 1144
4739,3,11,2026-06-14 07:30:00,delivery,66,Inventory received for purchase order 1145
4740,3,17,2026-06-14 07:30:00,delivery,48,Inventory received for purchase order 1145
4741,3,33,2026-06-14 07:30:00,delivery,54,Inventory received for purchase order 1145
4742,3,2,2026-06-15 07:30:00,delivery,60,Inventory received for purchase order 1146
4743,3,18,2026-06-15 07:30:00,delivery,40,Inventory received for purchase order 1146
4744,3,23,2026-06-15 07:30:00,delivery,64,Inventory received for purchase order 1146
4745,3,37,2026-06-15 07:30:00,delivery,72,Inventory received for purchase order 1146
4746,3,1,2026-06-12 07:30:00,delivery,72,Inventory received for purchase order 1147
4747,3,5,2026-06-12 07:30:00,delivery,48,Inventory received for purchase order 1147
4748,3,10,2026-06-12 07:30:00,delivery,72,Inventory received for purchase order 1147
4749,3,19,2026-06-12 07:30:00,delivery,40,Inventory received for purchase order 1147
4750,3,31,2026-06-12 07:30:00,delivery,24,Inventory received for purchase order 1147
4751,3,32,2026-06-12 07:30:00,delivery,39,Inventory received for purchase order 1147
4752,3,39,2026-06-13 07:30:00,delivery,40,Inventory received for purchase order 1148
4753,3,40,2026-06-13 07:30:00,delivery,48,Inventory received for purchase order 1148
4754,3,41,2026-06-13 07:30:00,delivery,88,Inventory received for purchase order 1148
4755,3,47,2026-06-13 07:30:00,delivery,72,Inventory received for purchase order 1148
4756,3,3,2026-06-20 07:30:00,delivery,60,Inventory received for purchase order 1149
4757,3,9,2026-06-20 07:30:00,delivery,60,Inventory received for purchase order 1149
4758,3,11,2026-06-20 07:30:00,delivery,80,Inventory received for purchase order 1149
4759,3,15,2026-06-20 07:30:00,delivery,96,Inventory received for purchase order 1149
4760,3,10,2026-06-20 07:30:00,delivery,32,Inventory received for purchase order 1150
4761,3,14,2026-06-20 07:30:00,delivery,72,Inventory received for purchase order 1150
4762,3,26,2026-06-20 07:30:00,delivery,24,Inventory received for purchase order 1150
4763,3,37,2026-06-20 07:30:00,delivery,48,Inventory received for purchase order 1150
4764,3,41,2026-06-20 07:30:00,delivery,72,Inventory received for purchase order 1150
4765,3,7,2026-06-21 07:30:00,delivery,108,Inventory received for purchase order 1151
4766,3,25,2026-06-21 07:30:00,delivery,36,Inventory received for purchase order 1151
4767,3,29,2026-06-21 07:30:00,delivery,96,Inventory received for purchase order 1151
4768,3,30,2026-06-21 07:30:00,delivery,72,Inventory received for purchase order 1151
4769,3,36,2026-06-21 07:30:00,delivery,70,Inventory received for purchase order 1151
4770,3,16,2026-06-22 07:30:00,delivery,60,Inventory received for purchase order 1152
4771,3,18,2026-06-22 07:30:00,delivery,66,Inventory received for purchase order 1152
4772,3,22,2026-06-22 07:30:00,delivery,72,Inventory received for purchase order 1152
4773,3,19,2026-06-19 07:30:00,delivery,72,Inventory received for purchase order 1153
4774,3,20,2026-06-19 07:30:00,delivery,50,Inventory received for purchase order 1153
4775,3,27,2026-06-19 07:30:00,delivery,60,Inventory received for purchase order 1153
4776,3,34,2026-06-19 07:30:00,delivery,48,Inventory received for purchase order 1153
4777,3,24,2026-06-20 07:30:00,delivery,72,Inventory received for purchase order 1154
4778,3,28,2026-06-20 07:30:00,delivery,42,Inventory received for purchase order 1154
4779,3,40,2026-06-20 07:30:00,delivery,64,Inventory received for purchase order 1154
4780,3,43,2026-06-20 07:30:00,delivery,48,Inventory received for purchase order 1154
4781,3,17,2026-06-20 07:30:00,delivery,72,Inventory received for purchase order 1155
4782,3,33,2026-06-20 07:30:00,delivery,72,Inventory received for purchase order 1155
4783,3,2,2026-06-20 07:30:00,delivery,57,Inventory received for purchase order 1156
4784,3,13,2026-06-20 07:30:00,delivery,69,Inventory received for purchase order 1156
4785,3,21,2026-06-20 07:30:00,delivery,69,Inventory received for purchase order 1156
4786,3,23,2026-06-20 07:30:00,delivery,54,Inventory received for purchase order 1156
4787,3,35,2026-06-20 07:30:00,delivery,46,Inventory received for purchase order 1156
4788,3,39,2026-06-20 07:30:00,delivery,37,Inventory received for purchase order 1156
4789,3,45,2026-06-21 07:30:00,delivery,60,Inventory received for purchase order 1157
4790,3,48,2026-06-21 07:30:00,delivery,60,Inventory received for purchase order 1157
4791,3,1,2026-06-22 07:30:00,delivery,72,Inventory received for purchase order 1158
4792,3,5,2026-06-22 07:30:00,delivery,64,Inventory received for purchase order 1158
4793,3,31,2026-06-22 07:30:00,delivery,72,Inventory received for purchase order 1158
4794,3,32,2026-06-22 07:30:00,delivery,40,Inventory received for purchase order 1158
4795,3,44,2026-06-22 07:30:00,delivery,60,Inventory received for purchase order 1158
4796,3,46,2026-06-22 07:30:00,delivery,72,Inventory received for purchase order 1158
4797,3,47,2026-06-19 07:30:00,delivery,64,Inventory received for purchase order 1159
4798,3,3,2026-06-27 07:30:00,delivery,40,Inventory received for purchase order 1160
4799,3,9,2026-06-27 07:30:00,delivery,70,Inventory received for purchase order 1160
4800,3,15,2026-06-27 07:30:00,delivery,48,Inventory received for purchase order 1160
4801,3,20,2026-06-27 07:30:00,delivery,72,Inventory received for purchase order 1160
4802,3,21,2026-06-27 07:30:00,delivery,40,Inventory received for purchase order 1160
4803,3,2,2026-06-27 07:30:00,delivery,60,Inventory received for purchase order 1161
4804,3,14,2026-06-27 07:30:00,delivery,48,Inventory received for purchase order 1161
4805,3,22,2026-06-27 07:30:00,delivery,66,Inventory received for purchase order 1161
4806,3,24,2026-06-27 07:30:00,delivery,50,Inventory received for purchase order 1161
4807,3,27,2026-06-27 07:30:00,delivery,72,Inventory received for purchase order 1161
4808,3,48,2026-06-27 07:30:00,delivery,72,Inventory received for purchase order 1161
4809,3,7,2026-06-27 07:30:00,delivery,36,Inventory received for purchase order 1162
4810,3,25,2026-06-27 07:30:00,delivery,48,Inventory received for purchase order 1162
4811,3,26,2026-06-27 07:30:00,delivery,72,Inventory received for purchase order 1162
4812,3,30,2026-06-27 07:30:00,delivery,72,Inventory received for purchase order 1162
4813,3,34,2026-06-28 07:30:00,delivery,80,Inventory received for purchase order 1163
4814,3,44,2026-06-28 07:30:00,delivery,96,Inventory received for purchase order 1163
4815,3,46,2026-06-28 07:30:00,delivery,48,Inventory received for purchase order 1163
4816,3,13,2026-06-29 07:30:00,delivery,60,Inventory received for purchase order 1164
4817,3,28,2026-06-29 07:30:00,delivery,72,Inventory received for purchase order 1164
4818,3,35,2026-06-29 07:30:00,delivery,60,Inventory received for purchase order 1164
4819,3,16,2026-06-26 07:30:00,delivery,80,Inventory received for purchase order 1165
4820,3,29,2026-06-26 07:30:00,delivery,40,Inventory received for purchase order 1165
4821,3,36,2026-06-26 07:30:00,delivery,64,Inventory received for purchase order 1165
4822,3,43,2026-06-26 07:30:00,delivery,24,Inventory received for purchase order 1165
4823,3,45,2026-06-26 07:30:00,delivery,64,Inventory received for purchase order 1165
4824,3,11,2026-06-27 07:30:00,delivery,54,Inventory received for purchase order 1166
4825,3,17,2026-06-27 07:30:00,delivery,95,Inventory received for purchase order 1166
4826,3,32,2026-06-27 07:30:00,delivery,78,Inventory received for purchase order 1166
4827,3,33,2026-06-27 07:30:00,delivery,54,Inventory received for purchase order 1166
4828,3,37,2026-06-27 07:30:00,delivery,96,Inventory received for purchase order 1166
4829,3,18,2026-06-27 07:30:00,delivery,72,Inventory received for purchase order 1167
4830,3,23,2026-06-27 07:30:00,delivery,48,Inventory received for purchase order 1167
4831,3,31,2026-06-27 07:30:00,delivery,60,Inventory received for purchase order 1167
4832,3,1,2026-06-27 07:30:00,delivery,36,Inventory received for purchase order 1168
4833,3,5,2026-06-27 07:30:00,delivery,56,Inventory received for purchase order 1168
4834,3,10,2026-06-27 07:30:00,delivery,72,Inventory received for purchase order 1168
4835,3,19,2026-06-27 07:30:00,delivery,50,Inventory received for purchase order 1168
4836,3,39,2026-06-27 07:30:00,delivery,60,Inventory received for purchase order 1168
4837,3,40,2026-06-27 07:30:00,delivery,72,Inventory received for purchase order 1168
4838,3,41,2026-06-28 07:30:00,delivery,48,Inventory received for purchase order 1169
4839,3,47,2026-06-28 07:30:00,delivery,72,Inventory received for purchase order 1169
4840,3,3,2026-07-06 07:30:00,delivery,60,Inventory received for purchase order 1170
4841,3,9,2026-07-06 07:30:00,delivery,50,Inventory received for purchase order 1170
4842,3,11,2026-07-06 07:30:00,delivery,80,Inventory received for purchase order 1170
4843,3,15,2026-07-06 07:30:00,delivery,96,Inventory received for purchase order 1170
4844,3,10,2026-07-03 07:30:00,delivery,72,Inventory received for purchase order 1171
4845,3,14,2026-07-03 07:30:00,delivery,72,Inventory received for purchase order 1171
4846,3,24,2026-07-03 07:30:00,delivery,80,Inventory received for purchase order 1171
4847,3,26,2026-07-03 07:30:00,delivery,42,Inventory received for purchase order 1171
4848,3,27,2026-07-03 07:30:00,delivery,72,Inventory received for purchase order 1171
4849,3,37,2026-07-03 07:30:00,delivery,48,Inventory received for purchase order 1171
4850,3,41,2026-07-04 07:30:00,delivery,60,Inventory received for purchase order 1172
4851,3,7,2026-07-04 07:30:00,delivery,105,Inventory received for purchase order 1173
4852,3,25,2026-07-04 07:30:00,delivery,57,Inventory received for purchase order 1173
4853,3,29,2026-07-04 07:30:00,delivery,93,Inventory received for purchase order 1173
4854,3,30,2026-07-04 07:30:00,delivery,69,Inventory received for purchase order 1173
4855,3,36,2026-07-04 07:30:00,delivery,48,Inventory received for purchase order 1173
4856,3,16,2026-07-04 07:30:00,delivery,48,Inventory received for purchase order 1174
4857,3,18,2026-07-04 07:30:00,delivery,66,Inventory received for purchase order 1174
4858,3,22,2026-07-04 07:30:00,delivery,54,Inventory received for purchase order 1174
4859,3,43,2026-07-04 07:30:00,delivery,90,Inventory received for purchase order 1174
4860,3,19,2026-07-05 07:30:00,delivery,72,Inventory received for purchase order 1175
4861,3,20,2026-07-05 07:30:00,delivery,50,Inventory received for purchase order 1175
4862,3,34,2026-07-05 07:30:00,delivery,59,Inventory received for purchase order 1175
4863,3,47,2026-07-05 07:30:00,delivery,100,Inventory received for purchase order 1175
4864,3,28,2026-07-06 07:30:00,delivery,60,Inventory received for purchase order 1176
4865,3,40,2026-07-06 07:30:00,delivery,32,Inventory received for purchase order 1176
4866,3,17,2026-07-03 07:30:00,delivery,48,Inventory received for purchase order 1177
4867,3,33,2026-07-03 07:30:00,delivery,54,Inventory received for purchase order 1177
4868,3,2,2026-07-04 07:30:00,delivery,60,Inventory received for purchase order 1178
4869,3,13,2026-07-04 07:30:00,delivery,72,Inventory received for purchase order 1178
4870,3,21,2026-07-04 07:30:00,delivery,72,Inventory received for purchase order 1178
4871,3,23,2026-07-04 07:30:00,delivery,96,Inventory received for purchase order 1178
4872,3,31,2026-07-04 07:30:00,delivery,96,Inventory received for purchase order 1178
4873,3,35,2026-07-04 07:30:00,delivery,48,Inventory received for purchase order 1178
4874,3,39,2026-07-04 07:30:00,delivery,60,Inventory received for purchase order 1179
4875,3,45,2026-07-04 07:30:00,delivery,96,Inventory received for purchase order 1179
4876,3,48,2026-07-04 07:30:00,delivery,60,Inventory received for purchase order 1179
4877,3,1,2026-07-04 07:30:00,delivery,72,Inventory received for purchase order 1180
4878,3,5,2026-07-04 07:30:00,delivery,72,Inventory received for purchase order 1180
4879,3,32,2026-07-04 07:30:00,delivery,80,Inventory received for purchase order 1180
4880,3,44,2026-07-04 07:30:00,delivery,50,Inventory received for purchase order 1180
4881,3,46,2026-07-04 07:30:00,delivery,72,Inventory received for purchase order 1180
4882,3,3,2026-07-12 07:30:00,delivery,40,Inventory received for purchase order 1181
4883,3,9,2026-07-12 07:30:00,delivery,70,Inventory received for purchase order 1181
4884,3,15,2026-07-12 07:30:00,delivery,48,Inventory received for purchase order 1181
4885,3,21,2026-07-12 07:30:00,delivery,64,Inventory received for purchase order 1181
4886,3,2,2026-07-13 07:30:00,delivery,80,Inventory received for purchase order 1182
4887,3,7,2026-07-13 07:30:00,delivery,8,Inventory received for purchase order 1182
4888,3,14,2026-07-13 07:30:00,delivery,72,Inventory received for purchase order 1182
4889,3,22,2026-07-13 07:30:00,delivery,60,Inventory received for purchase order 1182
4890,3,24,2026-07-13 07:30:00,delivery,70,Inventory received for purchase order 1182
4891,3,27,2026-07-13 07:30:00,delivery,72,Inventory received for purchase order 1182
4892,3,48,2026-07-10 07:30:00,delivery,72,Inventory received for purchase order 1183
4893,3,25,2026-07-11 07:30:00,delivery,60,Inventory received for purchase order 1184
4894,3,26,2026-07-11 07:30:00,delivery,108,Inventory received for purchase order 1184
4895,3,30,2026-07-11 07:30:00,delivery,72,Inventory received for purchase order 1184
4896,3,34,2026-07-11 07:30:00,delivery,60,Inventory received for purchase order 1185
4897,3,46,2026-07-11 07:30:00,delivery,96,Inventory received for purchase order 1185
4898,3,13,2026-07-11 07:30:00,delivery,40,Inventory received for purchase order 1186
4899,3,20,2026-07-11 07:30:00,delivery,79,Inventory received for purchase order 1186
4900,3,28,2026-07-11 07:30:00,delivery,72,Inventory received for purchase order 1186
4901,3,35,2026-07-11 07:30:00,delivery,40,Inventory received for purchase order 1186
4902,3,44,2026-07-11 07:30:00,delivery,72,Inventory received for purchase order 1186
4903,3,16,2026-07-12 07:30:00,delivery,60,Inventory received for purchase order 1187
4904,3,36,2026-07-12 07:30:00,delivery,80,Inventory received for purchase order 1187
4905,3,43,2026-07-12 07:30:00,delivery,48,Inventory received for purchase order 1187
4906,3,45,2026-07-12 07:30:00,delivery,88,Inventory received for purchase order 1187
4907,3,11,2026-07-13 07:30:00,delivery,36,Inventory received for purchase order 1188
4908,3,17,2026-07-13 07:30:00,delivery,72,Inventory received for purchase order 1188
4909,3,32,2026-07-13 07:30:00,delivery,60,Inventory received for purchase order 1188
4910,3,33,2026-07-13 07:30:00,delivery,60,Inventory received for purchase order 1188
4911,3,5,2026-07-10 07:30:00,delivery,72,Inventory received for purchase order 1189
4912,3,18,2026-07-10 07:30:00,delivery,64,Inventory received for purchase order 1189
4913,3,23,2026-07-10 07:30:00,delivery,72,Inventory received for purchase order 1189
4914,3,37,2026-07-10 07:30:00,delivery,72,Inventory received for purchase order 1189
4915,3,39,2026-07-10 07:30:00,delivery,70,Inventory received for purchase order 1189
4916,3,1,2026-07-11 07:30:00,delivery,69,Inventory received for purchase order 1190
4917,3,10,2026-07-11 07:30:00,delivery,69,Inventory received for purchase order 1190
4918,3,19,2026-07-11 07:30:00,delivery,57,Inventory received for purchase order 1190
4919,3,31,2026-07-11 07:30:00,delivery,46,Inventory received for purchase order 1190
4920,3,40,2026-07-11 07:30:00,delivery,69,Inventory received for purchase order 1190
4921,3,41,2026-07-11 07:30:00,delivery,54,Inventory received for purchase order 1190
4922,3,47,2026-07-11 07:30:00,delivery,56,Inventory received for purchase order 1191
4923,3,3,2026-07-18 07:30:00,delivery,80,Inventory received for purchase order 1192
4924,3,9,2026-07-18 07:30:00,delivery,70,Inventory received for purchase order 1192
4925,3,11,2026-07-18 07:30:00,delivery,80,Inventory received for purchase order 1192
4926,3,15,2026-07-18 07:30:00,delivery,48,Inventory received for purchase order 1192
4927,3,21,2026-07-18 07:30:00,delivery,72,Inventory received for purchase order 1192
4928,3,10,2026-07-19 07:30:00,delivery,64,Inventory received for purchase order 1193
4929,3,14,2026-07-19 07:30:00,delivery,48,Inventory received for purchase order 1193
4930,3,24,2026-07-19 07:30:00,delivery,60,Inventory received for purchase order 1193
4931,3,26,2026-07-19 07:30:00,delivery,36,Inventory received for purchase order 1193
4932,3,37,2026-07-19 07:30:00,delivery,56,Inventory received for purchase order 1193
4933,3,41,2026-07-19 07:30:00,delivery,54,Inventory received for purchase order 1193
4934,3,7,2026-07-20 07:30:00,delivery,72,Inventory received for purchase order 1194
4935,3,25,2026-07-20 07:30:00,delivery,72,Inventory received for purchase order 1194
4936,3,30,2026-07-20 07:30:00,delivery,35,Inventory received for purchase order 1194
4937,3,36,2026-07-20 07:30:00,delivery,70,Inventory received for purchase order 1194
4938,3,16,2026-07-17 07:30:00,delivery,48,Inventory received for purchase order 1195
4939,3,18,2026-07-17 07:30:00,delivery,48,Inventory received for purchase order 1195
4940,3,22,2026-07-17 07:30:00,delivery,72,Inventory received for purchase order 1195
4941,3,43,2026-07-17 07:30:00,delivery,50,Inventory received for purchase order 1195
4942,3,2,2026-07-18 07:30:00,delivery,72,Inventory received for purchase order 1196
4943,3,19,2026-07-18 07:30:00,delivery,72,Inventory received for purchase order 1196
4944,3,20,2026-07-18 07:30:00,delivery,60,Inventory received for purchase order 1196
4945,3,27,2026-07-18 07:30:00,delivery,54,Inventory received for purchase order 1196
4946,3,34,2026-07-18 07:30:00,delivery,72,Inventory received for purchase order 1196
4947,3,47,2026-07-18 07:30:00,delivery,80,Inventory received for purchase order 1196
4948,3,28,2026-07-18 07:30:00,delivery,66,Inventory received for purchase order 1197
4949,3,29,2026-07-18 07:30:00,delivery,100,Inventory received for purchase order 1197
4950,3,40,2026-07-18 07:30:00,delivery,40,Inventory received for purchase order 1197
4951,3,17,2026-07-18 07:30:00,delivery,72,Inventory received for purchase order 1198
4952,3,33,2026-07-18 07:30:00,delivery,42,Inventory received for purchase order 1198
4953,3,5,2026-07-19 07:30:00,delivery,72,Inventory received for purchase order 1199
4954,3,13,2026-07-19 07:30:00,delivery,72,Inventory received for purchase order 1199
4955,3,23,2026-07-19 07:30:00,delivery,72,Inventory received for purchase order 1199
4956,3,31,2026-07-19 07:30:00,delivery,72,Inventory received for purchase order 1199
4957,3,35,2026-07-19 07:30:00,delivery,96,Inventory received for purchase order 1199
4958,3,45,2026-07-19 07:30:00,delivery,36,Inventory received for purchase order 1199
4959,3,48,2026-07-20 07:30:00,delivery,90,Inventory received for purchase order 1200
4960,3,1,2026-07-17 07:30:00,delivery,72,Inventory received for purchase order 1201
4961,3,32,2026-07-17 07:30:00,delivery,60,Inventory received for purchase order 1201
4962,3,39,2026-07-17 07:30:00,delivery,60,Inventory received for purchase order 1201
4963,3,44,2026-07-17 07:30:00,delivery,30,Inventory received for purchase order 1201
4964,3,46,2026-07-17 07:30:00,delivery,48,Inventory received for purchase order 1201
4965,3,3,2026-07-25 07:30:00,delivery,40,Inventory received for purchase order 1202
4966,3,9,2026-07-25 07:30:00,delivery,30,Inventory received for purchase order 1202
4967,3,11,2026-07-25 07:30:00,delivery,40,Inventory received for purchase order 1202
4968,3,15,2026-07-25 07:30:00,delivery,96,Inventory received for purchase order 1202
4969,3,21,2026-07-25 07:30:00,delivery,80,Inventory received for purchase order 1202
4970,3,14,2026-07-25 07:30:00,delivery,48,Inventory received for purchase order 1203
4971,3,22,2026-07-25 07:30:00,delivery,42,Inventory received for purchase order 1203
4972,3,27,2026-07-25 07:30:00,delivery,72,Inventory received for purchase order 1203
4973,3,48,2026-07-25 07:30:00,delivery,71,Inventory received for purchase order 1203
4974,3,7,2026-07-25 07:30:00,delivery,36,Inventory received for purchase order 1204
4975,3,25,2026-07-25 07:30:00,delivery,60,Inventory received for purchase order 1204
4976,3,26,2026-07-25 07:30:00,delivery,72,Inventory received for purchase order 1204
4977,3,29,2026-07-25 07:30:00,delivery,48,Inventory received for purchase order 1204
4978,3,30,2026-07-25 07:30:00,delivery,72,Inventory received for purchase order 1204
4979,3,34,2026-07-26 07:30:00,delivery,60,Inventory received for purchase order 1205
4980,3,44,2026-07-26 07:30:00,delivery,96,Inventory received for purchase order 1205
4981,3,46,2026-07-26 07:30:00,delivery,72,Inventory received for purchase order 1205
4982,3,13,2026-07-27 07:30:00,delivery,60,Inventory received for purchase order 1206
4983,3,20,2026-07-27 07:30:00,delivery,70,Inventory received for purchase order 1206
4984,3,28,2026-07-27 07:30:00,delivery,56,Inventory received for purchase order 1206
4985,3,35,2026-07-27 07:30:00,delivery,20,Inventory received for purchase order 1206
4986,3,47,2026-07-27 07:30:00,delivery,20,Inventory received for purchase order 1206
4987,3,16,2026-07-24 07:30:00,delivery,57,Inventory received for purchase order 1207
4988,3,24,2026-07-24 07:30:00,delivery,69,Inventory received for purchase order 1207
4989,3,36,2026-07-24 07:30:00,delivery,54,Inventory received for purchase order 1207
4990,3,43,2026-07-24 07:30:00,delivery,69,Inventory received for purchase order 1207
4991,3,45,2026-07-24 07:30:00,delivery,61,Inventory received for purchase order 1207
4992,3,17,2026-07-25 07:30:00,delivery,48,Inventory received for purchase order 1208
4993,3,32,2026-07-25 07:30:00,delivery,60,Inventory received for purchase order 1208
4994,3,33,2026-07-25 07:30:00,delivery,78,Inventory received for purchase order 1208
4995,3,2,2026-07-25 07:30:00,delivery,40,Inventory received for purchase order 1209
4996,3,18,2026-07-25 07:30:00,delivery,80,Inventory received for purchase order 1209
4997,3,23,2026-07-25 07:30:00,delivery,72,Inventory received for purchase order 1209
4998,3,31,2026-07-25 07:30:00,delivery,60,Inventory received for purchase order 1209
4999,3,37,2026-07-25 07:30:00,delivery,72,Inventory received for purchase order 1209
5000,3,39,2026-07-25 07:30:00,delivery,50,Inventory received for purchase order 1209
5001,3,1,2026-07-25 07:30:00,delivery,72,Inventory received for purchase order 1210
5002,3,5,2026-07-25 07:30:00,delivery,16,Inventory received for purchase order 1210
5003,3,10,2026-07-25 07:30:00,delivery,48,Inventory received for purchase order 1210
5004,3,19,2026-07-25 07:30:00,delivery,50,Inventory received for purchase order 1210
5005,3,40,2026-07-25 07:30:00,delivery,48,Inventory received for purchase order 1210
5006,3,41,2026-07-25 07:30:00,delivery,64,Inventory received for purchase order 1210
5007,1,5,2026-05-22 08:00:00,return,1,Resellable customer return 1
5008,2,31,2025-11-27 10:50:00,return,3,Resellable customer return 2
5009,2,29,2025-12-08 19:45:00,return,3,Resellable customer return 4
5010,3,24,2026-06-15 09:00:00,return,1,Resellable customer return 5
5011,1,14,2026-05-25 12:45:00,return,2,Resellable customer return 6
5012,3,13,2025-12-04 10:00:00,return,3,Resellable customer return 7
5013,1,10,2026-03-30 13:05:00,return,1,Resellable customer return 9
5014,2,14,2025-12-25 08:00:00,return,1,Resellable customer return 10
5015,2,19,2026-02-17 08:00:00,return,1,Resellable customer return 13
5016,1,23,2026-03-13 20:40:00,return,3,Resellable customer return 14
5017,3,48,2025-11-26 15:35:00,return,1,Resellable customer return 15
5018,1,36,2025-12-17 17:40:00,return,1,Resellable customer return 16
5019,3,19,2026-02-13 13:10:00,return,1,Resellable customer return 17
5020,3,14,2026-02-23 13:30:00,return,4,Resellable customer return 18
5021,1,28,2025-12-02 15:25:00,return,1,Resellable customer return 19
5022,3,30,2026-04-06 11:40:00,return,1,Resellable customer return 21
5023,3,33,2026-05-29 09:00:00,return,1,Resellable customer return 22
5024,1,19,2026-05-06 15:55:00,return,2,Resellable customer return 26
5025,3,43,2026-04-30 10:55:00,return,2,Resellable customer return 27
5026,3,3,2026-03-14 15:10:00,return,1,Resellable customer return 28
5027,3,46,2026-01-26 18:45:00,return,1,Resellable customer return 30
5028,2,11,2026-07-19 08:00:00,return,2,Resellable customer return 31
5029,2,13,2026-04-21 18:15:00,return,4,Resellable customer return 32
5030,3,10,2026-01-20 13:00:00,return,1,Resellable customer return 34
5031,2,45,2025-12-01 18:25:00,return,2,Resellable customer return 35
5032,2,22,2026-07-31 20:55:00,return,1,Resellable customer return 36
5033,1,15,2025-11-30 18:50:00,return,2,Resellable customer return 37
5034,2,7,2026-06-02 20:00:00,return,2,Resellable customer return 38
5035,1,7,2026-01-03 18:05:00,return,2,Resellable customer return 39
5036,1,33,2026-05-27 13:25:00,return,1,Resellable customer return 41
5037,1,19,2026-03-15 20:35:00,return,2,Resellable customer return 42
5038,2,13,2025-12-08 20:30:00,return,1,Resellable customer return 45
5039,3,35,2026-06-28 11:25:00,return,2,Resellable customer return 49
5040,2,28,2026-07-22 13:40:00,return,1,Resellable customer return 51
5041,1,16,2026-01-15 18:20:00,return,2,Resellable customer return 52
5042,3,10,2026-07-31 09:00:00,return,1,Resellable customer return 54
5043,3,47,2026-06-30 09:35:00,return,2,Resellable customer return 56
5044,1,33,2026-02-12 14:00:00,return,1,Resellable customer return 57
5045,2,20,2025-12-28 08:00:00,return,1,Resellable customer return 61
5046,1,1,2026-03-02 18:15:00,return,1,Resellable customer return 62
5047,3,39,2026-03-29 15:00:00,return,1,Resellable customer return 63
5048,2,7,2026-02-16 19:35:00,return,3,Resellable customer return 64
5049,1,19,2025-11-19 19:40:00,return,2,Resellable customer return 66
5050,3,33,2026-06-27 19:40:00,return,1,Resellable customer return 67
5051,3,10,2025-12-03 09:00:00,return,2,Resellable customer return 70
5052,2,21,2026-01-20 13:25:00,return,2,Resellable customer return 71
5053,1,33,2026-07-23 15:25:00,return,1,Resellable customer return 73
5054,1,45,2025-11-28 19:15:00,return,1,Resellable customer return 74
5055,3,5,2026-03-30 16:00:00,return,1,Resellable customer return 76
5056,2,46,2026-07-04 08:00:00,return,3,Resellable customer return 79
5057,1,7,2026-04-16 17:40:00,return,2,Resellable customer return 81
5058,2,33,2026-01-19 17:10:00,return,1,Resellable customer return 82
5059,1,33,2026-02-22 12:10:00,return,2,Resellable customer return 84
5060,3,15,2026-01-15 09:00:00,return,1,Resellable customer return 85
5061,3,24,2026-05-15 15:55:00,return,2,Resellable customer return 87
5062,3,17,2025-11-14 11:05:00,return,2,Resellable customer return 89
5063,1,11,2026-07-04 20:20:00,return,2,Resellable customer return 94
5064,1,13,2026-04-27 12:55:00,return,1,Resellable customer return 96
5065,2,18,2025-12-29 14:20:00,return,1,Resellable customer return 99
5066,1,37,2026-02-11 21:20:00,return,3,Resellable customer return 100
5067,1,20,2025-11-27 11:20:00,return,3,Resellable customer return 103
5068,3,1,2026-01-09 20:10:00,return,3,Resellable customer return 104
5069,3,1,2026-07-23 09:00:00,return,4,Resellable customer return 106
5070,1,9,2026-07-03 08:00:00,return,2,Resellable customer return 107
5071,2,40,2025-12-29 09:30:00,return,1,Resellable customer return 108
5072,3,10,2026-01-17 14:50:00,return,1,Resellable customer return 109
5073,3,39,2026-02-11 14:05:00,return,3,Resellable customer return 110
5074,1,7,2025-12-12 19:45:00,return,2,Resellable customer return 113
5075,2,29,2026-03-25 19:55:00,return,1,Resellable customer return 116
5076,2,9,2026-02-26 18:30:00,return,3,Resellable customer return 118
5077,3,1,2025-12-19 19:35:00,return,2,Resellable customer return 119
5078,1,9,2025-12-03 14:20:00,return,1,Resellable customer return 121
5079,3,18,2025-12-27 09:00:00,return,1,Resellable customer return 122
5080,3,1,2025-12-02 19:45:00,return,1,Resellable customer return 123
5081,3,33,2026-02-04 12:00:00,return,1,Resellable customer return 125
5082,2,30,2026-02-20 08:00:00,return,1,Resellable customer return 126
5083,1,13,2025-12-16 19:55:00,return,1,Resellable customer return 127
5084,1,37,2026-05-14 14:45:00,return,3,Resellable customer return 128
5085,1,25,2026-01-02 18:45:00,return,1,Resellable customer return 131
5086,2,26,2026-04-09 20:15:00,return,2,Resellable customer return 134
5087,2,29,2026-03-15 13:35:00,return,1,Resellable customer return 135
5088,1,28,2026-03-08 20:00:00,return,1,Resellable customer return 137
5089,2,11,2026-05-15 11:50:00,return,2,Resellable customer return 141
5090,2,40,2026-05-28 17:10:00,return,1,Resellable customer return 143
5091,2,35,2026-05-20 08:00:00,return,2,Resellable customer return 144
5092,1,47,2026-02-27 21:05:00,return,4,Resellable customer return 145
5093,2,34,2025-12-19 13:00:00,return,1,Resellable customer return 147
5094,3,33,2026-07-03 11:10:00,return,3,Resellable customer return 149
5095,1,48,2026-05-26 21:55:00,return,3,Resellable customer return 150
5096,2,10,2026-04-10 08:00:00,return,1,Resellable customer return 151
5097,1,1,2025-12-30 11:00:00,return,2,Resellable customer return 152
5098,3,24,2026-01-12 09:45:00,return,1,Resellable customer return 153
5099,3,34,2026-06-24 18:35:00,return,2,Resellable customer return 157
5100,3,41,2026-07-31 17:20:00,return,2,Resellable customer return 158
5101,2,39,2025-12-23 08:00:00,return,1,Resellable customer return 160
5102,2,32,2026-07-24 19:55:00,return,2,Resellable customer return 163
5103,2,3,2026-05-01 12:05:00,return,1,Resellable customer return 164
5104,3,7,2026-01-09 16:15:00,return,1,Resellable customer return 167
5105,1,26,2025-12-31 17:45:00,return,1,Resellable customer return 168
5106,1,45,2026-07-28 18:40:00,return,1,Resellable customer return 169
5107,3,44,2026-03-21 14:20:00,return,2,Resellable customer return 171
5108,3,2,2026-03-16 19:45:00,return,2,Resellable customer return 173
5109,2,13,2025-12-20 08:00:00,return,1,Resellable customer return 174
5110,3,36,2025-12-09 20:15:00,return,2,Resellable customer return 176
5111,2,14,2025-11-28 15:50:00,return,1,Resellable customer return 178
5112,3,47,2026-07-04 09:00:00,return,1,Resellable customer return 179
5113,1,25,2026-07-31 19:00:00,return,1,Resellable customer return 180
5114,3,2,2026-07-31 17:15:00,return,2,Resellable customer return 181
5115,2,48,2026-05-08 20:10:00,return,3,Resellable customer return 183
5116,2,16,2026-06-13 19:30:00,return,2,Resellable customer return 184
5117,2,5,2026-06-27 08:00:00,return,1,Resellable customer return 185
5118,2,18,2025-11-15 20:35:00,return,2,Resellable customer return 187
5119,1,16,2026-07-16 13:05:00,return,2,Resellable customer return 189
5120,1,28,2026-06-11 20:50:00,return,1,Resellable customer return 190
5121,1,1,2025-12-26 12:20:00,return,1,Resellable customer return 192
5122,1,37,2026-04-12 11:05:00,return,2,Resellable customer return 194
5123,2,37,2026-06-21 10:00:00,return,2,Resellable customer return 195
5124,1,3,2026-07-21 14:20:00,return,2,Resellable customer return 199
5125,1,19,2025-11-21 15:15:00,return,1,Resellable customer return 200
5126,2,43,2026-06-11 17:40:00,return,2,Resellable customer return 202
5127,3,10,2026-04-23 17:00:00,return,2,Resellable customer return 205
5128,3,14,2026-02-14 09:00:00,return,1,Resellable customer return 206
5129,3,45,2026-07-24 18:25:00,return,3,Resellable customer return 210
5130,3,10,2026-01-03 18:30:00,return,4,Resellable customer return 211
5131,3,31,2026-02-12 09:00:00,return,1,Resellable customer return 212
5132,3,23,2026-01-01 09:00:00,return,1,Resellable customer return 213
5133,2,5,2026-05-06 11:00:00,return,1,Resellable customer return 215
5134,2,10,2026-06-21 14:55:00,return,1,Resellable customer return 216
5135,3,27,2025-12-07 11:10:00,return,3,Resellable customer return 217
5136,2,41,2026-05-30 18:05:00,return,3,Resellable customer return 220
5137,3,27,2025-12-24 16:30:00,return,4,Resellable customer return 221
5138,1,36,2025-12-20 19:30:00,return,3,Resellable customer return 223
5139,1,16,2026-01-15 15:30:00,return,1,Resellable customer return 224
5140,2,1,2026-05-07 16:55:00,return,2,Resellable customer return 226
5141,3,16,2026-06-13 20:05:00,return,1,Resellable customer return 228
5142,2,19,2026-06-09 20:35:00,return,2,Resellable customer return 229
5143,1,27,2026-04-06 14:15:00,return,3,Resellable customer return 230
5144,2,19,2026-02-04 20:25:00,return,2,Resellable customer return 231
5145,1,21,2026-06-10 13:10:00,return,1,Resellable customer return 232
5146,2,15,2026-05-25 14:20:00,return,4,Resellable customer return 234
5147,3,24,2025-11-12 20:15:00,return,2,Resellable customer return 239
5148,3,43,2026-07-27 09:00:00,return,3,Resellable customer return 240
5149,1,45,2026-07-21 15:35:00,return,1,Resellable customer return 241
5150,2,27,2025-12-23 08:00:00,return,3,Resellable customer return 244
5151,1,40,2025-12-10 19:00:00,return,2,Resellable customer return 248
5152,1,48,2025-12-24 16:10:00,return,3,Resellable customer return 249
5153,2,46,2026-01-06 16:40:00,return,3,Resellable customer return 250
5154,1,45,2026-05-20 15:00:00,return,2,Resellable customer return 251
5155,3,48,2025-12-08 17:10:00,return,2,Resellable customer return 255
5156,1,13,2026-07-30 20:25:00,return,1,Resellable customer return 256
5157,2,23,2025-11-19 19:40:00,return,3,Resellable customer return 257
5158,2,10,2026-07-08 20:00:00,return,2,Resellable customer return 258
5159,2,10,2026-02-04 19:45:00,return,2,Resellable customer return 259
5160,1,10,2026-04-10 11:05:00,return,1,Resellable customer return 261
5161,2,18,2026-03-30 08:00:00,return,1,Resellable customer return 264
5162,2,46,2025-12-30 08:00:00,return,1,Resellable customer return 265
5163,1,47,2026-03-23 08:05:00,return,1,Resellable customer return 267
5164,2,9,2026-01-01 17:30:00,return,1,Resellable customer return 268
5165,3,39,2026-06-22 09:00:00,return,1,Resellable customer return 269
5166,3,17,2026-02-15 20:50:00,return,1,Resellable customer return 270
5167,1,33,2026-07-11 17:20:00,return,1,Resellable customer return 271
5168,2,40,2026-04-27 15:10:00,return,3,Resellable customer return 273
5169,1,45,2026-03-28 15:55:00,return,1,Resellable customer return 277
5170,3,20,2026-07-23 11:55:00,return,1,Resellable customer return 278
5171,1,13,2026-07-20 19:25:00,return,3,Resellable customer return 279
5172,2,20,2026-07-22 12:15:00,return,1,Resellable customer return 280
5173,1,25,2026-06-24 12:20:00,return,2,Resellable customer return 282
5174,2,29,2026-07-29 19:05:00,return,1,Resellable customer return 284
5175,1,33,2026-06-27 20:10:00,return,3,Resellable customer return 285
5176,3,33,2026-03-05 16:40:00,return,1,Resellable customer return 287
5177,3,48,2026-07-21 09:00:00,return,2,Resellable customer return 288
5178,3,23,2026-02-09 18:00:00,return,2,Resellable customer return 290
5179,1,1,2026-07-30 19:30:00,return,1,Resellable customer return 292
5180,1,44,2026-07-18 17:25:00,return,1,Resellable customer return 293
5181,2,43,2026-05-17 16:50:00,return,1,Resellable customer return 294
5182,3,41,2026-02-03 13:25:00,return,1,Resellable customer return 295
5183,1,26,2026-01-27 08:00:00,return,1,Resellable customer return 296
5184,1,16,2026-02-03 17:20:00,return,1,Resellable customer return 297
5185,3,39,2025-12-17 14:35:00,return,4,Resellable customer return 300
5186,3,37,2026-07-17 18:50:00,return,2,Resellable customer return 301
5187,2,31,2026-06-27 08:00:00,return,1,Resellable customer return 303
5188,2,41,2026-02-07 17:50:00,return,3,Resellable customer return 305
5189,3,20,2026-05-01 09:00:00,return,1,Resellable customer return 307
5190,2,30,2026-01-09 11:25:00,return,3,Resellable customer return 308
5191,1,26,2026-01-03 10:15:00,return,3,Resellable customer return 310
5192,2,39,2026-03-21 12:20:00,return,2,Resellable customer return 311
5193,3,14,2025-12-22 09:00:00,return,2,Resellable customer return 313
5194,1,44,2026-03-12 17:55:00,return,4,Resellable customer return 314
5195,2,23,2026-06-05 08:00:00,return,3,Resellable customer return 316
5196,2,44,2026-03-01 08:00:00,return,1,Resellable customer return 317
5197,1,19,2026-02-06 13:50:00,return,2,Resellable customer return 319
5198,3,32,2026-01-10 14:40:00,return,1,Resellable customer return 321
5199,3,41,2026-07-26 09:00:00,return,4,Resellable customer return 324
5200,1,35,2025-11-23 08:00:00,return,3,Resellable customer return 325
5201,2,11,2025-12-09 08:00:00,return,1,Resellable customer return 331
5202,1,14,2026-01-17 15:35:00,return,2,Resellable customer return 332
5203,3,29,2026-02-05 18:45:00,return,1,Resellable customer return 335
5204,3,14,2025-12-15 16:55:00,return,1,Resellable customer return 336
5205,3,43,2026-04-13 13:20:00,return,1,Resellable customer return 337
5206,1,44,2026-04-11 14:35:00,return,2,Resellable customer return 338
5207,1,32,2026-04-13 11:15:00,return,1,Resellable customer return 339
5208,3,47,2025-11-19 09:30:00,return,2,Resellable customer return 340
5209,3,46,2026-01-18 14:45:00,return,2,Resellable customer return 341
5210,1,18,2026-07-31 14:15:00,return,2,Resellable customer return 342
5211,2,17,2025-11-24 18:15:00,return,3,Resellable customer return 343
5212,1,11,2026-01-23 10:05:00,return,3,Resellable customer return 345
5213,1,48,2026-03-20 15:20:00,return,2,Resellable customer return 346
5214,1,21,2026-05-07 15:20:00,return,1,Resellable customer return 347
5215,2,10,2026-02-26 08:00:00,return,1,Resellable customer return 348
5216,2,15,2026-05-20 16:45:00,return,2,Resellable customer return 349
5217,3,15,2026-05-23 18:40:00,return,1,Resellable customer return 350
5218,3,16,2026-07-31 15:35:00,return,1,Resellable customer return 352
5219,3,39,2026-03-27 16:10:00,return,2,Resellable customer return 355
5220,2,48,2026-04-16 18:15:00,return,1,Resellable customer return 356
5221,2,33,2026-03-10 15:55:00,return,1,Resellable customer return 357
5222,1,41,2025-12-14 14:20:00,return,3,Resellable customer return 358
5223,1,13,2026-01-04 18:55:00,return,1,Resellable customer return 359
5224,3,5,2026-06-15 13:55:00,return,1,Resellable customer return 361
5225,3,14,2026-03-18 16:00:00,return,1,Resellable customer return 362
5226,2,48,2026-07-07 17:10:00,return,2,Resellable customer return 365
5227,1,41,2026-07-21 08:00:00,return,3,Resellable customer return 366
5228,3,34,2026-04-09 17:40:00,return,1,Resellable customer return 367
5229,1,5,2025-12-19 14:50:00,return,2,Resellable customer return 368
5230,3,15,2026-02-13 09:00:00,return,1,Resellable customer return 369
5231,2,3,2026-07-05 08:00:00,return,1,Resellable customer return 370
5232,3,45,2026-07-05 14:30:00,return,1,Resellable customer return 371
5233,3,11,2026-06-30 10:20:00,return,1,Resellable customer return 372
5234,2,40,2026-07-29 17:20:00,return,1,Resellable customer return 373
5235,3,11,2026-07-06 09:00:00,return,3,Resellable customer return 374
5236,2,30,2025-12-27 16:55:00,return,3,Resellable customer return 377
5237,2,1,2026-05-10 18:00:00,return,1,Resellable customer return 379
5238,3,17,2026-04-23 12:35:00,return,2,Resellable customer return 380
5239,3,1,2026-02-12 09:00:00,return,3,Resellable customer return 382
5240,1,7,2026-05-22 14:45:00,return,1,Resellable customer return 383
5241,2,32,2026-01-01 18:45:00,return,1,Resellable customer return 384
5242,3,30,2025-12-12 09:00:00,return,4,Resellable customer return 385
5243,3,3,2026-02-14 11:20:00,return,2,Resellable customer return 386
5244,2,28,2026-03-26 18:55:00,return,1,Resellable customer return 387
5245,1,20,2026-04-16 17:25:00,return,1,Resellable customer return 390
5246,2,24,2025-12-25 16:05:00,return,1,Resellable customer return 391
5247,3,45,2026-04-30 14:15:00,return,1,Resellable customer return 392
5248,2,45,2026-07-02 12:40:00,return,2,Resellable customer return 393
5249,1,14,2026-05-05 14:15:00,return,1,Resellable customer return 395
5250,3,39,2026-07-02 15:05:00,return,2,Resellable customer return 397
5251,3,24,2026-07-16 16:20:00,return,1,Resellable customer return 401
5252,2,30,2026-02-17 16:20:00,return,1,Resellable customer return 403
5253,2,11,2025-12-10 08:00:00,return,3,Resellable customer return 404
5254,3,10,2026-07-23 20:25:00,return,3,Resellable customer return 405
5255,3,26,2026-05-08 09:00:00,return,1,Resellable customer return 407
5256,3,9,2026-04-27 09:00:00,return,2,Resellable customer return 408
5257,3,41,2026-05-06 14:15:00,return,1,Resellable customer return 411
5258,3,9,2026-06-03 12:40:00,return,1,Resellable customer return 412
5259,3,16,2025-11-26 09:00:00,return,2,Resellable customer return 413
5260,2,20,2026-03-25 17:30:00,return,1,Resellable customer return 415
5261,1,41,2026-01-06 12:20:00,return,1,Resellable customer return 420
5262,3,47,2026-04-27 20:35:00,return,2,Resellable customer return 422
5263,2,20,2026-05-17 16:30:00,return,2,Resellable customer return 423
5264,3,48,2026-07-07 09:00:00,return,1,Resellable customer return 426
5265,3,24,2026-02-28 16:40:00,return,2,Resellable customer return 429
5266,1,34,2025-11-26 10:35:00,return,2,Resellable customer return 432
5267,2,26,2025-12-11 18:35:00,return,3,Resellable customer return 433
5268,3,18,2026-01-09 14:45:00,return,1,Resellable customer return 434
5269,1,22,2025-12-14 11:05:00,return,3,Resellable customer return 435
5270,2,7,2026-06-09 08:00:00,return,2,Resellable customer return 436
5271,3,29,2026-05-07 17:30:00,return,2,Resellable customer return 437
5272,3,10,2026-02-17 16:05:00,return,1,Resellable customer return 438
5273,1,20,2026-02-11 13:35:00,return,1,Resellable customer return 440
5274,1,44,2026-06-17 08:00:00,return,2,Resellable customer return 443
5275,3,22,2026-03-05 18:30:00,return,2,Resellable customer return 445
5276,1,31,2026-01-14 13:10:00,return,1,Resellable customer return 446
5277,1,48,2026-06-12 10:15:00,return,1,Resellable customer return 448
5278,2,22,2026-01-14 13:50:00,return,1,Resellable customer return 449
5279,1,39,2026-01-04 18:30:00,return,1,Resellable customer return 450
5280,1,10,2026-03-12 19:55:00,return,3,Resellable customer return 452
5281,3,29,2026-02-15 09:00:00,return,4,Resellable customer return 454
5282,2,13,2025-12-19 08:00:00,return,1,Resellable customer return 456
5283,3,22,2026-02-01 17:40:00,return,1,Resellable customer return 457
5284,3,39,2026-05-31 09:00:00,return,3,Resellable customer return 459
5285,2,23,2026-06-03 17:25:00,return,1,Resellable customer return 460
5286,2,35,2026-07-11 16:45:00,return,1,Resellable customer return 462
5287,3,7,2026-07-21 14:30:00,return,1,Resellable customer return 465
5288,2,14,2026-04-12 09:35:00,return,4,Resellable customer return 466
5289,2,10,2026-02-01 15:50:00,return,2,Resellable customer return 467
5290,1,2,2026-02-27 19:20:00,return,3,Resellable customer return 469
5291,2,11,2026-06-14 18:50:00,return,2,Resellable customer return 470
5292,3,40,2026-02-15 13:15:00,return,3,Resellable customer return 472
5293,2,48,2025-11-07 08:00:00,return,4,Resellable customer return 473
5294,1,45,2026-03-07 13:20:00,return,1,Resellable customer return 474
5295,3,32,2026-04-03 12:30:00,return,2,Resellable customer return 476
5296,3,47,2026-05-08 19:15:00,return,2,Resellable customer return 478
5297,2,24,2026-01-03 13:35:00,return,2,Resellable customer return 479
5298,1,45,2026-04-19 11:35:00,return,2,Resellable customer return 481
5299,3,25,2026-07-03 20:20:00,return,1,Resellable customer return 486
5300,3,34,2026-07-17 15:55:00,return,3,Resellable customer return 487
5301,3,29,2026-04-07 14:20:00,return,1,Resellable customer return 488
5302,3,32,2026-05-16 15:35:00,return,3,Resellable customer return 490
5303,1,7,2026-03-27 13:30:00,return,1,Resellable customer return 492
5304,1,18,2026-07-22 11:20:00,return,1,Resellable customer return 494
5305,3,36,2026-06-05 14:50:00,return,4,Resellable customer return 495
5306,2,44,2026-07-24 16:05:00,return,1,Resellable customer return 496
5307,2,11,2026-03-05 12:40:00,return,1,Resellable customer return 498
5308,2,9,2025-12-31 08:00:00,return,1,Resellable customer return 499
5309,2,17,2026-07-06 12:35:00,return,1,Resellable customer return 505
5310,3,28,2026-04-15 09:00:00,return,2,Resellable customer return 506
5311,1,23,2025-12-28 12:00:00,return,1,Resellable customer return 507
5312,1,40,2026-06-15 12:15:00,return,1,Resellable customer return 509
5313,3,5,2025-11-25 13:45:00,return,1,Resellable customer return 510
5314,3,22,2025-12-10 12:05:00,return,1,Resellable customer return 511
5315,2,15,2026-07-31 10:35:00,return,3,Resellable customer return 512
5316,3,47,2026-07-31 18:50:00,return,1,Resellable customer return 513
5317,1,36,2026-01-24 17:55:00,return,1,Resellable customer return 516
5318,2,31,2026-04-19 13:25:00,return,3,Resellable customer return 517
5319,1,1,2025-12-25 19:40:00,return,2,Resellable customer return 518
5320,2,23,2026-07-31 20:56:00,return,1,Resellable customer return 519
5321,2,20,2026-01-06 15:25:00,return,3,Resellable customer return 521
5322,1,11,2026-05-22 21:00:00,return,4,Resellable customer return 525
5323,1,22,2025-11-30 19:00:00,return,1,Resellable customer return 529
5324,2,27,2026-01-13 16:20:00,return,2,Resellable customer return 534
5325,3,11,2025-12-01 09:00:00,return,4,Resellable customer return 535
5326,1,7,2026-06-23 16:40:00,return,2,Resellable customer return 536
5327,2,47,2026-03-31 08:20:00,return,1,Resellable customer return 538
5328,3,18,2026-03-05 09:00:00,return,2,Resellable customer return 539
5329,1,25,2026-05-26 08:00:00,return,3,Resellable customer return 540
5330,1,33,2026-05-14 08:00:00,return,1,Resellable customer return 541
5331,1,11,2025-11-30 20:05:00,return,1,Resellable customer return 543
5332,2,11,2026-05-15 09:55:00,return,1,Resellable customer return 544
5333,3,14,2026-07-31 20:55:00,return,3,Resellable customer return 545
5334,2,20,2026-04-17 11:25:00,return,1,Resellable customer return 546
5335,2,11,2026-05-11 17:35:00,return,2,Resellable customer return 550
5336,3,31,2025-12-28 09:00:00,return,1,Resellable customer return 551
5337,1,36,2026-03-16 09:20:00,return,4,Resellable customer return 552
5338,1,11,2025-12-02 11:05:00,return,3,Resellable customer return 553
5339,1,44,2026-07-31 18:25:00,return,1,Resellable customer return 554
5340,3,39,2026-07-21 09:15:00,return,2,Resellable customer return 557
5341,1,30,2026-02-14 13:35:00,return,2,Resellable customer return 560
5342,2,3,2026-06-29 08:00:00,return,1,Resellable customer return 561
5343,2,27,2026-03-14 15:30:00,return,1,Resellable customer return 562
5344,1,27,2026-03-13 17:50:00,return,1,Resellable customer return 564
5345,3,30,2026-07-31 20:55:00,return,1,Resellable customer return 565
5346,2,11,2026-04-09 08:00:00,return,2,Resellable customer return 566
5347,1,1,2026-04-28 14:25:00,return,1,Resellable customer return 568
5348,2,29,2026-02-15 16:00:00,return,4,Resellable customer return 569
5349,2,19,2026-05-05 14:30:00,return,1,Resellable customer return 571
5350,1,2,2026-07-02 19:50:00,return,1,Resellable customer return 572
5351,3,28,2026-07-31 14:40:00,return,1,Resellable customer return 575
5352,3,13,2025-12-26 18:35:00,return,1,Resellable customer return 576
5353,3,16,2026-05-13 09:00:00,return,1,Resellable customer return 584
5354,1,27,2026-02-20 20:00:00,return,3,Resellable customer return 585
5355,1,24,2025-11-30 18:15:00,return,1,Resellable customer return 586
5356,1,7,2026-04-20 20:20:00,return,2,Resellable customer return 587
5357,1,44,2026-04-23 08:00:00,return,2,Resellable customer return 588
5358,3,18,2026-03-02 09:00:00,return,2,Resellable customer return 590
5359,3,5,2026-05-03 15:15:00,return,2,Resellable customer return 592
5360,1,18,2026-02-11 20:50:00,return,2,Resellable customer return 595
5361,3,47,2026-07-29 16:50:00,return,1,Resellable customer return 596
5362,1,45,2026-06-24 13:30:00,return,1,Resellable customer return 597
5363,3,17,2026-05-05 16:15:00,return,1,Resellable customer return 598
5364,3,14,2026-05-11 13:25:00,return,3,Resellable customer return 601
5365,1,15,2026-07-30 21:50:00,return,2,Resellable customer return 604
5366,1,47,2026-03-31 14:50:00,return,2,Resellable customer return 605
5367,1,20,2026-01-21 13:25:00,return,1,Resellable customer return 606
5368,2,3,2026-06-13 16:30:00,return,2,Resellable customer return 608
5369,2,32,2025-11-09 19:25:00,return,1,Resellable customer return 609
5370,1,36,2026-06-15 16:55:00,return,1,Resellable customer return 611
5371,1,36,2025-11-17 08:00:00,return,1,Resellable customer return 612
5372,2,2,2026-07-26 18:00:00,return,1,Resellable customer return 615
5373,2,18,2026-04-29 20:40:00,return,2,Resellable customer return 617
5374,3,35,2026-05-07 15:35:00,return,1,Resellable customer return 618
5375,3,28,2026-05-04 15:50:00,return,1,Resellable customer return 619
5376,3,3,2026-02-03 09:00:00,return,1,Resellable customer return 621
5377,2,48,2026-03-25 08:00:00,return,3,Resellable customer return 622
5378,3,13,2026-02-11 19:15:00,return,1,Resellable customer return 623
5379,1,25,2026-05-16 18:40:00,return,1,Resellable customer return 626
5380,1,30,2026-02-24 19:40:00,return,3,Resellable customer return 627
5381,3,13,2025-12-20 09:00:00,return,1,Resellable customer return 634
5382,2,18,2026-06-28 08:00:00,return,1,Resellable customer return 635
5383,2,3,2026-04-15 10:50:00,return,2,Resellable customer return 636
5384,1,41,2026-07-15 17:05:00,return,3,Resellable customer return 637
5385,3,25,2025-12-24 13:25:00,return,2,Resellable customer return 639
5386,2,20,2026-02-19 18:15:00,return,1,Resellable customer return 640
5387,2,18,2026-07-05 17:20:00,return,2,Resellable customer return 645
5388,1,15,2026-01-12 08:00:00,return,1,Resellable customer return 647
5389,3,2,2026-01-28 14:40:00,return,3,Resellable customer return 648
5390,1,41,2026-05-19 20:45:00,return,4,Resellable customer return 649
5391,3,21,2026-07-31 13:20:00,return,1,Resellable customer return 652
5392,1,19,2026-01-21 20:05:00,return,1,Resellable customer return 653
5393,3,39,2026-05-30 09:00:00,return,1,Resellable customer return 654
5394,2,24,2026-01-01 20:40:00,return,2,Resellable customer return 655
5395,3,36,2026-06-10 14:25:00,return,1,Resellable customer return 656
5396,3,28,2026-07-28 20:40:00,return,4,Resellable customer return 660
5397,3,24,2026-07-22 16:40:00,return,4,Resellable customer return 662
5398,2,39,2026-03-01 08:00:00,return,2,Resellable customer return 664
5399,2,39,2025-11-10 15:10:00,return,1,Resellable customer return 665
5400,2,5,2026-05-21 13:45:00,return,2,Resellable customer return 666
5401,1,44,2026-02-11 11:40:00,return,1,Resellable customer return 667
5402,1,25,2026-06-01 08:00:00,return,1,Resellable customer return 668
5403,1,25,2026-07-29 14:10:00,return,1,Resellable customer return 671
5404,1,11,2026-01-10 19:50:00,return,1,Resellable customer return 672
5405,2,16,2026-04-05 17:20:00,return,1,Resellable customer return 674
5406,3,10,2026-06-27 13:35:00,return,3,Resellable customer return 675
5407,1,17,2026-06-12 19:50:00,return,1,Resellable customer return 676
5408,2,27,2026-04-27 08:00:00,return,2,Resellable customer return 677
5409,1,5,2026-07-05 18:25:00,return,3,Resellable customer return 679
5410,3,15,2026-04-10 09:00:00,return,3,Resellable customer return 680
5411,3,9,2026-02-19 16:30:00,return,3,Resellable customer return 681
5412,1,15,2026-06-10 12:10:00,return,1,Resellable customer return 684
5413,2,32,2026-04-13 17:50:00,return,1,Resellable customer return 687
5414,2,23,2026-03-28 18:35:00,return,2,Resellable customer return 688
5415,2,18,2026-01-03 20:50:00,return,1,Resellable customer return 689
5416,3,7,2025-11-23 16:25:00,return,1,Resellable customer return 690
5417,3,17,2026-01-07 15:05:00,return,1,Resellable customer return 691
5418,1,28,2025-12-10 08:00:00,return,1,Resellable customer return 692
5419,1,29,2026-05-06 08:00:00,return,2,Resellable customer return 693
5420,2,26,2025-12-04 08:00:00,return,3,Resellable customer return 694
5421,2,20,2026-04-09 08:00:00,return,1,Resellable customer return 697
5422,1,3,2026-05-11 21:00:00,return,1,Resellable customer return 698
5423,3,9,2025-12-05 09:00:00,return,1,Resellable customer return 699
5424,2,10,2026-07-31 20:55:00,return,4,Resellable customer return 700
5425,2,13,2026-05-13 10:20:00,return,4,Resellable customer return 702
5426,2,27,2026-05-14 16:10:00,return,1,Resellable customer return 705
5427,1,1,2025-12-10 14:45:00,return,1,Resellable customer return 706
5428,2,37,2026-01-06 08:00:00,return,1,Resellable customer return 708
5429,3,44,2026-04-10 09:00:00,return,2,Resellable customer return 712
5430,2,24,2026-02-10 19:45:00,return,2,Resellable customer return 715
5431,1,22,2026-01-08 17:15:00,return,2,Resellable customer return 716
5432,1,41,2026-04-11 17:30:00,return,1,Resellable customer return 719
5433,2,3,2026-06-23 08:00:00,return,2,Resellable customer return 720
5434,2,46,2026-01-23 19:55:00,expired,-1,Synthetic expired adjustment
5435,2,24,2026-05-22 15:55:00,expired,-1,Synthetic expired adjustment
5436,1,43,2026-02-07 10:45:00,damage,-2,Synthetic damage adjustment
5437,2,32,2025-12-23 18:45:00,damage,-1,Synthetic damage adjustment
5438,2,3,2025-11-03 20:05:00,damage,-3,Synthetic damage adjustment
5439,2,39,2026-02-12 12:05:00,expired,-2,Synthetic expired adjustment
5440,2,20,2025-11-08 11:05:00,damage,-1,Synthetic damage adjustment
5441,1,10,2026-05-01 10:05:00,damage,-2,Synthetic damage adjustment
5442,2,47,2026-06-11 10:00:00,damage,-3,Synthetic damage adjustment
5443,2,27,2025-12-25 09:25:00,damage,-3,Synthetic damage adjustment
5444,1,29,2026-07-04 12:15:00,damage,-2,Synthetic damage adjustment
5445,2,19,2025-12-25 16:05:00,expired,-2,Synthetic expired adjustment
5446,3,32,2025-12-08 15:15:00,expired,-2,Synthetic expired adjustment
5447,3,2,2026-07-07 19:10:00,expired,-1,Synthetic expired adjustment
5448,1,14,2026-07-14 08:20:00,expired,-1,Synthetic expired adjustment
5449,2,14,2025-11-25 20:20:00,damage,-1,Synthetic damage adjustment
5450,1,22,2026-03-04 14:00:00,expired,-2,Synthetic expired adjustment
5451,2,31,2025-11-23 10:45:00,damage,-1,Synthetic damage adjustment
5452,2,44,2026-04-09 13:20:00,expired,-3,Synthetic expired adjustment
5453,1,26,2026-03-07 13:30:00,damage,-1,Synthetic damage adjustment
5454,3,35,2026-01-23 11:50:00,damage,-2,Synthetic damage adjustment
5455,1,37,2026-07-16 20:10:00,damage,-3,Synthetic damage adjustment
5456,3,13,2026-07-28 17:50:00,damage,-3,Synthetic damage adjustment
5457,1,40,2026-07-29 16:10:00,expired,-2,Synthetic expired adjustment
5458,1,41,2025-11-28 18:40:00,damage,-2,Synthetic damage adjustment
5459,1,32,2025-12-13 19:15:00,expired,-2,Synthetic expired adjustment
5460,2,33,2026-07-31 15:30:00,damage,-2,Synthetic damage adjustment
5461,2,48,2026-07-10 18:25:00,damage,-2,Synthetic damage adjustment
5462,3,15,2025-12-19 20:20:00,damage,-1,Synthetic damage adjustment
5463,3,16,2026-06-29 14:40:00,damage,-3,Synthetic damage adjustment
5464,2,18,2026-02-17 16:45:00,damage,-3,Synthetic damage adjustment
5465,1,15,2026-02-24 08:35:00,damage,-2,Synthetic damage adjustment
5466,3,11,2025-11-26 10:45:00,expired,-1,Synthetic expired adjustment
5467,2,9,2026-07-28 14:25:00,expired,-3,Synthetic expired adjustment
5468,3,23,2025-11-18 17:40:00,expired,-3,Synthetic expired adjustment
5469,2,36,2026-07-24 14:40:00,damage,-1,Synthetic damage adjustment
5470,2,1,2025-12-25 09:55:00,expired,-1,Synthetic expired adjustment
5471,1,2,2026-05-12 16:35:00,expired,-3,Synthetic expired adjustment
5472,3,43,2026-07-26 13:55:00,expired,-1,Synthetic expired adjustment
5473,1,27,2026-04-28 20:50:00,expired,-2,Synthetic expired adjustment
5474,1,21,2025-11-30 09:10:00,damage,-1,Synthetic damage adjustment
5475,2,16,2026-03-21 16:10:00,damage,-3,Synthetic damage adjustment
