purchase_order_item_id,purchase_order_id,vendor_product_id,quantity_ordered,quantity_received,quantity_damaged,quantity_missing,unit_purchase_cost
1,1,5,20,20,0,0,4.11
2,1,15,30,30,0,0,3.62
3,1,25,48,48,0,0,1.28
4,1,33,36,36,0,0,3.95
5,1,35,8,8,0,0,3.31
6,2,4,20,20,0,0,2.59
7,2,41,30,30,0,0,3.15
8,2,68,24,24,0,0,5.73
9,2,93,24,24,0,0,4.56
10,3,43,24,24,0,0,5.72
11,3,54,36,36,0,0,5.84
12,3,65,20,20,0,0,2.67
13,4,60,20,20,0,0,3.45
14,4,81,30,30,0,0,4.75
15,4,88,24,24,0,0,5.55
16,5,22,40,40,0,0,0.42
17,5,51,40,40,0,0,5.91
18,5,62,40,40,0,0,2.54
19,5,84,36,36,0,0,2.51
20,6,27,40,40,0,0,3.55
21,6,46,10,10,0,0,2.59
22,7,19,24,24,0,0,3.44
23,7,59,24,24,0,0,3.42
24,8,71,30,30,0,0,5.16
25,9,16,24,24,0,0,3.12
26,9,56,24,24,0,0,2.26
27,9,57,20,20,0,0,2.74
28,9,91,16,16,0,0,3.36
29,10,5,80,80,0,0,4.11
30,10,15,70,70,0,0,3.62
31,10,18,80,80,0,0,3.55
32,10,25,96,96,0,0,1.28
33,10,35,48,48,0,0,3.31
34,11,17,64,64,0,0,2.82
35,11,24,72,72,0,0,3.85
36,11,45,60,60,0,0,1.99
37,11,68,56,56,1,0,5.73
38,11,76,84,84,0,0,2.79
39,12,11,72,72,0,0,1.74
40,12,43,60,60,0,0,5.72
41,12,53,96,96,0,0,3.24
42,12,54,36,36,0,0,5.84
43,12,65,60,60,0,0,2.67
44,13,26,48,48,0,0,2.79
45,13,29,90,90,0,0,2.02
46,13,37,66,66,0,0,3.17
47,13,81,60,60,0,0,4.75
48,14,3,48,48,0,0,2.24
49,14,31,72,72,0,0,3.41
50,14,34,30,30,0,0,4.52
51,14,48,54,54,0,0,9.61
52,14,61,60,60,0,0,2.75
53,15,40,72,72,0,0,2.81
54,15,49,48,48,0,0,5.09
55,15,72,72,72,0,0,5.20
56,16,28,120,120,0,0,1.80
57,16,58,66,66,0,0,3.32
58,16,59,78,78,0,0,3.42
59,17,9,108,105,0,3,5.04
60,17,23,36,35,0,1,0.58
61,17,39,88,85,0,3,3.11
62,17,63,48,46,0,2,2.52
63,17,85,60,57,0,3,2.27
64,17,92,60,57,0,3,3.69
65,18,1,72,72,0,0,4.01
66,18,56,72,72,0,0,2.26
67,18,70,60,60,0,0,4.60
68,18,82,50,50,0,0,2.25
69,18,87,72,72,0,0,5.10
70,18,91,80,80,0,0,3.36
71,19,5,80,80,0,0,4.11
72,19,15,60,60,0,0,3.62
73,19,25,48,48,0,0,1.28
74,19,33,72,72,1,0,3.95
75,19,35,88,88,0,0,3.31
76,20,4,60,60,0,0,2.59
77,20,12,32,32,0,0,1.79
78,20,24,72,72,0,0,3.85
79,20,38,54,54,0,0,3.96
80,20,41,50,50,0,0,3.15
81,20,47,36,36,0,0,6.60
82,21,93,72,72,0,0,4.56
83,22,43,84,84,0,0,5.72
84,22,44,36,36,0,0,2.07
85,22,54,72,72,0,0,5.84
86,23,60,60,60,0,0,3.45
87,23,83,48,48,0,0,2.63
88,23,88,48,48,0,0,5.55
89,24,22,60,60,0,0,0.42
90,24,51,72,72,0,0,5.91
91,24,62,40,40,0,0,2.54
92,25,27,80,80,0,0,3.55
93,25,52,40,40,0,0,3.32
94,25,64,56,56,0,0,3.05
95,25,80,96,96,0,0,3.36
96,25,86,64,64,0,0,1.84
97,26,19,42,42,0,0,3.44
98,26,28,48,48,0,0,1.80
99,26,58,84,84,0,0,3.32
100,26,59,48,48,0,0,3.42
101,27,30,72,72,0,0,2.13
102,27,39,48,48,0,0,3.11
103,27,67,36,36,0,0,4.16
104,28,1,72,72,0,0,4.01
105,28,8,24,24,0,0,5.95
106,28,16,96,96,0,0,3.12
107,28,32,70,70,0,0,2.42
108,28,56,48,48,0,0,2.26
109,28,70,40,40,0,0,4.60
110,29,73,48,48,0,0,5.73
111,29,74,80,80,1,0,2.46
112,29,91,48,48,0,0,3.36
113,30,5,60,60,0,0,4.11
114,30,15,70,70,0,0,3.62
115,30,18,60,60,0,0,3.55
116,30,25,48,48,0,0,1.28
117,30,33,36,36,0,0,3.95
118,31,17,48,48,0,0,2.82
119,31,24,72,72,0,0,3.85
120,31,45,72,72,0,0,1.99
121,31,68,72,72,0,0,5.73
122,31,76,78,78,0,0,2.79
123,32,11,72,72,0,0,1.74
124,32,43,72,72,0,0,5.72
125,32,53,96,96,0,0,3.24
126,32,54,36,36,0,0,5.84
127,32,65,90,90,0,0,2.67
128,33,26,36,36,0,0,2.79
129,33,29,72,72,0,0,2.02
130,33,37,84,84,0,0,3.17
131,33,81,70,70,0,0,4.75
132,34,31,72,69,0,3,3.41
133,34,48,96,93,0,3,9.61
134,34,61,60,57,0,3,2.75
135,34,90,80,77,0,3,3.17
136,35,40,48,48,0,0,2.81
137,35,49,48,48,0,0,5.09
138,35,72,24,24,0,0,5.20
139,36,28,48,48,0,0,1.80
140,36,58,48,48,0,0,3.32
141,36,59,72,72,0,0,3.42
142,37,2,80,80,0,0,2.58
143,37,9,72,72,0,0,5.04
144,37,23,72,72,0,0,0.58
145,37,36,96,96,0,0,3.09
146,37,39,56,56,0,0,3.11
147,37,55,48,48,0,0,2.64
148,38,63,96,96,1,0,2.52
149,38,71,90,90,0,0,5.16
150,38,85,96,96,0,0,2.27
151,38,92,70,70,0,0,3.69
152,39,1,72,72,0,0,4.01
153,39,82,60,60,0,0,2.25
154,39,87,72,72,0,0,5.10
155,40,5,80,80,0,0,4.11
156,40,15,60,60,0,0,3.62
157,40,25,48,48,0,0,1.28
158,40,33,72,72,0,0,3.95
159,40,35,56,56,0,0,3.31
160,41,12,56,56,0,0,1.79
161,41,24,48,48,0,0,3.85
162,41,38,54,54,0,0,3.96
163,41,47,72,72,0,0,6.60
164,41,93,72,72,0,0,4.56
165,42,43,48,48,0,0,5.72
166,42,44,108,108,0,0,2.07
167,42,54,36,36,0,0,5.84
168,43,60,60,60,0,0,3.45
169,43,83,96,96,0,0,2.63
170,43,88,96,96,0,0,5.55
171,44,22,20,20,0,0,0.42
172,44,51,88,88,0,0,5.91
173,44,62,40,40,0,0,2.54
174,44,90,40,40,0,0,3.17
175,45,27,80,80,0,0,3.55
176,45,40,72,72,0,0,2.81
177,45,52,40,40,0,0,3.32
178,45,64,56,56,0,0,3.05
179,45,80,72,72,0,0,3.36
180,45,86,40,40,0,0,1.84
181,46,19,78,78,0,0,3.44
182,46,28,72,72,0,0,1.80
183,46,58,78,78,0,0,3.32
184,46,59,54,54,0,0,3.42
185,47,2,100,100,1,0,2.58
186,47,30,48,48,0,0,2.13
187,47,39,80,80,0,0,3.11
188,47,67,72,72,0,0,4.16
189,48,1,72,72,0,0,4.01
190,48,8,48,48,0,0,5.95
191,48,16,72,72,0,0,3.12
192,48,32,50,50,0,0,2.42
193,48,56,96,96,0,0,2.26
194,48,70,60,60,0,0,4.60
195,49,73,72,72,0,0,5.73
196,49,74,88,88,0,0,2.46
197,50,5,80,80,0,0,4.11
198,50,15,60,60,0,0,3.62
199,50,18,60,60,0,0,3.55
200,51,17,32,31,0,1,2.82
201,51,24,48,46,0,2,3.85
202,51,41,40,38,0,2,3.15
203,51,45,42,40,0,2,1.99
204,51,68,72,69,0,3,5.73
205,51,76,42,40,0,2,2.79
206,52,11,72,72,0,0,1.74
207,52,43,60,60,0,0,5.72
208,52,53,96,96,0,0,3.24
209,52,54,72,72,0,0,5.84
210,52,65,80,80,0,0,2.67
211,53,26,60,60,0,0,2.79
212,53,29,72,72,0,0,2.02
213,53,37,90,90,0,0,3.17
214,53,81,60,60,0,0,4.75
215,54,3,72,72,0,0,2.24
216,54,31,72,72,0,0,3.41
217,54,34,40,40,0,0,4.52
218,54,48,72,72,0,0,9.61
219,54,61,84,84,0,0,2.75
220,54,90,60,60,0,0,3.17
221,55,49,54,54,0,0,5.09
222,55,72,72,72,1,0,5.20
223,56,28,48,48,0,0,1.80
224,56,58,42,42,0,0,3.32
225,56,59,78,78,0,0,3.42
226,57,9,72,72,0,0,5.04
227,57,23,72,72,0,0,0.58
228,57,36,96,96,0,0,3.09
229,57,39,88,88,0,0,3.11
230,57,55,24,24,0,0,2.64
231,57,63,96,96,0,0,2.52
232,58,71,40,40,0,0,5.16
233,58,85,60,60,0,0,2.27
234,58,92,60,60,0,0,3.69
235,59,1,72,72,0,0,4.01
236,59,82,40,40,0,0,2.25
237,59,87,72,72,0,0,5.10
238,60,5,60,60,0,0,4.11
239,60,15,40,40,0,0,3.62
240,60,25,96,96,0,0,1.28
241,60,33,72,72,0,0,3.95
242,60,35,40,40,0,0,3.31
243,61,24,48,48,0,0,3.85
244,61,38,54,54,0,0,3.96
245,61,47,72,72,0,0,6.60
246,61,93,72,72,0,0,4.56
247,62,11,72,72,0,0,1.74
248,62,43,60,60,0,0,5.72
249,62,44,72,72,0,0,2.07
250,62,54,36,36,0,0,5.84
251,63,29,60,60,0,0,2.02
252,63,60,60,60,0,0,3.45
253,63,88,48,48,0,0,5.55
254,64,22,40,40,0,0,0.42
255,64,51,56,56,0,0,5.91
256,64,62,20,20,0,0,2.54
257,64,84,72,72,0,0,2.51
258,65,27,60,60,0,0,3.55
259,65,52,40,40,1,0,3.32
260,65,64,72,72,0,0,3.05
261,65,80,96,96,0,0,3.36
262,65,86,56,56,0,0,1.84
263,66,19,72,72,0,0,3.44
264,66,28,48,48,0,0,1.80
265,66,58,78,78,0,0,3.32
266,66,59,48,48,0,0,3.42
267,66,66,96,96,0,0,4.47
268,67,2,60,60,0,0,2.58
269,67,39,72,72,0,0,3.11
270,67,42,36,36,0,0,3.66
271,68,1,72,69,0,3,4.01
272,68,8,40,38,0,2,5.95
273,68,16,72,69,0,3,3.12
274,68,32,20,19,0,1,2.42
275,68,56,72,69,0,3,2.26
276,68,70,60,57,0,3,4.60
277,69,73,48,48,0,0,5.73
278,69,74,80,80,0,0,2.46
279,69,91,64,64,0,0,3.36
280,70,5,80,80,0,0,4.11
281,70,15,60,60,0,0,3.62
282,70,18,80,80,0,0,3.55
283,70,25,48,48,0,0,1.28
284,70,35,72,72,0,0,3.31
285,71,17,80,80,0,0,2.82
286,71,24,72,72,0,0,3.85
287,71,41,60,60,0,0,3.15
288,71,45,66,66,0,0,1.99
289,71,68,48,48,0,0,5.73
290,71,76,96,96,0,0,2.79
291,72,11,72,72,0,0,1.74
292,72,43,60,60,0,0,5.72
293,72,53,96,96,0,0,3.24
294,72,54,108,108,0,0,5.84
295,72,65,80,80,0,0,2.67
296,73,26,96,96,1,0,2.79
297,73,29,54,54,0,0,2.02
298,73,37,60,60,0,0,3.17
299,73,81,70,70,0,0,4.75
300,74,3,48,48,0,0,2.24
301,74,31,108,108,0,0,3.41
302,74,34,50,50,0,0,4.52
303,74,48,78,78,0,0,9.61
304,74,61,48,48,0,0,2.75
305,74,90,80,80,0,0,3.17
306,75,49,60,60,0,0,5.09
307,75,72,80,80,0,0,5.20
308,76,28,72,72,0,0,1.80
309,76,59,54,54,0,0,3.42
310,77,9,108,108,0,0,5.04
311,77,23,72,72,0,0,0.58
312,77,39,72,72,0,0,3.11
313,77,55,84,84,0,0,2.64
314,77,63,96,96,0,0,2.52
315,77,71,100,100,0,0,5.16
316,78,85,72,72,0,0,2.27
317,78,92,80,80,0,0,3.69
318,79,1,72,72,0,0,4.01
319,79,57,60,60,0,0,2.74
320,79,82,60,60,0,0,2.25
321,79,87,72,72,0,0,5.10
322,80,5,100,100,0,0,4.11
323,80,15,80,80,0,0,3.62
324,80,25,48,48,0,0,1.28
325,80,35,40,40,0,0,3.31
326,81,12,24,24,0,0,1.79
327,81,24,24,24,0,0,3.85
328,81,38,48,48,0,0,3.96
329,81,41,70,70,0,0,3.15
330,81,47,72,72,0,0,6.60
331,81,93,48,48,0,0,4.56
332,82,43,60,60,0,0,5.72
333,82,44,72,72,1,0,2.07
334,82,54,72,72,0,0,5.84
335,83,60,40,40,0,0,3.45
336,83,83,48,48,0,0,2.63
337,83,88,96,96,0,0,5.55
338,84,22,80,80,0,0,0.42
339,84,34,70,70,0,0,4.52
340,84,51,64,64,0,0,5.91
341,84,62,40,40,0,0,2.54
342,84,90,40,40,0,0,3.17
343,85,27,60,57,0,3,3.55
344,85,52,20,19,0,1,3.32
345,85,64,48,46,0,2,3.05
346,85,80,72,69,0,3,3.36
347,85,86,56,54,0,2,1.84
348,86,19,36,36,0,0,3.44
349,86,28,48,48,0,0,1.80
350,86,58,72,72,0,0,3.32
351,86,59,48,48,0,0,3.42
352,87,2,80,80,0,0,2.58
353,87,30,80,80,0,0,2.13
354,87,39,40,40,0,0,3.11
355,87,67,72,72,0,0,4.16
356,87,71,70,70,0,0,5.16
357,88,1,36,36,0,0,4.01
358,88,8,40,40,0,0,5.95
359,88,16,72,72,0,0,3.12
360,88,32,60,60,0,0,2.42
361,88,56,48,48,0,0,2.26
362,88,73,48,48,0,0,5.73
363,89,74,48,48,0,0,2.46
364,90,5,60,60,0,0,4.11
365,90,15,60,60,0,0,3.62
366,90,18,60,60,0,0,3.55
367,90,25,48,48,0,0,1.28
368,90,35,72,72,0,0,3.31
369,91,17,64,64,0,0,2.82
370,91,24,48,48,1,0,3.85
371,91,41,50,50,0,0,3.15
372,91,45,48,48,0,0,1.99
373,91,47,72,72,0,0,6.60
374,91,68,48,48,0,0,5.73
375,92,76,48,48,0,0,2.79
376,93,11,72,72,0,0,1.74
377,93,43,60,60,0,0,5.72
378,93,53,96,96,0,0,3.24
379,93,54,36,36,0,0,5.84
380,93,65,50,50,0,0,2.67
381,94,26,60,60,0,0,2.79
382,94,29,48,48,0,0,2.02
383,94,37,60,60,0,0,3.17
384,94,81,50,50,0,0,4.75
385,95,31,72,72,0,0,3.41
386,95,34,60,60,0,0,4.52
387,95,61,72,72,0,0,2.75
388,95,62,60,60,0,0,2.54
389,96,49,42,42,0,0,5.09
390,96,72,72,72,0,0,5.20
391,97,28,72,72,0,0,1.80
392,97,58,66,66,0,0,3.32
393,97,59,66,66,0,0,3.42
394,98,2,60,60,0,0,2.58
395,98,9,72,72,0,0,5.04
396,98,23,72,72,0,0,0.58
397,98,39,80,80,0,0,3.11
398,98,71,60,60,0,0,5.16
399,98,85,72,72,0,0,2.27
400,99,92,80,80,0,0,3.69
401,100,1,72,72,0,0,4.01
402,100,56,48,48,0,0,2.26
403,100,82,70,70,0,0,2.25
404,100,87,48,48,0,0,5.10
405,100,91,80,80,0,0,3.36
406,101,5,40,40,0,0,4.11
407,101,15,50,50,1,0,3.62
408,101,25,48,48,0,0,1.28
409,102,4,60,57,0,3,2.59
410,102,12,16,15,0,1,1.79
411,102,24,48,46,0,2,3.85
412,102,38,42,40,0,2,3.96
413,102,93,72,69,0,3,4.56
414,103,43,60,60,0,0,5.72
415,103,44,72,72,0,0,2.07
416,103,54,72,72,0,0,5.84
417,103,65,40,40,0,0,2.67
418,104,60,80,80,0,0,3.45
419,104,88,48,48,0,0,5.55
420,105,22,60,60,0,0,0.42
421,105,34,70,70,0,0,4.52
422,105,48,18,18,0,0,9.61
423,105,51,64,64,0,0,5.91
424,105,62,80,80,0,0,2.54
425,105,84,72,72,0,0,2.51
426,106,90,40,40,0,0,3.17
427,107,27,80,80,0,0,3.55
428,107,40,96,96,0,0,2.81
429,107,52,20,20,0,0,3.32
430,107,80,72,72,0,0,3.36
431,107,86,64,64,0,0,1.84
432,108,19,54,54,0,0,3.44
433,108,28,72,72,0,0,1.80
434,108,58,78,78,0,0,3.32
435,108,59,66,66,0,0,3.42
436,109,9,72,72,0,0,5.04
437,109,30,64,64,0,0,2.13
438,109,36,48,48,0,0,3.09
439,109,39,64,64,0,0,3.11
440,109,67,72,72,0,0,4.16
441,110,1,72,72,0,0,4.01
442,110,16,96,96,0,0,3.12
443,110,32,40,40,0,0,2.42
444,110,56,72,72,1,0,2.26
445,110,70,80,80,0,0,4.60
446,110,73,72,72,0,0,5.73
447,111,74,72,72,0,0,2.46
448,112,5,60,60,0,0,4.11
449,112,15,70,70,0,0,3.62
450,112,18,60,60,0,0,3.55
451,112,25,48,48,0,0,1.28
452,112,33,72,72,0,0,3.95
453,112,35,72,72,0,0,3.31
454,113,17,48,48,0,0,2.82
455,113,24,48,48,0,0,3.85
456,113,45,42,42,0,0,1.99
457,113,47,72,72,0,0,6.60
458,113,76,60,60,0,0,2.79
459,114,11,36,36,0,0,1.74
460,114,43,60,60,0,0,5.72
461,114,53,96,96,0,0,3.24
462,114,54,72,72,0,0,5.84
463,114,65,80,80,0,0,2.67
464,115,26,60,60,0,0,2.79
465,115,29,78,78,0,0,2.02
466,115,37,90,90,0,0,3.17
467,115,81,70,70,0,0,4.75
468,116,31,72,72,0,0,3.41
469,116,61,36,36,0,0,2.75
470,117,40,48,48,0,0,2.81
471,117,49,60,60,0,0,5.09
472,117,72,56,56,0,0,5.20
473,118,28,48,48,0,0,1.80
474,118,58,66,66,0,0,3.32
475,118,59,66,66,0,0,3.42
476,119,2,60,57,0,3,2.58
477,119,9,72,69,0,3,5.04
478,119,23,72,69,0,3,0.58
479,119,39,56,54,0,2,3.11
480,119,55,84,81,0,3,2.64
481,119,63,96,93,1,3,2.52
482,120,67,108,108,0,0,4.16
483,120,85,48,48,0,0,2.27
484,120,92,60,60,0,0,3.69
485,121,1,36,36,0,0,4.01
486,121,70,80,80,0,0,4.60
487,121,82,50,50,0,0,2.25
488,121,87,72,72,0,0,5.10
489,121,91,80,80,0,0,3.36
490,122,5,60,60,0,0,4.11
491,122,15,60,60,0,0,3.62
492,122,25,96,96,0,0,1.28
493,122,35,64,64,0,0,3.31
494,123,24,96,96,0,0,3.85
495,123,38,54,54,0,0,3.96
496,123,47,36,36,0,0,6.60
497,123,93,72,72,0,0,4.56
498,124,11,72,72,0,0,1.74
499,124,43,84,84,0,0,5.72
500,124,44,72,72,0,0,2.07
501,124,54,36,36,0,0,5.84
502,125,60,60,60,0,0,3.45
503,125,88,72,72,0,0,5.55
504,126,22,40,40,0,0,0.42
505,126,34,70,70,0,0,4.52
506,126,51,48,48,0,0,5.91
507,126,62,20,20,0,0,2.54
508,126,84,72,72,0,0,2.51
509,127,27,80,80,0,0,3.55
510,127,40,72,72,0,0,2.81
511,127,52,40,40,0,0,3.32
512,127,64,56,56,0,0,3.05
513,127,80,48,48,0,0,3.36
514,127,86,56,56,0,0,1.84
515,128,19,30,30,0,0,3.44
516,128,28,72,72,0,0,1.80
517,128,58,108,108,0,0,3.32
518,128,59,66,66,1,0,3.42
519,129,2,60,60,0,0,2.58
520,129,30,48,48,0,0,2.13
521,129,39,40,40,0,0,3.11
522,129,55,60,60,0,0,2.64
523,129,67,72,72,0,0,4.16
524,130,1,72,72,0,0,4.01
525,130,8,56,56,0,0,5.95
526,130,16,96,96,0,0,3.12
527,130,32,60,60,0,0,2.42
528,130,70,40,40,0,0,4.60
529,130,73,72,72,0,0,5.73
530,131,74,72,72,0,0,2.46
531,131,91,64,64,0,0,3.36
532,132,5,80,80,0,0,4.11
533,132,15,60,60,0,0,3.62
534,132,18,60,60,0,0,3.55
535,132,25,48,48,0,0,1.28
536,132,35,72,72,0,0,3.31
537,133,17,56,56,0,0,2.82
538,133,24,48,48,0,0,3.85
539,133,41,40,40,0,0,3.15
540,133,45,36,36,0,0,1.99
541,133,68,32,32,0,0,5.73
542,133,76,102,102,0,0,2.79
543,134,11,72,72,0,0,1.74
544,134,43,60,60,0,0,5.72
545,134,53,48,48,0,0,3.24
546,134,54,72,72,0,0,5.84
547,134,65,70,70,0,0,2.67
548,135,26,48,48,0,0,2.79
549,135,29,54,54,0,0,2.02
550,135,37,66,66,0,0,3.17
551,135,81,80,80,0,0,4.75
552,136,31,72,69,0,3,3.41
553,136,34,50,48,0,2,4.52
554,136,48,72,69,0,3,9.61
555,136,61,72,69,1,3,2.75
556,136,90,60,57,0,3,3.17
557,137,49,42,42,0,0,5.09
558,137,72,32,32,0,0,5.20
559,138,28,72,72,0,0,1.80
560,138,58,66,66,0,0,3.32
561,138,59,42,42,0,0,3.42
562,139,2,60,60,0,0,2.58
563,139,9,108,108,0,0,5.04
564,139,23,72,72,0,0,0.58
565,139,39,56,56,0,0,3.11
566,139,55,48,48,0,0,2.64
567,139,63,96,96,0,0,2.52
568,140,71,60,60,0,0,5.16
569,140,85,96,96,0,0,2.27
570,140,92,20,20,0,0,3.69
571,141,1,108,108,0,0,4.01
572,141,82,60,60,0,0,2.25
573,141,87,48,48,0,0,5.10
574,142,5,60,60,0,0,4.11
575,142,15,80,80,0,0,3.62
576,142,25,48,48,0,0,1.28
577,142,35,80,80,0,0,3.31
578,143,24,24,24,0,0,3.85
579,143,38,54,54,0,0,3.96
580,143,47,108,108,0,0,6.60
581,143,93,72,72,0,0,4.56
582,144,11,36,36,0,0,1.74
583,144,43,72,72,0,0,5.72
584,144,44,108,108,0,0,2.07
585,144,54,36,36,0,0,5.84
586,145,60,80,80,0,0,3.45
587,145,88,48,48,0,0,5.55
588,146,22,40,40,0,0,0.42
589,146,34,70,70,0,0,4.52
590,146,51,64,64,0,0,5.91
591,146,62,40,40,0,0,2.54
592,146,84,72,72,1,0,2.51
593,147,27,100,100,0,0,3.55
594,147,40,96,96,0,0,2.81
595,147,52,80,80,0,0,3.32
596,147,64,72,72,0,0,3.05
597,147,80,96,96,0,0,3.36
598,147,86,40,40,0,0,1.84
599,148,19,36,36,0,0,3.44
600,148,28,48,48,0,0,1.80
601,148,59,84,84,0,0,3.42
602,149,2,80,80,0,0,2.58
603,149,9,36,36,0,0,5.04
604,149,30,72,72,0,0,2.13
605,149,39,96,96,0,0,3.11
606,149,55,60,60,0,0,2.64
607,149,67,72,72,0,0,4.16
608,150,71,70,70,0,0,5.16
609,151,1,72,72,0,0,4.01
610,151,16,72,72,0,0,3.12
611,151,32,70,70,0,0,2.42
612,151,57,80,80,0,0,2.74
613,151,73,72,72,0,0,5.73
614,151,74,64,64,0,0,2.46
615,152,91,56,56,0,0,3.36
616,153,5,60,57,0,3,4.11
617,153,15,70,67,0,3,3.62
618,153,18,60,57,0,3,3.55
619,153,25,96,93,0,3,1.28
620,154,17,80,80,0,0,2.82
621,154,24,72,72,0,0,3.85
622,154,45,84,84,0,0,1.99
623,154,68,32,32,0,0,5.73
624,154,76,72,72,0,0,2.79
625,155,11,72,72,0,0,1.74
626,155,43,60,60,0,0,5.72
627,155,53,96,96,0,0,3.24
628,155,54,36,36,0,0,5.84
629,155,65,80,80,1,0,2.67
630,156,26,48,48,0,0,2.79
631,156,37,54,54,0,0,3.17
632,156,81,70,70,0,0,4.75
633,157,3,96,96,0,0,2.24
634,157,31,72,72,0,0,3.41
635,157,34,40,40,0,0,4.52
636,157,48,54,54,0,0,9.61
637,157,61,72,72,0,0,2.75
638,157,90,60,60,0,0,3.17
639,158,40,24,24,0,0,2.81
640,158,49,90,90,0,0,5.09
641,158,72,48,48,0,0,5.20
642,159,28,72,72,0,0,1.80
643,159,58,66,66,0,0,3.32
644,159,59,66,66,0,0,3.42
645,160,23,36,36,0,0,0.58
646,160,30,56,56,0,0,2.13
647,160,36,72,72,0,0,3.09
648,160,39,48,48,0,0,3.11
649,160,55,84,84,0,0,2.64
650,160,63,48,48,0,0,2.52
651,161,71,40,40,0,0,5.16
652,161,85,60,60,0,0,2.27
653,161,92,50,50,0,0,3.69
654,162,1,36,36,0,0,4.01
655,162,8,64,64,0,0,5.95
656,162,82,70,70,0,0,2.25
657,162,87,48,48,0,0,5.10
658,163,5,20,20,0,0,4.11
659,163,15,60,60,0,0,3.62
660,163,25,48,48,0,0,1.28
661,163,35,56,56,0,0,3.31
662,164,4,60,60,0,0,2.59
663,164,12,16,16,0,0,1.79
664,164,24,96,96,0,0,3.85
665,164,38,54,54,0,0,3.96
666,164,47,72,72,1,0,6.60
667,164,93,48,48,0,0,4.56
668,165,43,72,72,0,0,5.72
669,165,54,72,72,0,0,5.84
670,166,60,40,40,0,0,3.45
671,166,88,96,96,0,0,5.55
672,167,22,40,40,0,0,0.42
673,167,34,70,70,0,0,4.52
674,167,51,80,80,0,0,5.91
675,167,62,80,80,0,0,2.54
676,167,84,72,72,0,0,2.51
677,167,90,60,60,0,0,3.17
678,168,27,40,40,0,0,3.55
679,168,40,96,96,0,0,2.81
680,168,46,40,40,0,0,2.59
681,168,52,20,20,0,0,3.32
682,168,64,40,40,0,0,3.05
683,168,80,72,72,0,0,3.36
684,169,86,64,64,0,0,1.84
685,170,19,60,57,0,3,3.44
686,170,28,48,46,0,2,1.80
687,170,58,54,52,0,2,3.32
688,170,59,48,46,0,2,3.42
689,171,30,72,72,0,0,2.13
690,171,39,56,56,0,0,3.11
691,171,55,60,60,0,0,2.64
692,171,67,72,72,0,0,4.16
693,171,71,50,50,0,0,5.16
694,172,1,108,108,0,0,4.01
695,172,8,24,24,0,0,5.95
696,172,16,48,48,0,0,3.12
697,172,32,40,40,0,0,2.42
698,172,73,48,48,0,0,5.73
699,172,74,56,56,0,0,2.46
700,173,5,60,60,0,0,4.11
701,173,15,70,70,0,0,3.62
702,173,18,80,80,0,0,3.55
703,173,25,48,48,1,0,1.28
704,173,33,72,72,0,0,3.95
705,173,35,96,96,0,0,3.31
706,174,17,48,48,0,0,2.82
707,174,24,24,24,0,0,3.85
708,174,41,20,20,0,0,3.15
709,174,45,72,72,0,0,1.99
710,174,76,54,54,0,0,2.79
711,175,11,108,108,0,0,1.74
712,175,43,24,24,0,0,5.72
713,175,54,72,72,0,0,5.84
714,175,65,70,70,0,0,2.67
715,176,26,60,60,0,0,2.79
716,176,29,72,72,0,0,2.02
717,176,37,66,66,0,0,3.17
718,176,81,40,40,0,0,4.75
719,177,31,72,72,0,0,3.41
720,177,48,54,54,0,0,9.61
721,177,61,60,60,0,0,2.75
722,177,90,60,60,0,0,3.17
723,178,49,36,36,0,0,5.09
724,178,52,60,60,0,0,3.32
725,178,72,40,40,0,0,5.20
726,179,28,96,96,0,0,1.80
727,179,59,84,84,0,0,3.42
728,179,66,48,48,0,0,4.47
729,180,2,40,40,0,0,2.58
730,180,9,108,108,0,0,5.04
731,180,23,72,72,0,0,0.58
732,180,39,72,72,0,0,3.11
733,180,55,72,72,0,0,2.64
734,180,63,96,96,0,0,2.52
735,181,71,80,80,0,0,5.16
736,181,85,60,60,0,0,2.27
737,181,92,60,60,0,0,3.69
738,182,1,36,36,0,0,4.01
739,182,57,80,80,0,0,2.74
740,182,82,50,50,1,0,2.25
741,182,87,72,72,0,0,5.10
742,183,5,80,80,0,0,4.11
743,183,15,60,60,0,0,3.62
744,183,25,48,48,0,0,1.28
745,183,33,72,72,0,0,3.95
746,183,35,56,56,0,0,3.31
747,184,12,32,32,0,0,1.79
748,184,24,72,72,0,0,3.85
749,184,38,66,66,0,0,3.96
750,184,41,50,50,0,0,3.15
751,184,93,48,48,0,0,4.56
752,185,43,72,72,0,0,5.72
753,185,44,72,72,0,0,2.07
754,185,54,72,72,0,0,5.84
755,186,60,60,60,0,0,3.45
756,186,88,48,48,0,0,5.55
757,187,22,60,57,0,3,0.42
758,187,48,48,46,0,2,9.61
759,187,51,56,54,0,2,5.91
760,187,62,40,38,0,2,2.54
761,187,84,72,69,0,3,2.51
762,188,27,60,60,0,0,3.55
763,188,52,80,80,0,0,3.32
764,188,64,56,56,0,0,3.05
765,188,80,96,96,0,0,3.36
766,188,86,64,64,0,0,1.84
767,189,19,42,42,0,0,3.44
768,189,28,72,72,0,0,1.80
769,189,59,72,72,0,0,3.42
770,190,2,80,80,0,0,2.58
771,190,30,48,48,0,0,2.13
772,190,39,72,72,0,0,3.11
773,190,55,60,60,0,0,2.64
774,190,67,72,72,0,0,4.16
775,191,1,72,72,0,0,4.01
776,191,8,48,48,0,0,5.95
777,191,16,72,72,1,0,3.12
778,191,32,40,40,0,0,2.42
779,191,57,40,40,0,0,2.74
780,191,70,60,60,0,0,4.60
781,192,73,96,96,0,0,5.73
782,192,74,72,72,0,0,2.46
783,192,91,48,48,0,0,3.36
784,193,5,60,60,0,0,4.11
785,193,15,50,50,0,0,3.62
786,193,18,80,80,0,0,3.55
787,193,25,96,96,0,0,1.28
788,194,17,80,80,0,0,2.82
789,194,24,48,48,0,0,3.85
790,194,41,50,50,0,0,3.15
791,194,45,48,48,0,0,1.99
792,194,47,72,72,0,0,6.60
793,194,68,64,64,0,0,5.73
794,195,76,60,60,0,0,2.79
795,196,11,72,72,0,0,1.74
796,196,43,48,48,0,0,5.72
797,196,53,96,96,0,0,3.24
798,196,54,36,36,0,0,5.84
799,196,65,60,60,0,0,2.67
800,197,26,36,36,0,0,2.79
801,197,29,54,54,0,0,2.02
802,197,37,54,54,0,0,3.17
803,197,81,70,70,0,0,4.75
804,198,31,72,72,0,0,3.41
805,198,34,40,40,0,0,4.52
806,198,61,48,48,0,0,2.75
807,198,90,80,80,0,0,3.17
808,199,49,102,102,0,0,5.09
809,199,72,56,56,0,0,5.20
810,200,28,72,72,0,0,1.80
811,200,59,66,66,0,0,3.42
812,201,2,60,60,0,0,2.58
813,201,9,72,72,0,0,5.04
814,201,23,72,72,1,0,0.58
815,201,36,96,96,0,0,3.09
816,201,39,80,80,0,0,3.11
817,201,55,72,72,0,0,2.64
818,202,63,48,48,0,0,2.52
819,202,71,40,40,0,0,5.16
820,202,85,84,84,0,0,2.27
821,202,92,50,50,0,0,3.69
822,203,1,72,72,0,0,4.01
823,203,57,80,80,0,0,2.74
824,203,82,30,30,0,0,2.25
825,203,87,72,72,0,0,5.10
826,204,5,60,57,0,3,4.11
827,204,15,60,57,0,3,3.62
828,204,25,48,46,0,2,1.28
829,204,33,108,105,0,3,3.95
830,204,35,40,38,0,2,3.31
831,205,4,40,40,0,0,2.59
832,205,12,40,40,0,0,1.79
833,205,24,48,48,0,0,3.85
834,205,38,96,96,0,0,3.96
835,205,47,36,36,0,0,6.60
836,205,93,72,72,0,0,4.56
837,206,43,48,48,0,0,5.72
838,206,54,72,72,0,0,5.84
839,207,60,60,60,0,0,3.45
840,207,88,72,72,0,0,5.55
841,208,22,40,40,0,0,0.42
842,208,51,64,64,0,0,5.91
843,208,62,80,80,0,0,2.54
844,208,84,72,72,0,0,2.51
845,209,27,80,80,0,0,3.55
846,209,40,48,48,0,0,2.81
847,209,46,80,80,0,0,2.59
848,209,52,20,20,0,0,3.32
849,209,64,56,56,0,0,3.05
850,209,80,72,72,0,0,3.36
851,210,86,56,56,1,0,1.84
852,211,19,78,78,0,0,3.44
853,211,28,96,96,0,0,1.80
854,211,58,72,72,0,0,3.32
855,211,59,84,84,0,0,3.42
856,212,9,36,36,0,0,5.04
857,212,30,56,56,0,0,2.13
858,212,39,56,56,0,0,3.11
859,212,55,60,60,0,0,2.64
860,212,67,72,72,0,0,4.16
861,213,1,72,72,0,0,4.01
862,213,16,96,96,0,0,3.12
863,213,32,60,60,0,0,2.42
864,213,70,80,80,0,0,4.60
865,213,73,72,72,0,0,5.73
866,213,74,80,80,0,0,2.46
867,214,91,64,64,0,0,3.36
868,215,5,100,100,0,0,4.11
869,215,15,50,50,0,0,3.62
870,215,18,60,60,0,0,3.55
871,215,25,48,48,0,0,1.28
872,216,17,32,32,0,0,2.82
873,216,24,72,72,0,0,3.85
874,216,41,60,60,0,0,3.15
875,216,45,48,48,0,0,1.99
876,216,68,40,40,0,0,5.73
877,216,76,60,60,0,0,2.79
878,217,11,72,72,0,0,1.74
879,217,43,84,84,0,0,5.72
880,217,53,48,48,0,0,3.24
881,217,54,72,72,0,0,5.84
882,217,65,60,60,0,0,2.67
883,218,26,60,60,0,0,2.79
884,218,29,78,78,0,0,2.02
885,218,37,84,84,0,0,3.17
886,218,81,60,60,0,0,4.75
887,219,31,72,72,0,0,3.41
888,219,34,50,50,1,0,4.52
889,219,48,60,60,0,0,9.61
890,219,61,60,60,0,0,2.75
891,220,49,54,54,0,0,5.09
892,220,72,64,64,0,0,5.20
893,221,28,24,23,0,1,1.80
894,221,59,84,81,0,3,3.42
895,222,2,60,60,0,0,2.58
896,222,9,108,108,0,0,5.04
897,222,23,72,72,0,0,0.58
898,222,36,72,72,0,0,3.09
899,222,39,56,56,0,0,3.11
900,222,63,48,48,0,0,2.52
901,223,85,60,60,0,0,2.27
902,223,92,40,40,0,0,3.69
903,224,1,36,36,0,0,4.01
904,224,56,72,72,0,0,2.26
905,224,57,60,60,0,0,2.74
906,224,70,60,60,0,0,4.60
907,224,82,40,40,0,0,2.25
908,224,87,48,48,0,0,5.10
909,225,91,64,64,0,0,3.36
910,226,5,60,60,0,0,4.11
911,226,15,50,50,0,0,3.62
912,226,25,48,48,0,0,1.28
913,226,35,56,56,0,0,3.31
914,227,12,56,56,0,0,1.79
915,227,24,72,72,0,0,3.85
916,227,38,36,36,0,0,3.96
917,227,47,72,72,0,0,6.60
918,227,93,48,48,0,0,4.56
919,228,43,48,48,0,0,5.72
920,228,44,108,108,0,0,2.07
921,228,54,36,36,0,0,5.84
922,229,60,40,40,0,0,3.45
923,229,88,72,72,0,0,5.55
924,230,22,20,20,0,0,0.42
925,230,34,70,70,1,0,4.52
926,230,51,88,88,0,0,5.91
927,230,62,40,40,0,0,2.54
928,230,84,72,72,0,0,2.51
929,231,27,60,60,0,0,3.55
930,231,40,72,72,0,0,2.81
931,231,52,60,60,0,0,3.32
932,231,64,72,72,0,0,3.05
933,231,80,72,72,0,0,3.36
934,231,86,48,48,0,0,1.84
935,232,19,66,66,0,0,3.44
936,232,28,48,48,0,0,1.80
937,232,59,42,42,0,0,3.42
938,233,2,100,100,0,0,2.58
939,233,30,72,72,0,0,2.13
940,233,39,64,64,0,0,3.11
941,233,67,72,72,0,0,4.16
942,234,1,108,108,0,0,4.01
943,234,8,40,40,0,0,5.95
944,234,16,72,72,0,0,3.12
945,234,32,50,50,0,0,2.42
946,234,56,48,48,0,0,2.26
947,234,57,60,60,0,0,2.74
948,235,70,40,40,0,0,4.60
949,235,73,72,72,0,0,5.73
950,235,74,56,56,0,0,2.46
951,235,91,32,32,0,0,3.36
952,236,5,60,60,0,0,4.11
953,236,15,70,70,0,0,3.62
954,236,18,60,60,0,0,3.55
955,236,25,96,96,0,0,1.28
956,237,17,24,24,0,0,2.82
957,237,24,48,48,0,0,3.85
958,237,41,40,40,0,0,3.15
959,237,45,42,42,0,0,1.99
960,237,68,64,64,0,0,5.73
961,237,76,60,60,0,0,2.79
962,238,11,72,69,1,3,1.74
963,238,43,60,57,0,3,5.72
964,238,53,96,93,0,3,3.24
965,238,54,72,69,0,3,5.84
966,238,65,80,77,0,3,2.67
967,239,26,84,84,0,0,2.79
968,239,29,54,54,0,0,2.02
969,239,37,66,66,0,0,3.17
970,239,81,50,50,0,0,4.75
971,240,3,72,72,0,0,2.24
972,240,31,72,72,0,0,3.41
973,240,34,50,50,0,0,4.52
974,240,48,60,60,0,0,9.61
975,240,61,60,60,0,0,2.75
976,240,90,80,80,0,0,3.17
977,241,49,36,36,0,0,5.09
978,241,72,48,48,0,0,5.20
979,242,28,48,48,0,0,1.80
980,242,59,54,54,0,0,3.42
981,243,23,108,108,0,0,0.58
982,243,36,96,96,0,0,3.09
983,243,39,80,80,0,0,3.11
984,243,63,96,96,0,0,2.52
985,243,85,60,60,0,0,2.27
986,243,92,50,50,0,0,3.69
987,244,1,36,36,0,0,4.01
988,244,8,64,64,0,0,5.95
989,244,56,72,72,0,0,2.26
990,244,57,40,40,0,0,2.74
991,244,70,80,80,0,0,4.60
992,244,82,40,40,0,0,2.25
993,245,87,48,48,0,0,5.10
994,246,5,60,60,0,0,4.11
995,246,15,60,60,0,0,3.62
996,246,25,48,48,0,0,1.28
997,247,4,60,60,0,0,2.59
998,247,12,64,64,0,0,1.79
999,247,24,96,96,1,0,3.85
1000,247,38,66,66,0,0,3.96
1001,247,41,80,80,0,0,3.15
1002,247,47,72,72,0,0,6.60
1003,248,93,72,72,0,0,4.56
1004,249,43,60,60,0,0,5.72
1005,249,54,72,72,0,0,5.84
1006,250,60,60,60,0,0,3.45
1007,250,83,96,96,0,0,2.63
1008,250,88,72,72,0,0,5.55
1009,251,22,40,40,0,0,0.42
1010,251,34,100,100,0,0,4.52
1011,251,51,88,88,0,0,5.91
1012,251,62,40,40,0,0,2.54
1013,252,27,80,80,0,0,3.55
1014,252,46,80,80,0,0,2.59
1015,252,52,20,20,0,0,3.32
1016,252,64,72,72,0,0,3.05
1017,252,80,48,48,0,0,3.36
1018,252,86,96,96,0,0,1.84
1019,253,19,78,78,0,0,3.44
1020,253,28,72,72,0,0,1.80
1021,253,58,72,72,0,0,3.32
1022,253,59,84,84,0,0,3.42
1023,253,66,48,48,0,0,4.47
1024,254,30,80,80,0,0,2.13
1025,254,36,48,48,0,0,3.09
1026,254,39,80,80,0,0,3.11
1027,254,55,60,60,0,0,2.64
1028,255,1,72,69,0,3,4.01
1029,255,8,56,54,0,2,5.95
1030,255,16,72,69,0,3,3.12
1031,255,32,40,38,0,2,2.42
1032,255,70,60,57,0,3,4.60
1033,255,73,72,69,0,3,5.73
1034,256,74,64,64,0,0,2.46
1035,256,91,48,48,0,0,3.36
1036,257,5,80,80,1,0,4.11
1037,257,15,60,60,0,0,3.62
1038,257,18,80,80,0,0,3.55
1039,257,25,48,48,0,0,1.28
1040,257,33,72,72,0,0,3.95
1041,258,12,72,72,0,0,1.79
1042,258,17,24,24,0,0,2.82
1043,258,24,24,24,0,0,3.85
1044,258,45,72,72,0,0,1.99
1045,258,47,72,72,0,0,6.60
1046,258,76,84,84,0,0,2.79
1047,259,43,48,48,0,0,5.72
1048,259,53,48,48,0,0,3.24
1049,259,54,36,36,0,0,5.84
1050,259,65,80,80,0,0,2.67
1051,260,26,84,84,0,0,2.79
1052,260,29,60,60,0,0,2.02
1053,260,37,60,60,0,0,3.17
1054,261,31,72,72,0,0,3.41
1055,261,61,36,36,0,0,2.75
1056,261,90,80,80,0,0,3.17
1057,262,40,72,72,0,0,2.81
1058,262,49,66,66,0,0,5.09
1059,262,72,32,32,0,0,5.20
1060,262,80,48,48,0,0,3.36
1061,263,28,72,72,0,0,1.80
1062,263,58,66,66,0,0,3.32
1063,263,59,48,48,0,0,3.42
1064,263,66,48,48,0,0,4.47
1065,264,2,60,60,0,0,2.58
1066,264,23,72,72,0,0,0.58
1067,264,36,72,72,0,0,3.09
1068,264,39,48,48,0,0,3.11
1069,264,55,72,72,0,0,2.64
1070,264,63,96,96,0,0,2.52
1071,265,71,40,40,0,0,5.16
1072,265,85,72,72,0,0,2.27
1073,265,92,60,60,1,0,3.69
1074,266,1,72,72,0,0,4.01
1075,266,8,72,72,0,0,5.95
1076,266,82,60,60,0,0,2.25
1077,266,87,48,48,0,0,5.10
1078,267,5,80,80,0,0,4.11
1079,267,15,70,70,0,0,3.62
1080,267,25,96,96,0,0,1.28
1081,267,33,72,72,0,0,3.95
1082,268,12,56,56,0,0,1.79
1083,268,24,72,72,0,0,3.85
1084,268,38,66,66,0,0,3.96
1085,268,41,70,70,0,0,3.15
1086,268,47,36,36,0,0,6.60
1087,268,93,48,48,0,0,4.56
1088,269,43,60,60,0,0,5.72
1089,269,53,48,48,0,0,3.24
1090,269,54,36,36,0,0,5.84
1091,270,60,60,60,0,0,3.45
1092,270,83,48,48,0,0,2.63
1093,270,88,48,48,0,0,5.55
1094,271,22,60,60,0,0,0.42
1095,271,51,56,56,0,0,5.91
1096,271,62,40,40,0,0,2.54
1097,272,27,40,38,0,2,3.55
1098,272,46,50,48,0,2,2.59
1099,272,64,64,61,0,3,3.05
1100,272,80,48,46,0,2,3.36
1101,272,86,40,38,0,2,1.84
1102,273,19,54,54,0,0,3.44
1103,273,28,48,48,0,0,1.80
1104,273,58,78,78,0,0,3.32
1105,273,59,78,78,0,0,3.42
1106,274,2,80,80,0,0,2.58
1107,274,9,72,72,0,0,5.04
1108,274,30,48,48,0,0,2.13
1109,274,36,24,24,0,0,3.09
1110,274,39,56,56,1,0,3.11
1111,274,67,72,72,0,0,4.16
1112,275,1,72,72,0,0,4.01
1113,275,16,72,72,0,0,3.12
1114,275,32,70,70,0,0,2.42
1115,275,56,72,72,0,0,2.26
1116,275,70,80,80,0,0,4.60
1117,275,73,72,72,0,0,5.73
1118,276,74,56,56,0,0,2.46
1119,276,91,32,32,0,0,3.36
1120,277,5,60,60,0,0,4.11
1121,277,15,50,50,0,0,3.62
1122,277,25,48,48,0,0,1.28
1123,277,33,72,72,0,0,3.95
1124,278,12,72,72,0,0,1.79
1125,278,17,80,80,0,0,2.82
1126,278,24,48,48,0,0,3.85
1127,278,45,72,72,0,0,1.99
1128,278,68,32,32,0,0,5.73
1129,278,76,54,54,0,0,2.79
1130,279,43,60,60,0,0,5.72
1131,279,53,96,96,0,0,3.24
1132,279,54,72,72,0,0,5.84
1133,279,65,70,70,0,0,2.67
1134,280,26,48,48,0,0,2.79
1135,280,29,42,42,0,0,2.02
1136,280,37,48,48,0,0,3.17
1137,280,81,80,80,0,0,4.75
1138,281,31,72,72,0,0,3.41
1139,281,48,60,60,0,0,9.61
1140,281,61,60,60,0,0,2.75
1141,281,62,100,100,0,0,2.54
1142,281,90,60,60,0,0,3.17
1143,282,40,96,96,0,0,2.81
1144,282,49,48,48,0,0,5.09
1145,282,72,64,64,0,0,5.20
1146,283,19,84,84,0,0,3.44
1147,283,28,72,72,1,0,1.80
1148,283,59,60,60,0,0,3.42
1149,284,2,40,40,0,0,2.58
1150,284,9,108,108,0,0,5.04
1151,284,23,72,72,0,0,0.58
1152,284,36,72,72,0,0,3.09
1153,284,39,96,96,0,0,3.11
1154,284,55,72,72,0,0,2.64
1155,285,71,80,80,0,0,5.16
1156,285,85,96,96,0,0,2.27
1157,285,92,90,90,0,0,3.69
1158,286,1,72,72,0,0,4.01
1159,286,57,60,60,0,0,2.74
1160,286,82,50,50,0,0,2.25
1161,286,87,72,72,0,0,5.10
1162,287,5,60,60,0,0,4.11
1163,287,15,80,80,0,0,3.62
1164,287,25,96,96,0,0,1.28
1165,287,35,40,40,0,0,3.31
1166,288,12,48,48,0,0,1.79
1167,288,24,96,96,0,0,3.85
1168,288,38,54,54,0,0,3.96
1169,288,47,72,72,0,0,6.60
1170,288,93,72,72,0,0,4.56
1171,289,43,72,69,0,3,5.72
1172,289,44,108,105,0,3,2.07
1173,289,54,72,69,0,3,5.84
1174,290,60,40,40,0,0,3.45
1175,290,83,96,96,0,0,2.63
1176,290,88,96,96,0,0,5.55
1177,291,22,60,60,0,0,0.42
1178,291,34,40,40,0,0,4.52
1179,291,51,80,80,0,0,5.91
1180,291,62,60,60,0,0,2.54
1181,292,27,60,60,0,0,3.55
1182,292,40,72,72,0,0,2.81
1183,292,52,20,20,0,0,3.32
1184,292,64,56,56,1,0,3.05
1185,292,80,72,72,0,0,3.36
1186,292,86,88,88,0,0,1.84
1187,293,19,90,90,0,0,3.44
1188,293,28,120,120,0,0,1.80
1189,293,59,54,54,0,0,3.42
1190,294,2,100,100,0,0,2.58
1191,294,9,72,72,0,0,5.04
1192,294,30,80,80,0,0,2.13
1193,294,39,48,48,0,0,3.11
1194,294,55,60,60,0,0,2.64
1195,294,67,72,72,0,0,4.16
1196,295,1,72,72,0,0,4.01
1197,295,16,96,96,0,0,3.12
1198,295,32,60,60,0,0,2.42
1199,295,57,60,60,0,0,2.74
1200,295,70,40,40,0,0,4.60
1201,295,73,96,96,0,0,5.73
1202,296,74,64,64,0,0,2.46
1203,296,91,56,56,0,0,3.36
1204,297,5,80,80,0,0,4.11
1205,297,15,50,50,0,0,3.62
1206,297,18,80,80,0,0,3.55
1207,297,25,48,48,0,0,1.28
1208,298,17,72,72,0,0,2.82
1209,298,24,72,72,0,0,3.85
1210,298,41,40,40,0,0,3.15
1211,298,45,60,60,0,0,1.99
1212,298,68,40,40,0,0,5.73
1213,298,76,78,78,0,0,2.79
1214,299,11,72,72,0,0,1.74
1215,299,43,60,60,0,0,5.72
1216,299,53,96,96,0,0,3.24
1217,299,54,72,72,0,0,5.84
1218,299,65,80,80,0,0,2.67
1219,300,26,60,60,0,0,2.79
1220,300,29,72,72,0,0,2.02
1221,300,37,72,72,1,0,3.17
1222,300,83,24,24,0,0,2.63
1223,301,31,72,72,0,0,3.41
1224,301,34,50,50,0,0,4.52
1225,301,48,54,54,0,0,9.61
1226,301,61,72,72,0,0,2.75
1227,301,90,80,80,0,0,3.17
1228,302,49,42,42,0,0,5.09
1229,302,72,48,48,0,0,5.20
1230,302,80,72,72,0,0,3.36
1231,303,28,48,48,0,0,1.80
1232,303,59,60,60,0,0,3.42
1233,304,2,40,40,0,0,2.58
1234,304,23,36,36,0,0,0.58
1235,304,36,72,72,0,0,3.09
1236,304,39,72,72,0,0,3.11
1237,304,55,48,48,0,0,2.64
1238,304,63,96,96,0,0,2.52
1239,305,71,80,80,0,0,5.16
1240,305,85,60,60,0,0,2.27
1241,305,92,50,50,0,0,3.69
1242,306,1,72,69,0,3,4.01
1243,306,8,64,61,0,3,5.95
1244,306,57,40,38,0,2,2.74
1245,306,87,48,46,0,2,5.10
1246,307,5,60,60,0,0,4.11
1247,307,15,50,50,0,0,3.62
1248,307,25,48,48,0,0,1.28
1249,307,33,72,72,0,0,3.95
1250,308,4,80,80,0,0,2.59
1251,308,12,48,48,0,0,1.79
1252,308,24,24,24,0,0,3.85
1253,308,38,54,54,0,0,3.96
1254,308,41,70,70,0,0,3.15
1255,308,47,72,72,0,0,6.60
1256,309,93,96,96,0,0,4.56
1257,310,43,60,60,0,0,5.72
1258,310,44,72,72,1,0,2.07
1259,310,54,36,36,0,0,5.84
1260,311,60,80,80,0,0,3.45
1261,311,81,50,50,0,0,4.75
1262,311,88,72,72,0,0,5.55
1263,312,22,60,60,0,0,0.42
1264,312,51,72,72,0,0,5.91
1265,312,62,80,80,0,0,2.54
1266,312,84,72,72,0,0,2.51
1267,313,27,80,80,0,0,3.55
1268,313,52,60,60,0,0,3.32
1269,313,64,80,80,0,0,3.05
1270,313,86,80,80,0,0,1.84
1271,314,19,24,24,0,0,3.44
1272,314,28,72,72,0,0,1.80
1273,314,58,60,60,0,0,3.32
1274,314,59,84,84,0,0,3.42
1275,315,30,48,48,0,0,2.13
1276,315,36,72,72,0,0,3.09
1277,315,39,56,56,0,0,3.11
1278,315,55,60,60,0,0,2.64
1279,315,67,72,72,0,0,4.16
1280,315,71,70,70,0,0,5.16
1281,316,1,72,72,0,0,4.01
1282,316,8,80,80,0,0,5.95
1283,316,16,48,48,0,0,3.12
1284,316,32,50,50,0,0,2.42
1285,316,73,72,72,0,0,5.73
1286,316,74,56,56,0,0,2.46
1287,317,91,56,56,0,0,3.36
1288,318,5,60,60,0,0,4.11
1289,318,15,40,40,0,0,3.62
1290,318,18,100,100,0,0,3.55
1291,318,25,96,96,0,0,1.28
1292,319,17,48,48,0,0,2.82
1293,319,24,48,48,0,0,3.85
1294,319,41,60,60,0,0,3.15
1295,319,45,78,78,1,0,1.99
1296,319,47,72,72,0,0,6.60
1297,319,68,56,56,0,0,5.73
1298,320,76,72,72,0,0,2.79
1299,321,11,36,36,0,0,1.74
1300,321,43,60,60,0,0,5.72
1301,321,53,96,96,0,0,3.24
1302,321,54,72,72,0,0,5.84
1303,321,65,60,60,0,0,2.67
1304,322,26,48,48,0,0,2.79
1305,322,29,90,90,0,0,2.02
1306,322,37,60,60,0,0,3.17
1307,322,81,60,60,0,0,4.75
1308,323,31,72,69,0,3,3.41
1309,323,34,60,57,0,3,4.52
1310,323,61,60,57,0,3,2.75
1311,323,62,60,57,0,3,2.54
1312,323,90,60,57,0,3,3.17
1313,324,49,72,72,0,0,5.09
1314,324,72,32,32,0,0,5.20
1315,325,28,48,48,0,0,1.80
1316,325,59,54,54,0,0,3.42
1317,326,2,40,40,0,0,2.58
1318,326,9,72,72,0,0,5.04
1319,326,23,72,72,0,0,0.58
1320,326,36,72,72,0,0,3.09
1321,326,39,56,56,0,0,3.11
1322,326,55,84,84,0,0,2.64
1323,327,85,48,48,0,0,2.27
1324,327,92,60,60,0,0,3.69
1325,328,1,72,72,0,0,4.01
1326,328,57,40,40,0,0,2.74
1327,328,70,80,80,0,0,4.60
1328,328,82,60,60,0,0,2.25
1329,328,87,48,48,0,0,5.10
1330,329,5,60,60,0,0,4.11
1331,329,15,20,20,0,0,3.62
1332,329,25,48,48,1,0,1.28
1333,329,33,72,72,0,0,3.95
1334,330,4,60,60,0,0,2.59
1335,330,12,32,32,0,0,1.79
1336,330,24,48,48,0,0,3.85
1337,330,38,72,72,0,0,3.96
1338,330,93,48,48,0,0,4.56
1339,331,43,72,72,0,0,5.72
1340,331,54,36,36,0,0,5.84
1341,332,60,60,60,0,0,3.45
1342,332,88,72,72,0,0,5.55
1343,333,22,40,40,0,0,0.42
1344,333,48,24,24,0,0,9.61
1345,333,51,64,64,0,0,5.91
1346,333,62,60,60,0,0,2.54
1347,333,84,72,72,0,0,2.51
1348,334,27,60,60,0,0,3.55
1349,334,40,72,72,0,0,2.81
1350,334,46,40,40,0,0,2.59
1351,334,52,20,20,0,0,3.32
1352,334,64,72,72,0,0,3.05
1353,334,80,72,72,0,0,3.36
1354,335,86,48,48,0,0,1.84
1355,336,19,48,48,0,0,3.44
1356,336,28,48,48,0,0,1.80
1357,336,59,48,48,0,0,3.42
1358,336,66,48,48,0,0,4.47
1359,337,30,56,56,0,0,2.13
1360,337,36,48,48,0,0,3.09
1361,337,39,80,80,0,0,3.11
1362,337,55,60,60,0,0,2.64
1363,337,71,50,50,0,0,5.16
1364,338,1,72,72,0,0,4.01
1365,338,8,24,24,0,0,5.95
1366,338,16,72,72,0,0,3.12
1367,338,32,30,30,0,0,2.42
1368,338,57,60,60,0,0,2.74
1369,338,73,72,72,1,0,5.73
1370,339,74,56,56,0,0,2.46
1371,339,91,32,32,0,0,3.36
1372,340,5,40,38,0,2,4.11
1373,340,15,50,48,0,2,3.62
1374,340,18,60,57,0,3,3.55
1375,340,25,48,46,0,2,1.28
1376,341,17,48,48,0,0,2.82
1377,341,24,72,72,0,0,3.85
1378,341,41,20,20,0,0,3.15
1379,341,45,66,66,0,0,1.99
1380,341,68,32,32,0,0,5.73
1381,341,76,66,66,0,0,2.79
1382,342,11,72,72,0,0,1.74
1383,342,43,60,60,0,0,5.72
1384,342,53,48,48,0,0,3.24
1385,342,54,72,72,0,0,5.84
1386,342,65,40,40,0,0,2.67
1387,343,26,72,72,0,0,2.79
1388,343,29,72,72,0,0,2.02
1389,343,37,48,48,0,0,3.17
1390,344,31,72,72,0,0,3.41
1391,344,34,50,50,0,0,4.52
1392,344,48,72,72,0,0,9.61
1393,344,61,48,48,0,0,2.75
1394,344,90,60,60,0,0,3.17
1395,345,49,66,66,0,0,5.09
1396,345,72,80,80,0,0,5.20
1397,345,80,48,48,0,0,3.36
1398,346,28,72,72,0,0,1.80
1399,346,59,66,66,0,0,3.42
1400,347,2,60,60,0,0,2.58
1401,347,9,72,72,0,0,5.04
1402,347,23,72,72,0,0,0.58
1403,347,36,72,72,0,0,3.09
1404,347,39,56,56,0,0,3.11
1405,347,55,48,48,0,0,2.64
1406,348,63,96,96,1,0,2.52
1407,348,85,72,72,0,0,2.27
1408,348,92,40,40,0,0,3.69
1409,349,1,72,72,0,0,4.01
1410,349,57,40,40,0,0,2.74
1411,349,70,60,60,0,0,4.60
1412,349,82,50,50,0,0,2.25
1413,349,87,72,72,0,0,5.10
1414,350,5,60,60,0,0,4.11
1415,350,15,70,70,0,0,3.62
1416,350,25,96,96,0,0,1.28
1417,350,33,72,72,0,0,3.95
1418,350,35,32,32,0,0,3.31
1419,351,12,16,16,0,0,1.79
1420,351,24,48,48,0,0,3.85
1421,351,38,54,54,0,0,3.96
1422,351,47,36,36,0,0,6.60
1423,351,93,96,96,0,0,4.56
1424,352,43,72,72,0,0,5.72
1425,352,44,72,72,0,0,2.07
1426,352,54,36,36,0,0,5.84
1427,353,60,60,60,0,0,3.45
1428,353,81,30,30,0,0,4.75
1429,353,88,24,24,0,0,5.55
1430,354,22,40,40,0,0,0.42
1431,354,51,64,64,0,0,5.91
1432,354,62,20,20,0,0,2.54
1433,354,84,72,72,0,0,2.51
1434,354,90,40,40,0,0,3.17
1435,355,27,40,40,0,0,3.55
1436,355,40,72,72,0,0,2.81
1437,355,52,60,60,0,0,3.32
1438,355,64,48,48,0,0,3.05
1439,355,86,40,40,0,0,1.84
1440,356,19,78,78,0,0,3.44
1441,356,28,48,48,0,0,1.80
1442,356,58,84,84,0,0,3.32
1443,356,59,54,54,1,0,3.42
1444,357,2,80,77,0,3,2.58
1445,357,30,72,69,0,3,2.13
1446,357,39,40,38,0,2,3.11
1447,357,55,60,57,0,3,2.64
1448,357,67,72,69,0,3,4.16
1449,357,71,30,29,0,1,5.16
1450,358,1,36,36,0,0,4.01
1451,358,8,16,16,0,0,5.95
1452,358,16,72,72,0,0,3.12
1453,358,32,80,80,0,0,2.42
1454,358,73,72,72,0,0,5.73
1455,358,74,48,48,0,0,2.46
1456,359,5,40,40,0,0,4.11
1457,359,15,30,30,0,0,3.62
1458,359,18,80,80,0,0,3.55
1459,360,17,24,24,0,0,2.82
1460,360,24,72,72,0,0,3.85
1461,360,45,48,48,0,0,1.99
1462,360,47,36,36,0,0,6.60
1463,360,68,64,64,0,0,5.73
1464,360,76,48,48,0,0,2.79
1465,361,11,72,72,0,0,1.74
1466,361,43,36,36,0,0,5.72
1467,361,53,48,48,0,0,3.24
1468,361,54,72,72,0,0,5.84
1469,361,65,50,50,0,0,2.67
1470,362,26,60,60,0,0,2.79
1471,362,29,36,36,0,0,2.02
1472,362,37,42,42,0,0,3.17
1473,362,81,80,80,0,0,4.75
1474,363,31,36,36,0,0,3.41
1475,363,34,60,60,0,0,4.52
1476,363,61,36,36,0,0,2.75
1477,363,90,60,60,0,0,3.17
1478,364,40,48,48,0,0,2.81
1479,364,49,48,48,0,0,5.09
1480,364,72,8,8,1,0,5.20
1481,365,28,48,48,0,0,1.80
1482,365,59,54,54,0,0,3.42
1483,366,2,40,40,0,0,2.58
1484,366,23,72,72,0,0,0.58
1485,366,36,72,72,0,0,3.09
1486,366,39,64,64,0,0,3.11
1487,366,63,96,96,0,0,2.52
1488,366,85,84,84,0,0,2.27
1489,367,92,30,30,0,0,3.69
1490,368,1,72,72,0,0,4.01
1491,368,8,72,72,0,0,5.95
1492,368,56,72,72,0,0,2.26
1493,368,57,60,60,0,0,2.74
1494,368,70,60,60,0,0,4.60
1495,368,82,40,40,0,0,2.25
1496,369,87,48,48,0,0,5.10
1497,370,5,80,80,0,0,4.11
1498,370,15,50,50,0,0,3.62
1499,370,25,96,96,0,0,1.28
1500,370,33,72,72,0,0,3.95
1501,370,35,32,32,0,0,3.31
1502,371,4,60,60,0,0,2.59
1503,371,12,40,40,0,0,1.79
1504,371,24,48,48,0,0,3.85
1505,371,38,60,60,0,0,3.96
1506,371,93,96,96,0,0,4.56
1507,372,43,60,60,0,0,5.72
1508,372,44,72,72,0,0,2.07
1509,372,53,48,48,0,0,3.24
1510,372,54,36,36,0,0,5.84
1511,373,60,60,60,0,0,3.45
1512,373,88,48,48,0,0,5.55
1513,374,22,60,57,0,3,0.42
1514,374,48,18,17,0,1,9.61
1515,374,51,72,69,0,3,5.91
1516,374,62,20,19,0,1,2.54
1517,374,84,72,69,1,3,2.51
1518,375,27,60,60,0,0,3.55
1519,375,40,48,48,0,0,2.81
1520,375,64,56,56,0,0,3.05
1521,375,80,72,72,0,0,3.36
1522,375,86,72,72,0,0,1.84
1523,376,19,54,54,0,0,3.44
1524,376,28,48,48,0,0,1.80
1525,376,58,72,72,0,0,3.32
1526,376,59,84,84,0,0,3.42
1527,377,9,72,72,0,0,5.04
1528,377,30,72,72,0,0,2.13
1529,377,39,64,64,0,0,3.11
1530,377,55,36,36,0,0,2.64
1531,377,67,72,72,0,0,4.16
1532,378,1,36,36,0,0,4.01
1533,378,16,72,72,0,0,3.12
1534,378,32,50,50,0,0,2.42
1535,378,70,60,60,0,0,4.60
1536,378,73,48,48,0,0,5.73
1537,378,74,96,96,0,0,2.46
1538,379,91,48,48,0,0,3.36
1539,380,5,60,60,0,0,4.11
1540,380,15,90,90,0,0,3.62
1541,380,18,80,80,0,0,3.55
1542,380,25,48,48,0,0,1.28
1543,380,35,72,72,0,0,3.31
1544,381,17,48,48,0,0,2.82
1545,381,24,72,72,0,0,3.85
1546,381,41,50,50,0,0,3.15
1547,381,45,48,48,0,0,1.99
1548,381,47,72,72,0,0,6.60
1549,381,68,64,64,0,0,5.73
1550,382,76,54,54,0,0,2.79
1551,383,11,72,72,0,0,1.74
1552,383,43,60,60,0,0,5.72
1553,383,53,96,96,0,0,3.24
1554,383,54,72,72,1,0,5.84
1555,383,65,60,60,0,0,2.67
1556,384,26,48,48,0,0,2.79
1557,384,29,54,54,0,0,2.02
1558,384,37,90,90,0,0,3.17
1559,385,31,72,72,0,0,3.41
1560,385,34,60,60,0,0,4.52
1561,385,61,72,72,0,0,2.75
1562,386,49,42,42,0,0,5.09
1563,386,72,48,48,0,0,5.20
1564,386,80,72,72,0,0,3.36
1565,387,28,48,48,0,0,1.80
1566,387,59,78,78,0,0,3.42
1567,388,2,60,60,0,0,2.58
1568,388,23,72,72,0,0,0.58
1569,388,39,96,96,0,0,3.11
1570,388,55,84,84,0,0,2.64
1571,388,63,96,96,0,0,2.52
1572,388,85,84,84,0,0,2.27
1573,389,92,60,60,0,0,3.69
1574,390,1,72,72,0,0,4.01
1575,390,8,64,64,0,0,5.95
1576,390,57,100,100,0,0,2.74
1577,390,70,60,60,0,0,4.60
1578,390,82,80,80,0,0,2.25
1579,390,87,72,72,0,0,5.10
1580,391,91,96,93,0,3,3.36
1581,392,5,60,60,0,0,4.11
1582,392,15,80,80,0,0,3.62
1583,392,25,96,96,0,0,1.28
1584,392,33,72,72,0,0,3.95
1585,393,4,60,60,0,0,2.59
1586,393,24,24,24,0,0,3.85
1587,393,38,54,54,0,0,3.96
1588,393,93,96,96,0,0,4.56
1589,394,11,36,36,0,0,1.74
1590,394,43,84,84,0,0,5.72
1591,394,44,72,72,1,0,2.07
1592,394,54,108,108,0,0,5.84
1593,395,60,60,60,0,0,3.45
1594,395,88,72,72,0,0,5.55
1595,396,22,100,100,0,0,0.42
1596,396,48,18,18,0,0,9.61
1597,396,51,80,80,0,0,5.91
1598,396,62,40,40,0,0,2.54
1599,396,84,72,72,0,0,2.51
1600,397,27,40,40,0,0,3.55
1601,397,40,72,72,0,0,2.81
1602,397,52,40,40,0,0,3.32
1603,397,64,64,64,0,0,3.05
1604,397,80,72,72,0,0,3.36
1605,397,86,40,40,0,0,1.84
1606,398,19,48,48,0,0,3.44
1607,398,28,48,48,0,0,1.80
1608,398,59,54,54,0,0,3.42
1609,398,66,96,96,0,0,4.47
1610,399,9,72,72,0,0,5.04
1611,399,30,48,48,0,0,2.13
1612,399,36,72,72,0,0,3.09
1613,399,39,72,72,0,0,3.11
1614,400,1,72,72,0,0,4.01
1615,400,16,48,48,0,0,3.12
1616,400,32,70,70,0,0,2.42
1617,400,56,96,96,0,0,2.26
1618,400,57,80,80,0,0,2.74
1619,400,70,80,80,0,0,4.60
1620,401,73,72,72,0,0,5.73
1621,401,74,88,88,0,0,2.46
1622,401,91,48,48,0,0,3.36
1623,402,5,20,20,0,0,4.11
1624,402,15,20,20,0,0,3.62
1625,402,18,40,40,0,0,3.55
1626,402,25,48,48,0,0,1.28
1627,403,17,16,16,0,0,2.82
1628,403,24,48,48,1,0,3.85
1629,403,41,10,10,0,0,3.15
1630,403,47,36,36,0,0,6.60
1631,403,76,36,36,0,0,2.79
1632,404,11,36,36,0,0,1.74
1633,404,43,24,24,0,0,5.72
1634,404,53,48,48,0,0,3.24
1635,405,29,36,36,0,0,2.02
1636,405,37,18,18,0,0,3.17
1637,405,81,20,20,0,0,4.75
1638,406,31,36,36,0,0,3.41
1639,406,34,10,10,0,0,4.52
1640,406,61,24,24,0,0,2.75
1641,407,49,24,24,0,0,5.09
1642,407,64,16,16,0,0,3.05
1643,407,72,24,24,0,0,5.20
1644,408,28,48,46,0,2,1.80
1645,408,58,12,11,0,1,3.32
1646,408,59,12,11,0,1,3.42
1647,409,9,36,36,0,0,5.04
1648,409,23,36,36,0,0,0.58
1649,409,36,24,24,0,0,3.09
1650,409,39,24,24,0,0,3.11
1651,409,63,48,48,0,0,2.52
1652,409,67,36,36,0,0,4.16
1653,410,92,40,40,0,0,3.69
1654,411,56,48,48,0,0,2.26
1655,411,70,40,40,0,0,4.60
1656,411,82,30,30,0,0,2.25
1657,411,87,48,48,0,0,5.10
1658,411,91,24,24,0,0,3.36
1659,412,5,60,60,0,0,4.11
1660,412,15,60,60,0,0,3.62
1661,412,25,48,48,0,0,1.28
1662,413,12,32,32,0,0,1.79
1663,413,24,72,72,0,0,3.85
1664,413,38,66,66,0,0,3.96
1665,413,47,72,72,1,0,6.60
1666,413,93,72,72,0,0,4.56
1667,414,43,48,48,0,0,5.72
1668,414,44,108,108,0,0,2.07
1669,414,54,72,72,0,0,5.84
1670,415,60,60,60,0,0,3.45
1671,415,81,50,50,0,0,4.75
1672,415,88,48,48,0,0,5.55
1673,416,22,20,20,0,0,0.42
1674,416,34,80,80,0,0,4.52
1675,416,51,48,48,0,0,5.91
1676,416,62,20,20,0,0,2.54
1677,416,84,72,72,0,0,2.51
1678,417,27,60,60,0,0,3.55
1679,417,52,60,60,0,0,3.32
1680,417,64,56,56,0,0,3.05
1681,417,86,72,72,0,0,1.84
1682,418,19,6,6,0,0,3.44
1683,418,28,48,48,0,0,1.80
1684,418,58,60,60,0,0,3.32
1685,418,59,54,54,0,0,3.42
1686,419,2,80,80,0,0,2.58
1687,419,30,40,40,0,0,2.13
1688,419,36,48,48,0,0,3.09
1689,419,39,96,96,0,0,3.11
1690,419,42,36,36,0,0,3.66
1691,419,67,72,72,0,0,4.16
1692,420,71,30,30,0,0,5.16
1693,421,1,108,108,0,0,4.01
1694,421,8,56,56,0,0,5.95
1695,421,16,72,72,0,0,3.12
1696,421,32,50,50,0,0,2.42
1697,421,56,24,24,0,0,2.26
1698,421,73,48,48,0,0,5.73
1699,422,74,48,48,0,0,2.46
1700,422,91,72,72,0,0,3.36
1701,423,5,40,40,0,0,4.11
1702,423,15,80,80,1,0,3.62
1703,423,18,40,40,0,0,3.55
1704,423,25,48,48,0,0,1.28
1705,424,12,72,72,0,0,1.79
1706,424,17,72,72,0,0,2.82
1707,424,24,24,24,0,0,3.85
1708,424,45,42,42,0,0,1.99
1709,424,47,36,36,0,0,6.60
1710,424,76,54,54,0,0,2.79
1711,425,43,72,69,0,3,5.72
1712,425,54,72,69,0,3,5.84
1713,425,65,40,38,0,2,2.67
1714,426,26,84,84,0,0,2.79
1715,426,29,72,72,0,0,2.02
1716,426,37,72,72,0,0,3.17
1717,426,81,60,60,0,0,4.75
1718,427,31,36,36,0,0,3.41
1719,427,34,30,30,0,0,4.52
1720,427,61,48,48,0,0,2.75
1721,428,40,72,72,0,0,2.81
1722,428,49,54,54,0,0,5.09
1723,428,52,60,60,0,0,3.32
1724,428,72,48,48,0,0,5.20
1725,429,28,48,48,0,0,1.80
1726,429,59,54,54,0,0,3.42
1727,429,66,48,48,0,0,4.47
1728,430,2,60,60,0,0,2.58
1729,430,23,72,72,0,0,0.58
1730,430,36,48,48,0,0,3.09
1731,430,39,40,40,0,0,3.11
1732,430,55,84,84,0,0,2.64
1733,430,63,48,48,0,0,2.52
1734,431,85,48,48,0,0,2.27
1735,431,92,20,20,0,0,3.69
1736,432,1,36,36,0,0,4.01
1737,432,8,72,72,0,0,5.95
1738,432,57,60,60,0,0,2.74
1739,432,70,60,60,1,0,4.60
1740,432,82,30,30,0,0,2.25
1741,432,87,72,72,0,0,5.10
1742,433,91,40,40,0,0,3.36
1743,434,5,60,60,0,0,4.11
1744,434,15,50,50,0,0,3.62
1745,434,25,48,48,0,0,1.28
1746,434,33,72,72,0,0,3.95
1747,434,35,56,56,0,0,3.31
1748,435,4,40,40,0,0,2.59
1749,435,12,56,56,0,0,1.79
1750,435,24,48,48,0,0,3.85
1751,435,38,48,48,0,0,3.96
1752,435,47,72,72,0,0,6.60
1753,435,93,72,72,0,0,4.56
1754,436,43,60,60,0,0,5.72
1755,436,44,72,72,0,0,2.07
1756,436,54,72,72,0,0,5.84
1757,437,60,100,100,0,0,3.45
1758,437,88,48,48,0,0,5.55
1759,438,22,40,40,0,0,0.42
1760,438,51,72,72,0,0,5.91
1761,438,62,40,40,0,0,2.54
1762,438,84,72,72,0,0,2.51
1763,439,27,60,60,0,0,3.55
1764,439,40,72,72,0,0,2.81
1765,439,52,60,60,0,0,3.32
1766,439,64,56,56,0,0,3.05
1767,439,80,72,72,0,0,3.36
1768,439,86,40,40,0,0,1.84
1769,440,19,30,30,0,0,3.44
1770,440,28,48,48,0,0,1.80
1771,440,58,42,42,0,0,3.32
1772,440,59,48,48,0,0,3.42
1773,441,30,88,88,0,0,2.13
1774,441,39,40,40,0,0,3.11
1775,441,55,60,60,0,0,2.64
1776,441,67,72,72,1,0,4.16
1777,441,71,70,70,0,0,5.16
1778,442,1,36,35,0,1,4.01
1779,442,8,56,54,0,2,5.95
1780,442,16,72,69,0,3,3.12
1781,442,32,100,97,0,3,2.42
1782,442,73,72,69,0,3,5.73
1783,442,74,72,69,0,3,2.46
1784,443,91,56,56,0,0,3.36
1785,444,5,40,40,0,0,4.11
1786,444,15,60,60,0,0,3.62
1787,444,18,80,80,0,0,3.55
1788,444,25,96,96,0,0,1.28
1789,445,17,24,24,0,0,2.82
1790,445,24,48,48,0,0,3.85
1791,445,45,48,48,0,0,1.99
1792,445,47,72,72,0,0,6.60
1793,445,68,48,48,0,0,5.73
1794,445,76,72,72,0,0,2.79
1795,446,11,72,72,0,0,1.74
1796,446,43,36,36,0,0,5.72
1797,446,54,72,72,0,0,5.84
1798,446,65,50,50,0,0,2.67
1799,447,26,48,48,0,0,2.79
1800,447,29,84,84,0,0,2.02
1801,447,37,66,66,0,0,3.17
1802,448,31,36,36,0,0,3.41
1803,448,34,50,50,0,0,4.52
1804,448,61,48,48,0,0,2.75
1805,448,62,60,60,0,0,2.54
1806,449,40,24,24,0,0,2.81
1807,449,49,60,60,0,0,5.09
1808,449,52,60,60,0,0,3.32
1809,449,72,56,56,0,0,5.20
1810,449,80,48,48,0,0,3.36
1811,450,28,72,72,0,0,1.80
1812,450,58,66,66,0,0,3.32
1813,450,59,60,60,1,0,3.42
1814,451,2,80,80,0,0,2.58
1815,451,9,72,72,0,0,5.04
1816,451,23,72,72,0,0,0.58
1817,451,36,48,48,0,0,3.09
1818,451,39,56,56,0,0,3.11
1819,451,55,48,48,0,0,2.64
1820,452,85,72,72,0,0,2.27
1821,452,92,50,50,0,0,3.69
1822,453,1,36,36,0,0,4.01
1823,453,70,60,60,0,0,4.60
1824,453,82,30,30,0,0,2.25
1825,453,87,48,48,0,0,5.10
1826,453,91,80,80,0,0,3.36
1827,454,5,80,80,0,0,4.11
1828,454,15,80,80,0,0,3.62
1829,454,25,48,48,0,0,1.28
1830,454,33,72,72,0,0,3.95
1831,455,4,60,60,0,0,2.59
1832,455,12,56,56,0,0,1.79
1833,455,24,96,96,0,0,3.85
1834,455,38,84,84,0,0,3.96
1835,455,47,108,108,0,0,6.60
1836,455,93,96,96,0,0,4.56
1837,456,43,84,84,0,0,5.72
1838,456,44,72,72,0,0,2.07
1839,456,54,72,72,0,0,5.84
1840,457,60,40,40,0,0,3.45
1841,457,83,96,96,0,0,2.63
1842,457,88,72,72,0,0,5.55
1843,458,22,60,60,0,0,0.42
1844,458,51,72,72,0,0,5.91
1845,459,27,60,57,0,3,3.55
1846,459,40,72,69,0,3,2.81
1847,459,52,80,77,0,3,3.32
1848,459,64,72,69,0,3,3.05
1849,459,80,72,69,0,3,3.36
1850,459,86,80,77,1,3,1.84
1851,460,19,90,90,0,0,3.44
1852,460,28,96,96,0,0,1.80
1853,460,58,84,84,0,0,3.32
1854,460,59,42,42,0,0,3.42
1855,461,9,72,72,0,0,5.04
1856,461,30,56,56,0,0,2.13
1857,461,36,72,72,0,0,3.09
1858,461,39,64,64,0,0,3.11
1859,461,63,96,96,0,0,2.52
1860,461,67,72,72,0,0,4.16
1861,462,71,70,70,0,0,5.16
1862,463,1,72,72,0,0,4.01
1863,463,16,96,96,0,0,3.12
1864,463,32,110,110,0,0,2.42
1865,463,56,96,96,0,0,2.26
1866,463,73,96,96,0,0,5.73
1867,463,74,64,64,0,0,2.46
1868,464,91,56,56,0,0,3.36
1869,465,5,60,60,0,0,4.11
1870,465,15,60,60,0,0,3.62
1871,465,18,60,60,0,0,3.55
1872,465,25,48,48,0,0,1.28
1873,466,12,40,40,0,0,1.79
1874,466,17,48,48,0,0,2.82
1875,466,24,48,48,0,0,3.85
1876,466,41,40,40,0,0,3.15
1877,466,45,48,48,0,0,1.99
1878,466,47,72,72,0,0,6.60
1879,467,68,64,64,0,0,5.73
1880,467,76,78,78,0,0,2.79
1881,468,43,72,72,0,0,5.72
1882,468,53,96,96,0,0,3.24
1883,468,54,36,36,0,0,5.84
1884,468,65,40,40,0,0,2.67
1885,469,26,96,96,0,0,2.79
1886,469,37,66,66,0,0,3.17
1887,469,81,80,80,1,0,4.75
1888,470,3,72,72,0,0,2.24
1889,470,31,72,72,0,0,3.41
1890,470,34,50,50,0,0,4.52
1891,470,61,60,60,0,0,2.75
1892,470,90,80,80,0,0,3.17
1893,471,49,60,60,0,0,5.09
1894,471,72,48,48,0,0,5.20
1895,472,28,96,96,0,0,1.80
1896,472,59,60,60,0,0,3.42
1897,473,23,72,72,0,0,0.58
1898,473,30,56,56,0,0,2.13
1899,473,36,72,72,0,0,3.09
1900,473,39,72,72,0,0,3.11
1901,473,55,48,48,0,0,2.64
1902,473,63,96,96,0,0,2.52
1903,474,71,60,60,0,0,5.16
1904,474,85,72,72,0,0,2.27
1905,474,92,50,50,0,0,3.69
1906,475,1,36,36,0,0,4.01
1907,475,8,64,64,0,0,5.95
1908,475,57,80,80,0,0,2.74
1909,475,82,50,50,0,0,2.25
1910,475,87,72,72,0,0,5.10
1911,476,5,80,77,0,3,4.11
1912,476,15,50,48,0,2,3.62
1913,476,25,48,46,0,2,1.28
1914,477,4,60,60,0,0,2.59
1915,477,12,64,64,0,0,1.79
1916,477,24,96,96,0,0,3.85
1917,477,38,36,36,0,0,3.96
1918,477,41,70,70,0,0,3.15
1919,477,47,36,36,0,0,6.60
1920,478,93,48,48,0,0,4.56
1921,479,43,72,72,0,0,5.72
1922,479,44,72,72,0,0,2.07
1923,479,54,72,72,0,0,5.84
1924,480,60,60,60,1,0,3.45
1925,480,81,50,50,0,0,4.75
1926,480,88,72,72,0,0,5.55
1927,481,22,40,40,0,0,0.42
1928,481,34,80,80,0,0,4.52
1929,481,51,64,64,0,0,5.91
1930,481,62,40,40,0,0,2.54
1931,481,84,72,72,0,0,2.51
1932,482,27,60,60,0,0,3.55
1933,482,52,20,20,0,0,3.32
1934,482,64,56,56,0,0,3.05
1935,482,86,48,48,0,0,1.84
1936,483,19,72,72,0,0,3.44
1937,483,28,48,48,0,0,1.80
1938,483,58,24,24,0,0,3.32
1939,483,59,72,72,0,0,3.42
1940,484,9,72,72,0,0,5.04
1941,484,30,64,64,0,0,2.13
1942,484,36,48,48,0,0,3.09
1943,484,39,48,48,0,0,3.11
1944,484,67,72,72,0,0,4.16
1945,484,71,50,50,0,0,5.16
1946,485,1,72,72,0,0,4.01
1947,485,16,72,72,0,0,3.12
1948,485,32,60,60,0,0,2.42
1949,485,56,96,96,0,0,2.26
1950,485,73,96,96,0,0,5.73
1951,485,74,80,80,0,0,2.46
1952,486,91,72,72,0,0,3.36
1953,487,5,60,60,0,0,4.11
1954,487,15,60,60,0,0,3.62
1955,487,18,60,60,0,0,3.55
1956,487,25,96,96,0,0,1.28
1957,487,33,72,72,0,0,3.95
1958,487,35,48,48,0,0,3.31
1959,488,17,72,72,0,0,2.82
1960,488,24,48,48,0,0,3.85
1961,488,41,40,40,1,0,3.15
1962,488,45,36,36,0,0,1.99
1963,488,68,40,40,0,0,5.73
1964,488,76,84,84,0,0,2.79
1965,489,11,72,72,0,0,1.74
1966,489,43,84,84,0,0,5.72
1967,489,53,96,96,0,0,3.24
1968,489,54,72,72,0,0,5.84
1969,489,65,50,50,0,0,2.67
1970,490,26,72,72,0,0,2.79
1971,490,29,72,72,0,0,2.02
1972,490,37,96,96,0,0,3.17
1973,490,81,70,70,0,0,4.75
1974,491,3,72,72,0,0,2.24
1975,491,31,72,72,0,0,3.41
1976,491,48,72,72,0,0,9.61
1977,491,61,72,72,0,0,2.75
1978,491,90,60,60,0,0,3.17
1979,492,49,48,48,0,0,5.09
1980,492,72,64,64,0,0,5.20
1981,493,28,72,69,0,3,1.80
1982,493,59,48,46,0,2,3.42
1983,494,23,72,72,0,0,0.58
1984,494,39,56,56,0,0,3.11
1985,494,55,72,72,0,0,2.64
1986,494,63,48,48,0,0,2.52
1987,494,71,60,60,0,0,5.16
1988,494,85,60,60,0,0,2.27
1989,495,92,60,60,0,0,3.69
1990,496,1,72,72,0,0,4.01
1991,496,8,72,72,0,0,5.95
1992,496,57,100,100,0,0,2.74
1993,496,82,80,80,0,0,2.25
1994,496,87,72,72,0,0,5.10
1995,497,5,60,60,0,0,4.11
1996,497,15,70,70,0,0,3.62
1997,497,25,48,48,0,0,1.28
1998,497,35,56,56,1,0,3.31
1999,498,4,60,60,0,0,2.59
2000,498,24,72,72,0,0,3.85
2001,498,38,60,60,0,0,3.96
2002,498,93,72,72,0,0,4.56
2003,499,11,36,36,0,0,1.74
2004,499,43,36,36,0,0,5.72
2005,499,54,72,72,0,0,5.84
2006,500,60,60,60,0,0,3.45
2007,500,88,72,72,0,0,5.55
2008,501,22,20,20,0,0,0.42
2009,501,34,70,70,0,0,4.52
2010,501,48,48,48,0,0,9.61
2011,501,51,56,56,0,0,5.91
2012,501,62,60,60,0,0,2.54
2013,501,84,72,72,0,0,2.51
2014,502,27,80,80,0,0,3.55
2015,502,46,40,40,0,0,2.59
2016,502,52,20,20,0,0,3.32
2017,502,64,88,88,0,0,3.05
2018,502,80,72,72,0,0,3.36
2019,502,86,72,72,0,0,1.84
2020,503,19,36,36,0,0,3.44
2021,503,28,48,48,0,0,1.80
2022,503,59,60,60,0,0,3.42
2023,504,9,72,72,0,0,5.04
2024,504,30,48,48,0,0,2.13
2025,504,39,48,48,0,0,3.11
2026,504,42,36,36,0,0,3.66
2027,504,67,72,72,0,0,4.16
2028,504,71,70,70,0,0,5.16
2029,505,1,72,72,0,0,4.01
2030,505,16,72,72,0,0,3.12
2031,505,32,60,60,0,0,2.42
2032,505,56,48,48,0,0,2.26
2033,505,57,60,60,0,0,2.74
2034,505,73,72,72,0,0,5.73
2035,506,74,56,56,1,0,2.46
2036,506,91,72,72,0,0,3.36
2037,507,5,60,60,0,0,4.11
2038,507,15,70,70,0,0,3.62
2039,507,25,96,96,0,0,1.28
2040,507,33,72,72,0,0,3.95
2041,508,17,64,64,0,0,2.82
2042,508,24,48,48,0,0,3.85
2043,508,45,96,96,0,0,1.99
2044,508,76,72,72,0,0,2.79
2045,509,11,108,108,0,0,1.74
2046,509,43,60,60,0,0,5.72
2047,509,54,72,72,0,0,5.84
2048,509,65,70,70,0,0,2.67
2049,510,26,48,46,0,2,2.79
2050,510,29,48,46,0,2,2.02
2051,510,37,36,35,0,1,3.17
2052,510,81,60,57,0,3,4.75
2053,511,31,72,72,0,0,3.41
2054,511,48,60,60,0,0,9.61
2055,511,61,84,84,0,0,2.75
2056,511,90,80,80,0,0,3.17
2057,512,40,72,72,0,0,2.81
2058,512,49,54,54,0,0,5.09
2059,512,52,60,60,0,0,3.32
2060,512,72,56,56,0,0,5.20
2061,513,19,84,84,0,0,3.44
2062,513,28,72,72,0,0,1.80
2063,513,58,48,48,0,0,3.32
2064,513,59,66,66,0,0,3.42
2065,514,2,40,40,0,0,2.58
2066,514,9,72,72,0,0,5.04
2067,514,23,72,72,0,0,0.58
2068,514,36,72,72,0,0,3.09
2069,514,39,32,32,0,0,3.11
2070,514,63,48,48,0,0,2.52
2071,515,67,108,108,0,0,4.16
2072,515,85,72,72,1,0,2.27
2073,515,92,70,70,0,0,3.69
2074,516,1,36,36,0,0,4.01
2075,516,56,72,72,0,0,2.26
2076,516,70,60,60,0,0,4.60
2077,516,82,40,40,0,0,2.25
2078,516,87,48,48,0,0,5.10
2079,517,5,60,60,0,0,4.11
2080,517,15,60,60,0,0,3.62
2081,517,25,48,48,0,0,1.28
2082,517,33,72,72,0,0,3.95
2083,518,12,16,16,0,0,1.79
2084,518,24,72,72,0,0,3.85
2085,518,38,60,60,0,0,3.96
2086,518,41,70,70,0,0,3.15
2087,518,93,72,72,0,0,4.56
2088,519,43,60,60,0,0,5.72
2089,519,44,108,108,0,0,2.07
2090,519,54,72,72,0,0,5.84
2091,520,60,60,60,0,0,3.45
2092,520,83,96,96,0,0,2.63
2093,520,88,24,24,0,0,5.55
2094,521,22,40,40,0,0,0.42
2095,521,48,48,48,0,0,9.61
2096,521,51,40,40,0,0,5.91
2097,521,62,80,80,0,0,2.54
2098,522,27,40,40,0,0,3.55
2099,522,52,40,40,0,0,3.32
2100,522,64,40,40,0,0,3.05
2101,522,80,72,72,0,0,3.36
2102,522,86,64,64,0,0,1.84
2103,523,19,60,60,0,0,3.44
2104,523,28,72,72,0,0,1.80
2105,523,59,72,72,0,0,3.42
2106,524,2,80,80,0,0,2.58
2107,524,30,64,64,0,0,2.13
2108,524,36,48,48,0,0,3.09
2109,524,39,40,40,1,0,3.11
2110,524,55,36,36,0,0,2.64
2111,524,67,36,36,0,0,4.16
2112,525,71,50,50,0,0,5.16
2113,526,1,36,36,0,0,4.01
2114,526,8,48,48,0,0,5.95
2115,526,16,72,72,0,0,3.12
2116,526,32,40,40,0,0,2.42
2117,526,57,80,80,0,0,2.74
2118,526,73,48,48,0,0,5.73
2119,527,74,56,54,0,2,2.46
2120,527,91,56,54,0,2,3.36
2121,528,5,40,40,0,0,4.11
2122,528,15,60,60,0,0,3.62
2123,528,18,40,40,0,0,3.55
2124,528,25,48,48,0,0,1.28
2125,529,17,48,48,0,0,2.82
2126,529,24,72,72,0,0,3.85
2127,529,41,60,60,0,0,3.15
2128,529,45,30,30,0,0,1.99
2129,529,68,72,72,0,0,5.73
2130,529,76,54,54,0,0,2.79
2131,530,11,72,72,0,0,1.74
2132,530,43,60,60,0,0,5.72
2133,530,53,96,96,0,0,3.24
2134,530,54,36,36,0,0,5.84
2135,530,65,30,30,0,0,2.67
2136,531,26,48,48,0,0,2.79
2137,531,29,36,36,0,0,2.02
2138,531,37,42,42,0,0,3.17
2139,531,81,60,60,0,0,4.75
2140,532,31,72,72,0,0,3.41
2141,532,34,10,10,0,0,4.52
2142,532,48,54,54,0,0,9.61
2143,532,61,60,60,0,0,2.75
2144,532,62,60,60,0,0,2.54
2145,532,90,60,60,0,0,3.17
2146,533,49,90,90,1,0,5.09
2147,533,72,56,56,0,0,5.20
2148,534,28,48,48,0,0,1.80
2149,534,59,42,42,0,0,3.42
2150,535,2,20,20,0,0,2.58
2151,535,9,72,72,0,0,5.04
2152,535,23,72,72,0,0,0.58
2153,535,36,72,72,0,0,3.09
2154,535,39,72,72,0,0,3.11
2155,535,85,48,48,0,0,2.27
2156,536,92,50,50,0,0,3.69
2157,537,1,36,36,0,0,4.01
2158,537,56,72,72,0,0,2.26
2159,537,57,40,40,0,0,2.74
2160,537,70,60,60,0,0,4.60
2161,537,82,40,40,0,0,2.25
2162,537,87,72,72,0,0,5.10
2163,538,5,80,80,0,0,4.11
2164,538,15,80,80,0,0,3.62
2165,538,25,96,96,0,0,1.28
2166,538,33,72,72,0,0,3.95
2167,538,35,40,40,0,0,3.31
2168,539,4,40,40,0,0,2.59
2169,539,12,40,40,0,0,1.79
2170,539,24,72,72,0,0,3.85
2171,539,38,78,78,0,0,3.96
2172,539,93,72,72,0,0,4.56
2173,540,43,48,48,0,0,5.72
2174,540,44,72,72,0,0,2.07
2175,540,53,48,48,0,0,3.24
2176,540,54,72,72,0,0,5.84
2177,541,60,80,80,0,0,3.45
2178,541,81,30,30,0,0,4.75
2179,541,88,72,72,0,0,5.55
2180,542,22,60,60,0,0,0.42
2181,542,48,48,48,0,0,9.61
2182,542,51,64,64,0,0,5.91
2183,542,62,40,40,1,0,2.54
2184,542,84,72,72,0,0,2.51
2185,543,27,60,60,0,0,3.55
2186,543,40,72,72,0,0,2.81
2187,543,64,40,40,0,0,3.05
2188,543,86,56,56,0,0,1.84
2189,544,19,48,46,0,2,3.44
2190,544,28,48,46,0,2,1.80
2191,544,58,42,40,0,2,3.32
2192,544,59,54,52,0,2,3.42
2193,545,30,96,96,0,0,2.13
2194,545,39,56,56,0,0,3.11
2195,545,55,60,60,0,0,2.64
2196,545,67,72,72,0,0,4.16
2197,545,71,50,50,0,0,5.16
2198,546,1,72,72,0,0,4.01
2199,546,8,40,40,0,0,5.95
2200,546,16,72,72,0,0,3.12
2201,546,32,20,20,0,0,2.42
2202,546,73,72,72,0,0,5.73
2203,546,74,72,72,0,0,2.46
2204,547,91,72,72,0,0,3.36
2205,548,5,80,80,0,0,4.11
2206,548,15,90,90,0,0,3.62
2207,548,18,100,100,0,0,3.55
2208,548,25,96,96,0,0,1.28
2209,549,17,72,72,0,0,2.82
2210,549,24,48,48,0,0,3.85
2211,549,45,48,48,0,0,1.99
2212,549,68,64,64,0,0,5.73
2213,549,76,78,78,0,0,2.79
2214,550,11,72,72,0,0,1.74
2215,550,43,84,84,0,0,5.72
2216,550,53,96,96,0,0,3.24
2217,550,54,72,72,0,0,5.84
2218,550,65,70,70,0,0,2.67
2219,551,26,72,72,0,0,2.79
2220,551,29,54,54,1,0,2.02
2221,551,37,72,72,0,0,3.17
2222,551,81,70,70,0,0,4.75
2223,552,31,108,108,0,0,3.41
2224,552,34,50,50,0,0,4.52
2225,552,48,72,72,0,0,9.61
2226,552,61,60,60,0,0,2.75
2227,553,40,72,72,0,0,2.81
2228,553,49,78,78,0,0,5.09
2229,553,72,48,48,0,0,5.20
2230,554,28,72,72,0,0,1.80
2231,554,59,90,90,0,0,3.42
2232,555,2,80,80,0,0,2.58
2233,555,23,36,36,0,0,0.58
2234,555,36,96,96,0,0,3.09
2235,555,39,80,80,0,0,3.11
2236,555,55,48,48,0,0,2.64
2237,555,63,96,96,0,0,2.52
2238,556,71,80,80,0,0,5.16
2239,556,85,60,60,0,0,2.27
2240,556,92,50,50,0,0,3.69
2241,557,1,36,36,0,0,4.01
2242,557,8,64,64,0,0,5.95
2243,557,57,60,60,0,0,2.74
2244,557,82,20,20,0,0,2.25
2245,557,87,48,48,0,0,5.10
2246,557,91,64,64,0,0,3.36
2247,558,5,60,60,0,0,4.11
2248,558,15,60,60,0,0,3.62
2249,558,25,48,48,0,0,1.28
2250,558,33,108,108,0,0,3.95
2251,558,35,56,56,0,0,3.31
2252,559,12,64,64,0,0,1.79
2253,559,24,48,48,0,0,3.85
2254,559,38,42,42,0,0,3.96
2255,559,41,90,90,0,0,3.15
2256,559,93,96,96,0,0,4.56
2257,560,43,84,84,1,0,5.72
2258,560,44,72,72,0,0,2.07
2259,560,53,48,48,0,0,3.24
2260,560,54,72,72,0,0,5.84
2261,561,60,80,77,0,3,3.45
2262,561,83,96,93,0,3,2.63
2263,561,88,72,69,0,3,5.55
2264,562,22,80,80,0,0,0.42
2265,562,48,48,48,0,0,9.61
2266,562,51,80,80,0,0,5.91
2267,562,62,40,40,0,0,2.54
2268,563,27,80,80,0,0,3.55
2269,563,64,56,56,0,0,3.05
2270,563,80,72,72,0,0,3.36
2271,563,86,40,40,0,0,1.84
2272,564,19,60,60,0,0,3.44
2273,564,28,72,72,0,0,1.80
2274,564,59,60,60,0,0,3.42
2275,565,2,60,60,0,0,2.58
2276,565,9,72,72,0,0,5.04
2277,565,30,56,56,0,0,2.13
2278,565,39,40,40,0,0,3.11
2279,565,67,108,108,0,0,4.16
2280,565,71,50,50,0,0,5.16
2281,566,1,72,72,0,0,4.01
2282,566,16,72,72,0,0,3.12
2283,566,32,70,70,0,0,2.42
2284,566,56,72,72,0,0,2.26
2285,566,57,80,80,0,0,2.74
2286,566,73,72,72,0,0,5.73
2287,567,74,80,80,0,0,2.46
2288,567,91,56,56,0,0,3.36
2289,568,5,60,60,0,0,4.11
2290,568,15,80,80,0,0,3.62
2291,568,18,80,80,0,0,3.55
2292,568,25,48,48,0,0,1.28
2293,568,33,36,36,0,0,3.95
2294,569,17,56,56,1,0,2.82
2295,569,24,96,96,0,0,3.85
2296,569,41,60,60,0,0,3.15
2297,569,45,48,48,0,0,1.99
2298,569,68,64,64,0,0,5.73
2299,570,11,108,108,0,0,1.74
2300,570,43,84,84,0,0,5.72
2301,570,54,36,36,0,0,5.84
2302,570,65,60,60,0,0,2.67
2303,571,26,36,36,0,0,2.79
2304,571,29,78,78,0,0,2.02
2305,571,37,72,72,0,0,3.17
2306,571,81,60,60,0,0,4.75
2307,572,31,108,108,0,0,3.41
2308,572,48,72,72,0,0,9.61
2309,572,61,60,60,0,0,2.75
2310,572,90,100,100,0,0,3.17
2311,573,49,60,60,0,0,5.09
2312,573,52,100,100,0,0,3.32
2313,573,72,40,40,0,0,5.20
2314,574,28,72,72,0,0,1.80
2315,574,59,72,72,0,0,3.42
2316,575,2,60,60,0,0,2.58
2317,575,9,108,108,0,0,5.04
2318,575,23,72,72,0,0,0.58
2319,575,36,72,72,0,0,3.09
2320,575,39,72,72,0,0,3.11
2321,575,55,72,72,0,0,2.64
2322,576,63,96,96,0,0,2.52
2323,576,71,90,90,0,0,5.16
2324,576,85,72,72,0,0,2.27
2325,576,92,20,20,0,0,3.69
2326,577,1,72,72,0,0,4.01
2327,577,57,20,20,0,0,2.74
2328,577,74,48,48,0,0,2.46
2329,577,82,70,70,0,0,2.25
2330,577,87,96,96,0,0,5.10
2331,578,5,80,77,1,3,4.11
2332,578,15,60,57,0,3,3.62
2333,578,25,48,46,0,2,1.28
2334,578,33,72,69,0,3,3.95
2335,578,35,40,38,0,2,3.31
2336,579,4,60,60,0,0,2.59
2337,579,24,48,48,0,0,3.85
2338,579,38,60,60,0,0,3.96
2339,579,41,70,70,0,0,3.15
2340,579,47,72,72,0,0,6.60
2341,579,93,96,96,0,0,4.56
2342,580,11,36,36,0,0,1.74
2343,580,43,48,48,0,0,5.72
2344,580,53,48,48,0,0,3.24
2345,580,54,36,36,0,0,5.84
2346,581,60,60,60,0,0,3.45
2347,581,88,72,72,0,0,5.55
2348,582,22,60,60,0,0,0.42
2349,582,51,64,64,0,0,5.91
2350,582,62,20,20,0,0,2.54
2351,582,84,72,72,0,0,2.51
2352,582,90,40,40,0,0,3.17
2353,583,27,40,40,0,0,3.55
2354,583,46,80,80,0,0,2.59
2355,583,64,56,56,0,0,3.05
2356,583,80,72,72,0,0,3.36
2357,583,86,56,56,0,0,1.84
2358,584,19,36,36,0,0,3.44
2359,584,28,72,72,0,0,1.80
2360,584,58,54,54,0,0,3.32
2361,584,59,72,72,0,0,3.42
2362,584,66,48,48,0,0,4.47
2363,585,30,80,80,0,0,2.13
2364,585,39,88,88,0,0,3.11
2365,585,55,36,36,0,0,2.64
2366,585,71,50,50,0,0,5.16
2367,586,1,36,36,0,0,4.01
2368,586,8,24,24,1,0,5.95
2369,586,16,72,72,0,0,3.12
2370,586,32,40,40,0,0,2.42
2371,586,73,96,96,0,0,5.73
2372,586,74,56,56,0,0,2.46
2373,587,5,60,60,0,0,4.11
2374,587,15,50,50,0,0,3.62
2375,587,18,80,80,0,0,3.55
2376,587,25,96,96,0,0,1.28
2377,588,12,72,72,0,0,1.79
2378,588,17,40,40,0,0,2.82
2379,588,24,48,48,0,0,3.85
2380,588,41,60,60,0,0,3.15
2381,588,45,72,72,0,0,1.99
2382,588,68,56,56,0,0,5.73
2383,589,76,60,60,0,0,2.79
2384,590,43,60,60,0,0,5.72
2385,590,53,96,96,0,0,3.24
2386,590,54,36,36,0,0,5.84
2387,590,65,50,50,0,0,2.67
2388,591,26,48,48,0,0,2.79
2389,591,29,66,66,0,0,2.02
2390,591,37,42,42,0,0,3.17
2391,591,81,40,40,0,0,4.75
2392,592,31,72,72,0,0,3.41
2393,592,34,20,20,0,0,4.52
2394,592,48,60,60,0,0,9.61
2395,592,61,48,48,0,0,2.75
2396,592,90,60,60,0,0,3.17
2397,593,49,48,48,0,0,5.09
2398,593,72,56,56,0,0,5.20
2399,594,28,72,72,0,0,1.80
2400,594,59,48,48,0,0,3.42
2401,595,2,40,38,0,2,2.58
2402,595,9,72,69,0,3,5.04
2403,595,23,72,69,0,3,0.58
2404,595,36,72,69,0,3,3.09
2405,595,39,64,61,1,3,3.11
2406,595,55,48,46,0,2,2.64
2407,596,63,96,96,0,0,2.52
2408,596,71,20,20,0,0,5.16
2409,596,85,60,60,0,0,2.27
2410,596,92,30,30,0,0,3.69
2411,597,1,72,72,0,0,4.01
2412,597,57,100,100,0,0,2.74
2413,597,82,70,70,0,0,2.25
2414,597,87,48,48,0,0,5.10
2415,598,5,60,60,0,0,4.11
2416,598,15,50,50,0,0,3.62
2417,598,18,40,40,0,0,3.55
2418,598,25,48,48,0,0,1.28
2419,598,33,72,72,0,0,3.95
2420,598,35,32,32,0,0,3.31
2421,599,4,60,60,0,0,2.59
2422,599,12,56,56,0,0,1.79
2423,599,24,96,96,0,0,3.85
2424,599,38,66,66,0,0,3.96
2425,599,47,72,72,0,0,6.60
2426,599,93,72,72,0,0,4.56
2427,600,43,36,36,0,0,5.72
2428,600,54,36,36,0,0,5.84
2429,601,60,60,60,0,0,3.45
2430,601,83,48,48,0,0,2.63
2431,601,88,72,72,0,0,5.55
2432,602,22,20,20,0,0,0.42
2433,602,51,88,88,0,0,5.91
2434,602,62,20,20,0,0,2.54
2435,603,27,60,60,0,0,3.55
2436,603,40,96,96,0,0,2.81
2437,603,46,40,40,0,0,2.59
2438,603,52,20,20,0,0,3.32
2439,603,64,64,64,0,0,3.05
2440,603,80,72,72,0,0,3.36
2441,604,86,64,64,0,0,1.84
2442,605,28,48,48,1,0,1.80
2443,605,58,54,54,0,0,3.32
2444,605,59,66,66,0,0,3.42
2445,606,9,36,36,0,0,5.04
2446,606,30,48,48,0,0,2.13
2447,606,39,56,56,0,0,3.11
2448,606,55,60,60,0,0,2.64
2449,606,67,72,72,0,0,4.16
2450,607,1,72,72,0,0,4.01
2451,607,16,72,72,0,0,3.12
2452,607,70,60,60,0,0,4.60
2453,607,73,72,72,0,0,5.73
2454,607,74,64,64,0,0,2.46
2455,607,91,32,32,0,0,3.36
2456,608,5,60,60,0,0,4.11
2457,608,15,80,80,0,0,3.62
2458,608,18,80,80,0,0,3.55
2459,608,25,48,48,0,0,1.28
2460,609,17,56,56,0,0,2.82
2461,609,24,48,48,0,0,3.85
2462,609,41,30,30,0,0,3.15
2463,609,45,72,72,0,0,1.99
2464,609,68,48,48,0,0,5.73
2465,610,11,72,72,0,0,1.74
2466,610,43,60,60,0,0,5.72
2467,610,53,96,96,0,0,3.24
2468,610,54,72,72,0,0,5.84
2469,610,65,50,50,0,0,2.67
2470,611,26,84,84,0,0,2.79
2471,611,37,72,72,0,0,3.17
2472,611,81,40,40,0,0,4.75
2473,612,31,72,69,0,3,3.41
2474,612,34,30,29,0,1,4.52
2475,612,48,60,57,0,3,9.61
2476,612,61,48,46,0,2,2.75
2477,612,62,100,97,0,3,2.54
2478,613,49,48,48,0,0,5.09
2479,613,72,48,48,1,0,5.20
2480,614,28,48,48,0,0,1.80
2481,614,59,60,60,0,0,3.42
2482,615,2,60,60,0,0,2.58
2483,615,23,72,72,0,0,0.58
2484,615,30,56,56,0,0,2.13
2485,615,36,72,72,0,0,3.09
2486,615,39,72,72,0,0,3.11
2487,615,55,72,72,0,0,2.64
2488,616,85,84,84,0,0,2.27
2489,616,92,60,60,0,0,3.69
2490,617,1,72,72,0,0,4.01
2491,617,8,32,32,0,0,5.95
2492,617,57,80,80,0,0,2.74
2493,617,70,60,60,0,0,4.60
2494,617,74,48,48,0,0,2.46
2495,617,82,60,60,0,0,2.25
2496,618,87,48,48,0,0,5.10
2497,618,91,40,40,0,0,3.36
2498,619,5,60,60,0,0,4.11
2499,619,15,50,50,0,0,3.62
2500,619,25,96,96,0,0,1.28
2501,620,4,60,60,0,0,2.59
2502,620,12,56,56,0,0,1.79
2503,620,24,72,72,0,0,3.85
2504,620,38,42,42,0,0,3.96
2505,620,41,50,50,0,0,3.15
2506,620,47,72,72,0,0,6.60
2507,621,93,72,72,0,0,4.56
2508,622,43,72,72,0,0,5.72
2509,622,44,72,72,0,0,2.07
2510,622,54,72,72,0,0,5.84
2511,623,60,60,60,0,0,3.45
2512,623,88,72,72,0,0,5.55
2513,624,22,100,100,0,0,0.42
2514,624,34,70,70,0,0,4.52
2515,624,51,64,64,0,0,5.91
2516,624,84,36,36,1,0,2.51
2517,625,27,80,80,0,0,3.55
2518,625,52,40,40,0,0,3.32
2519,625,64,56,56,0,0,3.05
2520,625,80,96,96,0,0,3.36
2521,625,86,56,56,0,0,1.84
2522,626,19,42,42,0,0,3.44
2523,626,28,48,48,0,0,1.80
2524,626,58,60,60,0,0,3.32
2525,626,59,72,72,0,0,3.42
2526,627,30,80,80,0,0,2.13
2527,627,36,48,48,0,0,3.09
2528,627,39,80,80,0,0,3.11
2529,627,55,60,60,0,0,2.64
2530,627,63,48,48,0,0,2.52
2531,627,67,72,72,0,0,4.16
2532,628,1,72,72,0,0,4.01
2533,628,8,88,88,0,0,5.95
2534,628,16,72,72,0,0,3.12
2535,628,32,40,40,0,0,2.42
2536,628,70,40,40,0,0,4.60
2537,628,73,72,72,0,0,5.73
2538,629,74,72,69,0,3,2.46
2539,629,91,88,85,0,3,3.36
2540,630,5,60,60,0,0,4.11
2541,630,15,50,50,0,0,3.62
2542,630,18,100,100,0,0,3.55
2543,630,25,48,48,0,0,1.28
2544,631,12,72,72,0,0,1.79
2545,631,17,48,48,0,0,2.82
2546,631,24,72,72,0,0,3.85
2547,631,41,60,60,0,0,3.15
2548,631,45,60,60,0,0,1.99
2549,631,47,72,72,0,0,6.60
2550,632,68,40,40,0,0,5.73
2551,632,76,30,30,0,0,2.79
2552,633,43,60,60,0,0,5.72
2553,633,53,96,96,1,0,3.24
2554,633,54,72,72,0,0,5.84
2555,633,65,60,60,0,0,2.67
2556,634,26,60,60,0,0,2.79
2557,634,29,48,48,0,0,2.02
2558,634,37,66,66,0,0,3.17
2559,634,81,30,30,0,0,4.75
2560,635,31,72,72,0,0,3.41
2561,635,34,60,60,0,0,4.52
2562,635,61,48,48,0,0,2.75
2563,635,62,60,60,0,0,2.54
2564,636,49,54,54,0,0,5.09
2565,636,72,48,48,0,0,5.20
2566,637,28,72,72,0,0,1.80
2567,637,59,60,60,0,0,3.42
2568,638,2,60,60,0,0,2.58
2569,638,9,72,72,0,0,5.04
2570,638,23,72,72,0,0,0.58
2571,638,36,72,72,0,0,3.09
2572,638,39,56,56,0,0,3.11
2573,638,85,72,72,0,0,2.27
2574,639,92,60,60,0,0,3.69
2575,640,1,72,72,0,0,4.01
2576,640,56,72,72,0,0,2.26
2577,640,57,80,80,0,0,2.74
2578,640,70,60,60,0,0,4.60
2579,640,82,80,80,0,0,2.25
2580,640,87,48,48,0,0,5.10
2581,641,91,64,64,0,0,3.36
2582,642,5,60,60,0,0,4.11
2583,642,15,70,70,0,0,3.62
2584,642,18,40,40,0,0,3.55
2585,642,25,96,96,0,0,1.28
2586,642,35,80,80,0,0,3.31
2587,643,12,64,64,0,0,1.79
2588,643,24,48,48,0,0,3.85
2589,643,38,48,48,0,0,3.96
2590,643,41,50,50,1,0,3.15
2591,643,47,36,36,0,0,6.60
2592,643,93,72,72,0,0,4.56
2593,644,43,48,48,0,0,5.72
2594,644,44,72,72,0,0,2.07
2595,644,54,36,36,0,0,5.84
2596,645,60,100,100,0,0,3.45
2597,645,88,72,72,0,0,5.55
2598,646,22,60,57,0,3,0.42
2599,646,34,70,67,0,3,4.52
2600,646,51,48,46,0,2,5.91
2601,646,62,40,38,0,2,2.54
2602,646,84,72,69,0,3,2.51
2603,647,27,60,60,0,0,3.55
2604,647,52,40,40,0,0,3.32
2605,647,64,40,40,0,0,3.05
2606,647,80,72,72,0,0,3.36
2607,647,86,80,80,0,0,1.84
2608,648,28,48,48,0,0,1.80
2609,648,59,48,48,0,0,3.42
2610,649,2,80,80,0,0,2.58
2611,649,30,104,104,0,0,2.13
2612,649,39,72,72,0,0,3.11
2613,649,67,72,72,0,0,4.16
2614,649,71,50,50,0,0,5.16
2615,650,1,72,72,0,0,4.01
2616,650,8,40,40,0,0,5.95
2617,650,16,72,72,0,0,3.12
2618,650,32,60,60,0,0,2.42
2619,650,56,48,48,0,0,2.26
2620,650,57,40,40,0,0,2.74
2621,651,73,72,72,0,0,5.73
2622,651,74,64,64,0,0,2.46
2623,651,91,72,72,0,0,3.36
2624,652,5,40,40,0,0,4.11
2625,652,15,50,50,0,0,3.62
2626,652,18,40,40,0,0,3.55
2627,652,25,48,48,1,0,1.28
2628,652,33,36,36,0,0,3.95
2629,653,17,48,48,0,0,2.82
2630,653,24,48,48,0,0,3.85
2631,653,45,48,48,0,0,1.99
2632,653,47,72,72,0,0,6.60
2633,653,68,48,48,0,0,5.73
2634,653,76,102,102,0,0,2.79
2635,654,11,72,72,0,0,1.74
2636,654,43,96,96,0,0,5.72
2637,654,53,96,96,0,0,3.24
2638,654,54,72,72,0,0,5.84
2639,654,65,80,80,0,0,2.67
2640,655,26,48,48,0,0,2.79
2641,655,29,42,42,0,0,2.02
2642,655,37,66,66,0,0,3.17
2643,655,81,80,80,0,0,4.75
2644,656,3,24,24,0,0,2.24
2645,656,31,72,72,0,0,3.41
2646,656,61,48,48,0,0,2.75
2647,656,90,60,60,0,0,3.17
2648,657,40,48,48,0,0,2.81
2649,657,49,30,30,0,0,5.09
2650,657,72,48,48,0,0,5.20
2651,658,28,72,72,0,0,1.80
2652,658,58,48,48,0,0,3.32
2653,658,59,66,66,0,0,3.42
2654,659,23,72,72,0,0,0.58
2655,659,36,72,72,0,0,3.09
2656,659,39,64,64,0,0,3.11
2657,659,55,48,48,0,0,2.64
2658,659,63,96,96,0,0,2.52
2659,659,71,40,40,0,0,5.16
2660,660,85,48,48,0,0,2.27
2661,660,92,60,60,0,0,3.69
2662,661,1,72,72,0,0,4.01
2663,661,8,64,64,0,0,5.95
2664,661,82,40,40,1,0,2.25
2665,661,87,72,72,0,0,5.10
2666,662,5,40,40,0,0,4.11
2667,662,15,30,30,0,0,3.62
2668,662,18,40,40,0,0,3.55
2669,662,25,48,48,0,0,1.28
2670,662,33,72,72,0,0,3.95
2671,662,35,56,56,0,0,3.31
2672,663,4,80,77,0,3,2.59
2673,663,12,48,46,0,2,1.79
2674,663,24,72,69,0,3,3.85
2675,663,38,60,57,0,3,3.96
2676,663,47,36,35,0,1,6.60
2677,663,93,96,93,0,3,4.56
2678,664,43,72,72,0,0,5.72
2679,664,54,36,36,0,0,5.84
2680,665,60,60,60,0,0,3.45
2681,665,88,72,72,0,0,5.55
2682,666,22,80,80,0,0,0.42
2683,666,51,64,64,0,0,5.91
2684,666,62,20,20,0,0,2.54
2685,666,84,72,72,0,0,2.51
2686,667,27,80,80,0,0,3.55
2687,667,40,48,48,0,0,2.81
2688,667,46,40,40,0,0,2.59
2689,667,52,20,20,0,0,3.32
2690,667,64,72,72,0,0,3.05
2691,667,80,72,72,0,0,3.36
2692,668,86,72,72,0,0,1.84
2693,669,28,48,48,0,0,1.80
2694,669,59,66,66,0,0,3.42
2695,670,9,72,72,0,0,5.04
2696,670,30,64,64,0,0,2.13
2697,670,39,64,64,0,0,3.11
2698,670,67,72,72,0,0,4.16
2699,671,1,36,36,0,0,4.01
2700,671,16,72,72,0,0,3.12
2701,671,32,60,60,1,0,2.42
2702,671,56,96,96,0,0,2.26
2703,671,57,40,40,0,0,2.74
2704,671,70,80,80,0,0,4.60
2705,672,73,48,48,0,0,5.73
2706,672,74,56,56,0,0,2.46
2707,672,91,56,56,0,0,3.36
2708,673,5,80,80,0,0,4.11
2709,673,15,70,70,0,0,3.62
2710,673,18,60,60,0,0,3.55
2711,673,25,48,48,0,0,1.28
2712,674,17,40,40,0,0,2.82
2713,674,24,48,48,0,0,3.85
2714,674,45,54,54,0,0,1.99
2715,674,76,84,84,0,0,2.79
2716,675,11,72,72,0,0,1.74
2717,675,43,60,60,0,0,5.72
2718,675,54,72,72,0,0,5.84
2719,675,65,70,70,0,0,2.67
2720,676,26,60,60,0,0,2.79
2721,676,29,66,66,0,0,2.02
2722,676,37,30,30,0,0,3.17
2723,676,81,80,80,0,0,4.75
2724,677,3,96,96,0,0,2.24
2725,677,31,72,72,0,0,3.41
2726,677,34,50,50,0,0,4.52
2727,677,48,72,72,0,0,9.61
2728,677,61,60,60,0,0,2.75
2729,677,90,60,60,0,0,3.17
2730,678,40,72,72,0,0,2.81
2731,678,49,84,84,0,0,5.09
2732,678,52,60,60,0,0,3.32
2733,678,72,88,88,0,0,5.20
2734,679,28,48,48,0,0,1.80
2735,679,59,48,48,0,0,3.42
2736,680,23,72,69,0,3,0.58
2737,680,36,48,46,0,2,3.09
2738,680,39,80,77,1,3,3.11
2739,680,55,48,46,0,2,2.64
2740,680,63,96,93,0,3,2.52
2741,680,67,108,105,0,3,4.16
2742,681,85,48,48,0,0,2.27
2743,681,92,50,50,0,0,3.69
2744,682,1,72,72,0,0,4.01
2745,682,8,72,72,0,0,5.95
2746,682,57,60,60,0,0,2.74
2747,682,70,60,60,0,0,4.60
2748,682,82,50,50,0,0,2.25
2749,682,87,48,48,0,0,5.10
2750,683,5,40,40,0,0,4.11
2751,683,15,80,80,0,0,3.62
2752,683,25,48,48,0,0,1.28
2753,683,33,72,72,0,0,3.95
2754,683,35,64,64,0,0,3.31
2755,684,12,16,16,0,0,1.79
2756,684,24,48,48,0,0,3.85
2757,684,38,72,72,0,0,3.96
2758,684,41,70,70,0,0,3.15
2759,684,68,24,24,0,0,5.73
2760,684,93,48,48,0,0,4.56
2761,685,43,60,60,0,0,5.72
2762,685,44,72,72,0,0,2.07
2763,685,54,72,72,0,0,5.84
2764,686,60,60,60,0,0,3.45
2765,686,88,48,48,0,0,5.55
2766,687,22,40,40,0,0,0.42
2767,687,48,48,48,0,0,9.61
2768,687,51,48,48,0,0,5.91
2769,687,84,72,72,0,0,2.51
2770,687,90,40,40,0,0,3.17
2771,688,27,60,60,0,0,3.55
2772,688,52,60,60,0,0,3.32
2773,688,64,72,72,0,0,3.05
2774,688,80,72,72,0,0,3.36
2775,688,86,32,32,1,0,1.84
2776,689,19,72,72,0,0,3.44
2777,689,28,48,48,0,0,1.80
2778,689,58,42,42,0,0,3.32
2779,689,59,78,78,0,0,3.42
2780,690,2,80,80,0,0,2.58
2781,690,9,72,72,0,0,5.04
2782,690,30,48,48,0,0,2.13
2783,690,39,80,80,0,0,3.11
2784,690,63,48,48,0,0,2.52
2785,691,1,72,72,0,0,4.01
2786,691,16,72,72,0,0,3.12
2787,691,32,30,30,0,0,2.42
2788,691,56,48,48,0,0,2.26
2789,691,70,40,40,0,0,4.60
2790,691,73,72,72,0,0,5.73
2791,692,74,56,56,0,0,2.46
2792,693,5,60,60,0,0,4.11
2793,693,15,40,40,0,0,3.62
2794,693,18,60,60,0,0,3.55
2795,693,25,96,96,0,0,1.28
2796,694,17,96,96,0,0,2.82
2797,694,24,72,72,0,0,3.85
2798,694,45,60,60,0,0,1.99
2799,694,68,64,64,0,0,5.73
2800,694,76,84,84,0,0,2.79
2801,695,11,72,72,0,0,1.74
2802,695,43,36,36,0,0,5.72
2803,695,53,96,96,0,0,3.24
2804,695,54,36,36,0,0,5.84
2805,695,65,70,70,0,0,2.67
2806,696,26,72,72,0,0,2.79
2807,696,29,60,60,0,0,2.02
2808,696,37,72,72,0,0,3.17
2809,696,81,70,70,0,0,4.75
2810,697,31,72,69,0,3,3.41
2811,697,34,40,38,0,2,4.52
2812,697,48,72,69,1,3,9.61
2813,697,61,72,69,0,3,2.75
2814,697,90,60,57,0,3,3.17
2815,698,40,48,48,0,0,2.81
2816,698,49,66,66,0,0,5.09
2817,698,72,56,56,0,0,5.20
2818,699,28,72,72,0,0,1.80
2819,699,58,66,66,0,0,3.32
2820,699,59,72,72,0,0,3.42
2821,700,2,60,60,0,0,2.58
2822,700,23,108,108,0,0,0.58
2823,700,36,72,72,0,0,3.09
2824,700,39,56,56,0,0,3.11
2825,700,63,48,48,0,0,2.52
2826,700,85,48,48,0,0,2.27
2827,701,92,70,70,0,0,3.69
2828,702,1,36,36,0,0,4.01
2829,702,8,72,72,0,0,5.95
2830,702,56,72,72,0,0,2.26
2831,702,70,80,80,0,0,4.60
2832,702,82,50,50,0,0,2.25
2833,702,87,72,72,0,0,5.10
2834,703,5,100,100,0,0,4.11
2835,703,15,80,80,0,0,3.62
2836,703,25,48,48,0,0,1.28
2837,703,33,108,108,0,0,3.95
2838,704,4,60,60,0,0,2.59
2839,704,12,56,56,0,0,1.79
2840,704,24,72,72,0,0,3.85
2841,704,38,84,84,0,0,3.96
2842,704,41,70,70,0,0,3.15
2843,704,47,72,72,0,0,6.60
2844,705,93,72,72,0,0,4.56
2845,706,43,60,60,0,0,5.72
2846,706,44,72,72,0,0,2.07
2847,706,54,72,72,0,0,5.84
2848,707,60,60,60,0,0,3.45
2849,707,83,96,96,1,0,2.63
2850,707,88,48,48,0,0,5.55
2851,708,22,60,60,0,0,0.42
2852,708,51,80,80,0,0,5.91
2853,708,62,60,60,0,0,2.54
2854,708,90,60,60,0,0,3.17
2855,709,27,40,40,0,0,3.55
2856,709,52,40,40,0,0,3.32
2857,709,64,64,64,0,0,3.05
2858,709,80,72,72,0,0,3.36
2859,709,86,72,72,0,0,1.84
2860,710,19,48,48,0,0,3.44
2861,710,28,48,48,0,0,1.80
2862,710,58,78,78,0,0,3.32
2863,710,59,60,60,0,0,3.42
2864,710,66,96,96,0,0,4.47
2865,711,30,80,80,0,0,2.13
2866,711,36,48,48,0,0,3.09
2867,711,39,64,64,0,0,3.11
2868,711,71,70,70,0,0,5.16
2869,712,1,72,72,0,0,4.01
2870,712,8,80,80,0,0,5.95
2871,712,16,72,72,0,0,3.12
2872,712,32,60,60,0,0,2.42
2873,712,56,48,48,0,0,2.26
2874,712,73,48,48,0,0,5.73
2875,713,74,72,72,0,0,2.46
2876,714,5,40,38,0,2,4.11
2877,714,15,60,57,0,3,3.62
2878,714,18,60,57,0,3,3.55
2879,714,25,96,93,0,3,1.28
2880,714,35,72,69,0,3,3.31
2881,715,17,24,24,0,0,2.82
2882,715,24,48,48,0,0,3.85
2883,715,41,60,60,0,0,3.15
2884,715,45,60,60,0,0,1.99
2885,715,47,72,72,0,0,6.60
2886,715,68,40,40,1,0,5.73
2887,716,11,72,72,0,0,1.74
2888,716,43,48,48,0,0,5.72
2889,716,53,96,96,0,0,3.24
2890,716,54,36,36,0,0,5.84
2891,716,65,50,50,0,0,2.67
2892,717,26,36,36,0,0,2.79
2893,717,37,48,48,0,0,3.17
2894,717,81,40,40,0,0,4.75
2895,718,3,72,72,0,0,2.24
2896,718,31,72,72,0,0,3.41
2897,718,34,30,30,0,0,4.52
2898,718,61,72,72,0,0,2.75
2899,719,49,60,60,0,0,5.09
2900,719,72,56,56,0,0,5.20
2901,720,28,48,48,0,0,1.80
2902,720,59,42,42,0,0,3.42
2903,721,9,72,72,0,0,5.04
2904,721,23,72,72,0,0,0.58
2905,721,30,56,56,0,0,2.13
2906,721,39,56,56,0,0,3.11
2907,721,55,72,72,0,0,2.64
2908,721,63,96,96,0,0,2.52
2909,722,85,36,36,0,0,2.27
2910,722,92,60,60,0,0,3.69
2911,723,1,72,72,0,0,4.01
2912,723,57,60,60,0,0,2.74
2913,723,70,60,60,0,0,4.60
2914,723,74,48,48,0,0,2.46
2915,723,82,60,60,0,0,2.25
2916,723,87,48,48,0,0,5.10
2917,724,91,80,80,0,0,3.36
2918,725,5,60,60,0,0,4.11
2919,725,15,60,60,0,0,3.62
2920,725,25,48,48,0,0,1.28
2921,726,4,40,40,0,0,2.59
2922,726,12,32,32,0,0,1.79
2923,726,24,96,96,1,0,3.85
2924,726,38,78,78,0,0,3.96
2925,726,41,70,70,0,0,3.15
2926,726,93,96,96,0,0,4.56
2927,727,43,72,72,0,0,5.72
2928,727,44,72,72,0,0,2.07
2929,727,54,72,72,0,0,5.84
2930,728,60,80,80,0,0,3.45
2931,728,88,96,96,0,0,5.55
2932,729,22,40,40,0,0,0.42
2933,729,34,40,40,0,0,4.52
2934,729,48,24,24,0,0,9.61
2935,729,51,64,64,0,0,5.91
2936,729,62,40,40,0,0,2.54
2937,729,84,72,72,0,0,2.51
2938,730,27,60,60,0,0,3.55
2939,730,52,20,20,0,0,3.32
2940,730,64,64,64,0,0,3.05
2941,730,80,96,96,0,0,3.36
2942,730,86,88,88,0,0,1.84
2943,731,19,54,52,0,2,3.44
2944,731,28,72,69,0,3,1.80
2945,731,58,54,52,0,2,3.32
2946,731,59,48,46,0,2,3.42
2947,732,9,36,36,0,0,5.04
2948,732,30,72,72,0,0,2.13
2949,732,36,96,96,0,0,3.09
2950,732,39,64,64,0,0,3.11
2951,732,67,72,72,0,0,4.16
2952,733,1,72,72,0,0,4.01
2953,733,16,96,96,0,0,3.12
2954,733,32,20,20,0,0,2.42
2955,733,56,48,48,0,0,2.26
2956,733,70,60,60,0,0,4.60
2957,733,73,72,72,0,0,5.73
2958,734,74,88,88,0,0,2.46
2959,734,91,72,72,0,0,3.36
2960,735,5,80,80,1,0,4.11
2961,735,15,60,60,0,0,3.62
2962,735,18,60,60,0,0,3.55
2963,735,25,48,48,0,0,1.28
2964,735,35,48,48,0,0,3.31
2965,736,17,24,24,0,0,2.82
2966,736,24,48,48,0,0,3.85
2967,736,41,40,40,0,0,3.15
2968,736,45,84,84,0,0,1.99
2969,736,68,56,56,0,0,5.73
2970,736,76,60,60,0,0,2.79
2971,737,11,72,72,0,0,1.74
2972,737,43,60,60,0,0,5.72
2973,737,53,96,96,0,0,3.24
2974,737,54,36,36,0,0,5.84
2975,737,65,70,70,0,0,2.67
2976,738,26,48,48,0,0,2.79
2977,738,29,60,60,0,0,2.02
2978,738,37,54,54,0,0,3.17
2979,739,31,72,72,0,0,3.41
2980,739,34,60,60,0,0,4.52
2981,739,48,84,84,0,0,9.61
2982,739,61,60,60,0,0,2.75
2983,739,90,60,60,0,0,3.17
2984,740,49,48,48,0,0,5.09
2985,740,72,72,72,0,0,5.20
2986,740,80,72,72,0,0,3.36
2987,741,28,48,48,0,0,1.80
2988,741,59,54,54,0,0,3.42
2989,742,2,60,60,0,0,2.58
2990,742,9,72,72,0,0,5.04
2991,742,23,72,72,0,0,0.58
2992,742,39,56,56,0,0,3.11
2993,742,55,48,48,0,0,2.64
2994,742,63,96,96,0,0,2.52
2995,743,85,84,84,0,0,2.27
2996,743,92,40,40,0,0,3.69
2997,744,1,36,36,1,0,4.01
2998,744,57,40,40,0,0,2.74
2999,744,70,80,80,0,0,4.60
3000,744,82,50,50,0,0,2.25
3001,744,87,48,48,0,0,5.10
3002,745,5,60,60,0,0,4.11
3003,745,15,70,70,0,0,3.62
3004,745,25,96,96,0,0,1.28
3005,745,33,72,72,0,0,3.95
3006,745,35,56,56,0,0,3.31
3007,746,4,40,40,0,0,2.59
3008,746,12,48,48,0,0,1.79
3009,746,24,72,72,0,0,3.85
3010,746,38,78,78,0,0,3.96
3011,746,41,70,70,0,0,3.15
3012,746,47,72,72,0,0,6.60
3013,747,93,72,72,0,0,4.56
3014,748,43,48,46,0,2,5.72
3015,748,54,36,35,0,1,5.84
3016,749,60,60,60,0,0,3.45
3017,749,83,48,48,0,0,2.63
3018,749,88,48,48,0,0,5.55
3019,750,22,60,60,0,0,0.42
3020,750,51,64,64,0,0,5.91
3021,750,62,20,20,0,0,2.54
3022,751,27,60,60,0,0,3.55
3023,751,46,40,40,0,0,2.59
3024,751,52,20,20,0,0,3.32
3025,751,64,40,40,0,0,3.05
3026,751,80,72,72,0,0,3.36
3027,751,86,64,64,0,0,1.84
3028,752,19,54,54,0,0,3.44
3029,752,28,72,72,0,0,1.80
3030,752,58,42,42,0,0,3.32
3031,752,59,54,54,0,0,3.42
3032,753,9,36,36,0,0,5.04
3033,753,30,56,56,0,0,2.13
3034,753,39,56,56,1,0,3.11
3035,753,67,72,72,0,0,4.16
3036,753,71,50,50,0,0,5.16
3037,754,1,72,72,0,0,4.01
3038,754,16,72,72,0,0,3.12
3039,754,32,40,40,0,0,2.42
3040,754,56,48,48,0,0,2.26
3041,754,73,72,72,0,0,5.73
3042,754,74,72,72,0,0,2.46
3043,755,91,48,48,0,0,3.36
3044,756,5,60,60,0,0,4.11
3045,756,15,60,60,0,0,3.62
3046,756,18,60,60,0,0,3.55
3047,756,25,48,48,0,0,1.28
3048,757,17,72,72,0,0,2.82
3049,757,24,72,72,0,0,3.85
3050,757,41,30,30,0,0,3.15
3051,757,45,72,72,0,0,1.99
3052,757,68,56,56,0,0,5.73
3053,757,76,48,48,0,0,2.79
3054,758,11,108,108,0,0,1.74
3055,758,43,72,72,0,0,5.72
3056,758,53,96,96,0,0,3.24
3057,758,54,72,72,0,0,5.84
3058,758,65,70,70,0,0,2.67
3059,759,26,24,24,0,0,2.79
3060,759,29,78,78,0,0,2.02
3061,759,37,78,78,0,0,3.17
3062,759,81,50,50,0,0,4.75
3063,760,3,72,72,0,0,2.24
3064,760,31,72,72,0,0,3.41
3065,760,34,40,40,0,0,4.52
3066,760,48,54,54,0,0,9.61
3067,760,61,24,24,0,0,2.75
3068,760,90,80,80,0,0,3.17
3069,761,49,60,60,0,0,5.09
3070,761,72,48,48,0,0,5.20
3071,762,28,48,48,1,0,1.80
3072,762,59,54,54,0,0,3.42
3073,763,23,72,72,0,0,0.58
3074,763,36,96,96,0,0,3.09
3075,763,39,72,72,0,0,3.11
3076,763,55,48,48,0,0,2.64
3077,763,63,96,96,0,0,2.52
3078,763,71,60,60,0,0,5.16
3079,764,85,60,60,0,0,2.27
3080,764,92,30,30,0,0,3.69
3081,765,1,72,69,0,3,4.01
3082,765,8,72,69,0,3,5.95
3083,765,57,60,57,0,3,2.74
3084,765,82,100,97,0,3,2.25
3085,765,87,72,69,0,3,5.10
3086,766,5,80,80,0,0,4.11
3087,766,15,60,60,0,0,3.62
3088,766,25,96,96,0,0,1.28
3089,766,35,64,64,0,0,3.31
3090,767,12,48,48,0,0,1.79
3091,767,24,96,96,0,0,3.85
3092,767,38,90,90,0,0,3.96
3093,767,41,70,70,0,0,3.15
3094,767,47,108,108,0,0,6.60
3095,767,93,96,96,0,0,4.56
3096,768,43,72,72,0,0,5.72
3097,768,44,72,72,0,0,2.07
3098,768,54,36,36,0,0,5.84
3099,769,60,80,80,0,0,3.45
3100,769,83,48,48,0,0,2.63
3101,769,88,72,72,0,0,5.55
3102,770,22,80,80,0,0,0.42
3103,770,34,70,70,0,0,4.52
3104,770,51,80,80,0,0,5.91
3105,770,62,60,60,0,0,2.54
3106,770,90,80,80,0,0,3.17
3107,771,27,60,60,0,0,3.55
3108,771,64,64,64,1,0,3.05
3109,771,80,72,72,0,0,3.36
3110,771,86,72,72,0,0,1.84
3111,772,19,90,90,0,0,3.44
3112,772,28,72,72,0,0,1.80
3113,772,58,84,84,0,0,3.32
3114,772,59,60,60,0,0,3.42
3115,773,2,60,60,0,0,2.58
3116,773,30,80,80,0,0,2.13
3117,773,39,64,64,0,0,3.11
3118,773,55,60,60,0,0,2.64
3119,773,67,72,72,0,0,4.16
3120,774,1,72,72,0,0,4.01
3121,774,8,80,80,0,0,5.95
3122,774,16,72,72,0,0,3.12
3123,774,32,90,90,0,0,2.42
3124,774,70,60,60,0,0,4.60
3125,774,73,72,72,0,0,5.73
3126,775,74,80,80,0,0,2.46
3127,776,5,100,100,0,0,4.11
3128,776,15,60,60,0,0,3.62
3129,776,18,60,60,0,0,3.55
3130,776,25,48,48,0,0,1.28
3131,776,33,72,72,0,0,3.95
3132,777,12,72,72,0,0,1.79
3133,777,17,64,64,0,0,2.82
3134,777,24,48,48,0,0,3.85
3135,777,41,60,60,0,0,3.15
3136,777,45,60,60,0,0,1.99
3137,777,47,36,36,0,0,6.60
3138,778,76,60,60,0,0,2.79
3139,779,43,48,48,0,0,5.72
3140,779,53,96,96,0,0,3.24
3141,779,54,72,72,0,0,5.84
3142,779,65,60,60,0,0,2.67
3143,780,26,60,60,0,0,2.79
3144,780,29,72,72,0,0,2.02
3145,780,37,42,42,1,0,3.17
3146,780,81,60,60,0,0,4.75
3147,781,31,72,72,0,0,3.41
3148,781,61,48,48,0,0,2.75
3149,781,62,100,100,0,0,2.54
3150,781,90,80,80,0,0,3.17
3151,782,49,66,63,0,3,5.09
3152,782,72,72,69,0,3,5.20
3153,783,28,72,72,0,0,1.80
3154,783,59,72,72,0,0,3.42
3155,783,66,48,48,0,0,4.47
3156,784,2,40,40,0,0,2.58
3157,784,23,36,36,0,0,0.58
3158,784,36,96,96,0,0,3.09
3159,784,39,64,64,0,0,3.11
3160,784,71,80,80,0,0,5.16
3161,784,85,60,60,0,0,2.27
3162,785,92,50,50,0,0,3.69
3163,786,1,72,72,0,0,4.01
3164,786,8,64,64,0,0,5.95
3165,786,56,72,72,0,0,2.26
3166,786,57,60,60,0,0,2.74
3167,786,82,70,70,0,0,2.25
3168,786,87,72,72,0,0,5.10
3169,787,5,60,60,0,0,4.11
3170,787,15,40,40,0,0,3.62
3171,787,25,48,48,0,0,1.28
3172,787,33,72,72,0,0,3.95
3173,787,35,32,32,0,0,3.31
3174,788,4,60,60,0,0,2.59
3175,788,24,24,24,0,0,3.85
3176,788,38,90,90,0,0,3.96
3177,788,41,50,50,0,0,3.15
3178,788,93,72,72,0,0,4.56
3179,789,11,72,72,0,0,1.74
3180,789,43,84,84,0,0,5.72
3181,789,44,72,72,0,0,2.07
3182,789,54,72,72,1,0,5.84
3183,789,65,40,40,0,0,2.67
3184,790,60,80,80,0,0,3.45
3185,790,88,24,24,0,0,5.55
3186,791,22,60,60,0,0,0.42
3187,791,48,24,24,0,0,9.61
3188,791,51,56,56,0,0,5.91
3189,791,62,60,60,0,0,2.54
3190,791,84,72,72,0,0,2.51
3191,791,90,60,60,0,0,3.17
3192,792,27,80,80,0,0,3.55
3193,792,52,20,20,0,0,3.32
3194,792,80,72,72,0,0,3.36
3195,792,86,72,72,0,0,1.84
3196,793,19,66,66,0,0,3.44
3197,793,28,72,72,0,0,1.80
3198,793,58,60,60,0,0,3.32
3199,793,59,54,54,0,0,3.42
3200,794,9,108,108,0,0,5.04
3201,794,30,56,56,0,0,2.13
3202,794,39,40,40,0,0,3.11
3203,794,67,72,72,0,0,4.16
3204,795,1,72,72,0,0,4.01
3205,795,16,72,72,0,0,3.12
3206,795,32,60,60,0,0,2.42
3207,795,56,48,48,0,0,2.26
3208,795,70,60,60,0,0,4.60
3209,795,73,72,72,0,0,5.73
3210,796,74,56,56,0,0,2.46
3211,797,5,40,40,0,0,4.11
3212,797,15,70,70,0,0,3.62
3213,797,18,80,80,0,0,3.55
3214,797,25,96,96,0,0,1.28
3215,798,17,24,24,0,0,2.82
3216,798,24,48,48,0,0,3.85
3217,798,41,80,80,0,0,3.15
3218,798,45,60,60,0,0,1.99
3219,798,68,40,40,1,0,5.73
3220,798,76,66,66,0,0,2.79
3221,799,11,72,69,0,3,1.74
3222,799,43,72,69,0,3,5.72
3223,799,53,96,93,0,3,3.24
3224,799,54,72,69,0,3,5.84
3225,799,65,70,67,0,3,2.67
3226,800,26,48,48,0,0,2.79
3227,800,37,102,102,0,0,3.17
3228,800,81,70,70,0,0,4.75
3229,801,3,72,72,0,0,2.24
3230,801,31,108,108,0,0,3.41
3231,801,34,40,40,0,0,4.52
3232,801,48,66,66,0,0,9.61
3233,801,61,72,72,0,0,2.75
3234,801,90,60,60,0,0,3.17
3235,802,49,72,72,0,0,5.09
3236,802,72,48,48,0,0,5.20
3237,803,28,48,48,0,0,1.80
3238,803,59,42,42,0,0,3.42
3239,804,23,72,72,0,0,0.58
3240,804,30,16,16,0,0,2.13
3241,804,36,48,48,0,0,3.09
3242,804,39,48,48,0,0,3.11
3243,804,63,96,96,0,0,2.52
3244,804,71,80,80,0,0,5.16
3245,805,85,60,60,0,0,2.27
3246,805,92,60,60,0,0,3.69
3247,806,1,36,36,0,0,4.01
3248,806,8,40,40,0,0,5.95
3249,806,56,72,72,0,0,2.26
3250,806,57,60,60,0,0,2.74
3251,806,82,70,70,0,0,2.25
3252,806,87,96,96,0,0,5.10
3253,807,5,20,20,0,0,4.11
3254,807,15,20,20,0,0,3.62
3255,807,25,48,48,0,0,1.28
3256,807,33,36,36,1,0,3.95
3257,808,4,20,20,0,0,2.59
3258,808,12,16,16,0,0,1.79
3259,808,38,24,24,0,0,3.96
3260,808,76,12,12,0,0,2.79
3261,808,93,24,24,0,0,4.56
3262,809,43,60,60,0,0,5.72
3263,809,54,36,36,0,0,5.84
3264,809,65,20,20,0,0,2.67
3265,810,88,24,24,0,0,5.55
3266,811,22,20,20,0,0,0.42
3267,811,48,12,12,0,0,9.61
3268,811,51,32,32,0,0,5.91
3269,811,62,20,20,0,0,2.54
3270,811,84,36,36,0,0,2.51
3271,812,27,40,40,0,0,3.55
3272,812,46,10,10,0,0,2.59
3273,812,52,20,20,0,0,3.32
3274,813,19,6,6,0,0,3.44
3275,813,58,18,18,0,0,3.32
3276,813,59,18,18,0,0,3.42
3277,814,30,16,16,0,0,2.13
3278,814,39,16,16,0,0,3.11
3279,814,42,36,36,0,0,3.66
3280,814,67,36,36,0,0,4.16
3281,814,71,50,50,0,0,5.16
3282,815,1,36,36,0,0,4.01
3283,815,8,16,16,0,0,5.95
3284,815,16,24,24,0,0,3.12
3285,815,32,10,10,0,0,2.42
3286,815,56,24,24,0,0,2.26
3287,815,73,48,48,0,0,5.73
3288,816,91,32,31,0,1,3.36
3289,817,5,80,80,0,0,4.11
3290,817,15,60,60,0,0,3.62
3291,817,18,60,60,0,0,3.55
3292,817,25,48,48,0,0,1.28
3293,817,35,72,72,1,0,3.31
3294,818,12,72,72,0,0,1.79
3295,818,17,64,64,0,0,2.82
3296,818,24,48,48,0,0,3.85
3297,818,41,40,40,0,0,3.15
3298,818,45,54,54,0,0,1.99
3299,818,68,32,32,0,0,5.73
3300,819,76,60,60,0,0,2.79
3301,820,43,48,48,0,0,5.72
3302,820,53,96,96,0,0,3.24
3303,820,54,72,72,0,0,5.84
3304,820,65,70,70,0,0,2.67
3305,821,26,24,24,0,0,2.79
3306,821,29,54,54,0,0,2.02
3307,821,37,78,78,0,0,3.17
3308,821,81,70,70,0,0,4.75
3309,822,31,108,108,0,0,3.41
3310,822,34,30,30,0,0,4.52
3311,822,48,60,60,0,0,9.61
3312,822,61,72,72,0,0,2.75
3313,823,49,36,36,0,0,5.09
3314,823,72,56,56,0,0,5.20
3315,824,28,96,96,0,0,1.80
3316,824,59,54,54,0,0,3.42
3317,825,2,40,40,0,0,2.58
3318,825,9,72,72,0,0,5.04
3319,825,23,72,72,0,0,0.58
3320,825,39,72,72,0,0,3.11
3321,825,55,72,72,0,0,2.64
3322,825,63,96,96,0,0,2.52
3323,826,71,40,40,0,0,5.16
3324,826,85,72,72,0,0,2.27
3325,826,92,50,50,0,0,3.69
3326,827,1,36,36,0,0,4.01
3327,827,57,60,60,0,0,2.74
3328,827,82,40,40,0,0,2.25
3329,827,87,48,48,0,0,5.10
3330,827,91,64,64,1,0,3.36
3331,828,5,60,60,0,0,4.11
3332,828,15,20,20,0,0,3.62
3333,828,25,48,48,0,0,1.28
3334,828,33,72,72,0,0,3.95
3335,829,4,40,40,0,0,2.59
3336,829,12,80,80,0,0,1.79
3337,829,24,48,48,0,0,3.85
3338,829,38,48,48,0,0,3.96
3339,829,47,72,72,0,0,6.60
3340,829,93,72,72,0,0,4.56
3341,830,43,48,48,0,0,5.72
3342,830,44,72,72,0,0,2.07
3343,830,54,72,72,0,0,5.84
3344,831,60,40,40,0,0,3.45
3345,831,88,72,72,0,0,5.55
3346,832,22,60,60,0,0,0.42
3347,832,51,96,96,0,0,5.91
3348,832,62,40,40,0,0,2.54
3349,832,84,72,72,0,0,2.51
3350,832,90,40,40,0,0,3.17
3351,833,27,80,77,0,3,3.55
3352,833,40,72,69,0,3,2.81
3353,833,52,40,38,0,2,3.32
3354,833,64,48,46,0,2,3.05
3355,833,80,72,69,0,3,3.36
3356,833,86,48,46,0,2,1.84
3357,834,19,54,54,0,0,3.44
3358,834,28,24,24,0,0,1.80
3359,834,58,36,36,0,0,3.32
3360,834,59,54,54,0,0,3.42
3361,835,9,72,72,0,0,5.04
3362,835,30,40,40,0,0,2.13
3363,835,36,48,48,0,0,3.09
3364,835,39,56,56,0,0,3.11
3365,835,55,60,60,0,0,2.64
3366,835,67,72,72,0,0,4.16
3367,836,1,72,72,1,0,4.01
3368,836,16,96,96,0,0,3.12
3369,836,32,10,10,0,0,2.42
3370,836,70,60,60,0,0,4.60
3371,836,73,72,72,0,0,5.73
3372,836,74,88,88,0,0,2.46
3373,837,5,60,60,0,0,4.11
3374,837,15,90,90,0,0,3.62
3375,837,18,60,60,0,0,3.55
3376,837,25,48,48,0,0,1.28
3377,837,35,96,96,0,0,3.31
3378,838,17,64,64,0,0,2.82
3379,838,24,48,48,0,0,3.85
3380,838,45,48,48,0,0,1.99
3381,838,68,56,56,0,0,5.73
3382,838,76,78,78,0,0,2.79
3383,839,11,72,72,0,0,1.74
3384,839,43,60,60,0,0,5.72
3385,839,53,96,96,0,0,3.24
3386,839,54,72,72,0,0,5.84
3387,839,65,90,90,0,0,2.67
3388,840,26,84,84,0,0,2.79
3389,840,29,42,42,0,0,2.02
3390,840,37,66,66,0,0,3.17
3391,840,81,80,80,0,0,4.75
3392,841,31,72,72,0,0,3.41
3393,841,34,50,50,0,0,4.52
3394,841,48,72,72,0,0,9.61
3395,841,61,72,72,0,0,2.75
3396,841,90,80,80,0,0,3.17
3397,842,40,72,72,0,0,2.81
3398,842,49,60,60,0,0,5.09
3399,842,72,32,32,0,0,5.20
3400,843,28,72,72,0,0,1.80
3401,843,58,66,66,0,0,3.32
3402,843,59,42,42,0,0,3.42
3403,844,2,60,60,0,0,2.58
3404,844,9,72,72,1,0,5.04
3405,844,23,108,108,0,0,0.58
3406,844,39,56,56,0,0,3.11
3407,844,55,84,84,0,0,2.64
3408,844,63,96,96,0,0,2.52
3409,845,85,84,84,0,0,2.27
3410,845,92,80,80,0,0,3.69
3411,846,1,108,108,0,0,4.01
3412,846,70,80,80,0,0,4.60
3413,846,82,40,40,0,0,2.25
3414,846,87,72,72,0,0,5.10
3415,847,5,60,60,0,0,4.11
3416,847,15,70,70,0,0,3.62
3417,847,25,48,48,0,0,1.28
3418,847,33,108,108,0,0,3.95
3419,847,35,56,56,0,0,3.31
3420,848,4,60,60,0,0,2.59
3421,848,24,96,96,0,0,3.85
3422,848,38,72,72,0,0,3.96
3423,848,41,80,80,0,0,3.15
3424,848,47,36,36,0,0,6.60
3425,848,93,72,72,0,0,4.56
3426,849,11,72,72,0,0,1.74
3427,849,43,96,96,0,0,5.72
3428,849,44,72,72,0,0,2.07
3429,849,54,72,72,0,0,5.84
3430,850,60,60,57,0,3,3.45
3431,850,83,96,93,0,3,2.63
3432,850,88,48,46,0,2,5.55
3433,851,22,60,60,0,0,0.42
3434,851,51,88,88,0,0,5.91
3435,851,62,40,40,0,0,2.54
3436,851,90,100,100,0,0,3.17
3437,852,27,60,60,0,0,3.55
3438,852,52,40,40,0,0,3.32
3439,852,64,72,72,0,0,3.05
3440,852,80,96,96,0,0,3.36
3441,852,86,72,72,1,0,1.84
3442,853,19,48,48,0,0,3.44
3443,853,28,48,48,0,0,1.80
3444,853,58,84,84,0,0,3.32
3445,853,59,60,60,0,0,3.42
3446,854,30,80,80,0,0,2.13
3447,854,39,56,56,0,0,3.11
3448,854,67,72,72,0,0,4.16
3449,854,71,50,50,0,0,5.16
3450,855,1,36,36,0,0,4.01
3451,855,8,48,48,0,0,5.95
3452,855,16,72,72,0,0,3.12
3453,855,32,70,70,0,0,2.42
3454,855,56,72,72,0,0,2.26
3455,855,73,72,72,0,0,5.73
3456,856,74,72,72,0,0,2.46
3457,857,5,60,60,0,0,4.11
3458,857,15,30,30,0,0,3.62
3459,857,18,60,60,0,0,3.55
3460,857,25,48,48,0,0,1.28
3461,857,33,36,36,0,0,3.95
3462,858,17,64,64,0,0,2.82
3463,858,24,72,72,0,0,3.85
3464,858,41,100,100,0,0,3.15
3465,858,45,12,12,0,0,1.99
3466,858,68,64,64,0,0,5.73
3467,858,76,66,66,0,0,2.79
3468,859,11,108,108,0,0,1.74
3469,859,43,96,96,0,0,5.72
3470,859,53,96,96,0,0,3.24
3471,859,54,72,72,0,0,5.84
3472,859,65,30,30,0,0,2.67
3473,860,26,48,48,0,0,2.79
3474,860,29,66,66,0,0,2.02
3475,860,37,66,66,0,0,3.17
3476,860,81,30,30,0,0,4.75
3477,861,3,48,48,0,0,2.24
3478,861,31,72,72,1,0,3.41
3479,861,48,66,66,0,0,9.61
3480,861,61,36,36,0,0,2.75
3481,862,49,66,66,0,0,5.09
3482,862,72,56,56,0,0,5.20
3483,863,28,48,48,0,0,1.80
3484,863,59,42,42,0,0,3.42
3485,864,23,36,36,0,0,0.58
3486,864,36,72,72,0,0,3.09
3487,864,39,72,72,0,0,3.11
3488,864,55,72,72,0,0,2.64
3489,864,63,48,48,0,0,2.52
3490,864,85,60,60,0,0,2.27
3491,865,92,60,60,0,0,3.69
3492,866,1,72,72,0,0,4.01
3493,866,8,64,64,0,0,5.95
3494,866,57,100,100,0,0,2.74
3495,866,70,80,80,0,0,4.60
3496,866,82,40,40,0,0,2.25
3497,866,87,24,24,0,0,5.10
3498,867,91,40,38,0,2,3.36
3499,868,5,100,100,0,0,4.11
3500,868,15,60,60,0,0,3.62
3501,868,25,48,48,0,0,1.28
3502,868,33,72,72,0,0,3.95
3503,868,35,40,40,0,0,3.31
3504,869,4,60,60,0,0,2.59
3505,869,12,24,24,0,0,1.79
3506,869,24,48,48,0,0,3.85
3507,869,38,60,60,0,0,3.96
3508,869,47,72,72,0,0,6.60
3509,869,93,96,96,0,0,4.56
3510,870,43,60,60,0,0,5.72
3511,870,54,72,72,0,0,5.84
3512,871,60,60,60,0,0,3.45
3513,871,88,72,72,0,0,5.55
3514,872,22,80,80,0,0,0.42
3515,872,51,56,56,1,0,5.91
3516,872,62,40,40,0,0,2.54
3517,872,84,72,72,0,0,2.51
3518,873,27,60,60,0,0,3.55
3519,873,40,72,72,0,0,2.81
3520,873,46,80,80,0,0,2.59
3521,873,52,40,40,0,0,3.32
3522,873,64,64,64,0,0,3.05
3523,873,80,48,48,0,0,3.36
3524,874,86,40,40,0,0,1.84
3525,875,19,42,42,0,0,3.44
3526,875,28,48,48,0,0,1.80
3527,875,59,66,66,0,0,3.42
3528,876,30,40,40,0,0,2.13
3529,876,39,32,32,0,0,3.11
3530,876,55,60,60,0,0,2.64
3531,876,67,72,72,0,0,4.16
3532,876,71,70,70,0,0,5.16
3533,877,1,36,36,0,0,4.01
3534,877,8,24,24,0,0,5.95
3535,877,16,72,72,0,0,3.12
3536,877,32,40,40,0,0,2.42
3537,877,57,60,60,0,0,2.74
3538,877,73,72,72,0,0,5.73
3539,878,74,48,48,0,0,2.46
3540,878,91,72,72,0,0,3.36
3541,879,5,60,60,0,0,4.11
3542,879,15,60,60,0,0,3.62
3543,879,18,60,60,0,0,3.55
3544,879,25,96,96,0,0,1.28
3545,880,17,72,72,0,0,2.82
3546,880,24,120,120,0,0,3.85
3547,880,45,78,78,0,0,1.99
3548,880,68,72,72,0,0,5.73
3549,880,76,42,42,0,0,2.79
3550,881,11,72,72,0,0,1.74
3551,881,43,108,108,0,0,5.72
3552,881,53,48,48,1,0,3.24
3553,881,54,36,36,0,0,5.84
3554,881,65,50,50,0,0,2.67
3555,882,26,60,60,0,0,2.79
3556,882,37,54,54,0,0,3.17
3557,882,81,50,50,0,0,4.75
3558,883,31,72,72,0,0,3.41
3559,883,34,50,50,0,0,4.52
3560,883,48,54,54,0,0,9.61
3561,883,61,84,84,0,0,2.75
3562,883,90,60,60,0,0,3.17
3563,884,40,48,46,0,2,2.81
3564,884,49,54,52,0,2,5.09
3565,884,72,40,38,0,2,5.20
3566,885,28,72,72,0,0,1.80
3567,885,59,66,66,0,0,3.42
3568,886,2,40,40,0,0,2.58
3569,886,23,72,72,0,0,0.58
3570,886,30,56,56,0,0,2.13
3571,886,36,72,72,0,0,3.09
3572,886,39,72,72,0,0,3.11
3573,886,55,72,72,0,0,2.64
3574,887,63,96,96,0,0,2.52
3575,887,71,40,40,0,0,5.16
3576,887,85,72,72,0,0,2.27
3577,887,92,30,30,0,0,3.69
3578,888,1,72,72,0,0,4.01
3579,888,8,64,64,0,0,5.95
3580,888,57,40,40,0,0,2.74
3581,888,82,70,70,0,0,2.25
3582,888,87,48,48,0,0,5.10
3583,889,5,80,80,0,0,4.11
3584,889,15,80,80,0,0,3.62
3585,889,25,48,48,0,0,1.28
3586,889,35,56,56,0,0,3.31
3587,890,4,40,40,0,0,2.59
3588,890,12,40,40,0,0,1.79
3589,890,24,48,48,1,0,3.85
3590,890,38,54,54,0,0,3.96
3591,890,41,70,70,0,0,3.15
3592,890,47,108,108,0,0,6.60
3593,891,93,72,72,0,0,4.56
3594,892,43,60,60,0,0,5.72
3595,892,44,72,72,0,0,2.07
3596,892,54,72,72,0,0,5.84
3597,893,60,80,80,0,0,3.45
3598,893,83,48,48,0,0,2.63
3599,893,88,96,96,0,0,5.55
3600,894,22,60,60,0,0,0.42
3601,894,34,70,70,0,0,4.52
3602,894,51,88,88,0,0,5.91
3603,894,62,20,20,0,0,2.54
3604,895,27,80,80,0,0,3.55
3605,895,52,80,80,0,0,3.32
3606,895,64,72,72,0,0,3.05
3607,895,80,72,72,0,0,3.36
3608,895,86,72,72,0,0,1.84
3609,896,19,60,60,0,0,3.44
3610,896,28,72,72,0,0,1.80
3611,896,58,60,60,0,0,3.32
3612,896,59,72,72,0,0,3.42
3613,896,66,48,48,0,0,4.47
3614,897,9,108,108,0,0,5.04
3615,897,30,56,56,0,0,2.13
3616,897,39,72,72,0,0,3.11
3617,898,1,72,72,0,0,4.01
3618,898,16,96,96,0,0,3.12
3619,898,32,60,60,0,0,2.42
3620,898,56,96,96,0,0,2.26
3621,898,70,60,60,0,0,4.60
3622,898,73,72,72,0,0,5.73
3623,899,74,72,72,0,0,2.46
3624,899,91,72,72,0,0,3.36
3625,900,5,60,60,0,0,4.11
3626,900,15,70,70,1,0,3.62
3627,900,18,80,80,0,0,3.55
3628,900,25,96,96,0,0,1.28
3629,900,35,48,48,0,0,3.31
3630,901,17,48,46,0,2,2.82
3631,901,24,96,93,0,3,3.85
3632,901,45,72,69,0,3,1.99
3633,901,68,48,46,0,2,5.73
3634,901,76,54,52,0,2,2.79
3635,902,11,72,72,0,0,1.74
3636,902,43,48,48,0,0,5.72
3637,902,53,96,96,0,0,3.24
3638,902,54,72,72,0,0,5.84
3639,902,65,60,60,0,0,2.67
3640,903,26,60,60,0,0,2.79
3641,903,29,78,78,0,0,2.02
3642,903,37,54,54,0,0,3.17
3643,903,81,80,80,0,0,4.75
3644,904,3,72,72,0,0,2.24
3645,904,31,72,72,0,0,3.41
3646,904,34,90,90,0,0,4.52
3647,904,48,54,54,0,0,9.61
3648,904,61,48,48,0,0,2.75
3649,904,90,60,60,0,0,3.17
3650,905,40,48,48,0,0,2.81
3651,905,49,54,54,0,0,5.09
3652,905,72,24,24,0,0,5.20
3653,906,28,48,48,0,0,1.80
3654,906,59,60,60,0,0,3.42
3655,907,9,72,72,0,0,5.04
3656,907,23,72,72,0,0,0.58
3657,907,39,40,40,0,0,3.11
3658,907,55,48,48,0,0,2.64
3659,907,63,96,96,0,0,2.52
3660,907,85,60,60,0,0,2.27
3661,908,92,60,60,0,0,3.69
3662,909,1,36,36,0,0,4.01
3663,909,57,80,80,1,0,2.74
3664,909,70,60,60,0,0,4.60
3665,909,82,50,50,0,0,2.25
3666,909,87,72,72,0,0,5.10
3667,910,5,60,60,0,0,4.11
3668,910,15,90,90,0,0,3.62
3669,910,25,48,48,0,0,1.28
3670,910,35,56,56,0,0,3.31
3671,911,12,24,24,0,0,1.79
3672,911,24,72,72,0,0,3.85
3673,911,38,66,66,0,0,3.96
3674,911,93,72,72,0,0,4.56
3675,912,43,60,60,0,0,5.72
3676,912,54,72,72,0,0,5.84
3677,913,60,80,80,0,0,3.45
3678,913,81,30,30,0,0,4.75
3679,913,88,72,72,0,0,5.55
3680,914,22,20,20,0,0,0.42
3681,914,34,70,70,0,0,4.52
3682,914,48,42,42,0,0,9.61
3683,914,51,56,56,0,0,5.91
3684,914,84,72,72,0,0,2.51
3685,915,27,60,60,0,0,3.55
3686,915,46,50,50,0,0,2.59
3687,915,52,20,20,0,0,3.32
3688,915,64,56,56,0,0,3.05
3689,915,86,72,72,0,0,1.84
3690,916,19,48,48,0,0,3.44
3691,916,28,48,48,0,0,1.80
3692,916,59,66,66,0,0,3.42
3693,916,66,48,48,0,0,4.47
3694,917,2,60,60,0,0,2.58
3695,917,30,40,40,0,0,2.13
3696,917,39,72,72,0,0,3.11
3697,917,42,36,36,0,0,3.66
3698,917,55,60,60,0,0,2.64
3699,917,63,48,48,0,0,2.52
3700,918,1,72,69,1,3,4.01
3701,918,8,8,7,0,1,5.95
3702,918,16,72,69,0,3,3.12
3703,918,32,50,48,0,2,2.42
3704,918,57,60,57,0,3,2.74
3705,918,70,40,38,0,2,4.60
3706,919,73,72,72,0,0,5.73
3707,919,74,56,56,0,0,2.46
3708,919,91,56,56,0,0,3.36
3709,920,5,80,80,0,0,4.11
3710,920,15,90,90,0,0,3.62
3711,920,18,100,100,0,0,3.55
3712,920,25,48,48,0,0,1.28
3713,921,17,40,40,0,0,2.82
3714,921,24,48,48,0,0,3.85
3715,921,41,60,60,0,0,3.15
3716,921,45,84,84,0,0,1.99
3717,921,47,72,72,0,0,6.60
3718,921,68,48,48,0,0,5.73
3719,922,76,60,60,0,0,2.79
3720,923,11,72,72,0,0,1.74
3721,923,43,60,60,0,0,5.72
3722,923,54,36,36,0,0,5.84
3723,923,65,70,70,0,0,2.67
3724,924,26,84,84,0,0,2.79
3725,924,29,72,72,0,0,2.02
3726,924,37,72,72,0,0,3.17
3727,924,81,80,80,0,0,4.75
3728,925,3,48,48,0,0,2.24
3729,925,31,108,108,0,0,3.41
3730,925,34,50,50,0,0,4.52
3731,925,61,60,60,0,0,2.75
3732,925,90,80,80,0,0,3.17
3733,926,49,84,84,0,0,5.09
3734,926,52,100,100,0,0,3.32
3735,926,72,48,48,0,0,5.20
3736,927,28,48,48,0,0,1.80
3737,927,59,60,60,1,0,3.42
3738,928,23,72,72,0,0,0.58
3739,928,36,72,72,0,0,3.09
3740,928,39,48,48,0,0,3.11
3741,928,63,48,48,0,0,2.52
3742,928,85,84,84,0,0,2.27
3743,928,92,80,80,0,0,3.69
3744,929,1,72,72,0,0,4.01
3745,929,8,64,64,0,0,5.95
3746,929,56,72,72,0,0,2.26
3747,929,57,80,80,0,0,2.74
3748,929,70,80,80,0,0,4.60
3749,929,82,50,50,0,0,2.25
3750,930,87,48,48,0,0,5.10
3751,931,5,80,80,0,0,4.11
3752,931,15,60,60,0,0,3.62
3753,931,25,48,48,0,0,1.28
3754,931,35,56,56,0,0,3.31
3755,932,12,40,40,0,0,1.79
3756,932,24,24,24,0,0,3.85
3757,932,38,54,54,0,0,3.96
3758,932,47,36,36,0,0,6.60
3759,932,93,96,96,0,0,4.56
3760,933,43,72,72,0,0,5.72
3761,933,44,72,72,0,0,2.07
3762,933,54,72,72,0,0,5.84
3763,934,60,60,60,0,0,3.45
3764,934,83,96,96,0,0,2.63
3765,934,88,96,96,0,0,5.55
3766,935,22,60,57,0,3,0.42
3767,935,34,70,67,0,3,4.52
3768,935,51,88,85,0,3,5.91
3769,935,62,60,57,0,3,2.54
3770,936,27,60,60,0,0,3.55
3771,936,40,72,72,0,0,2.81
3772,936,52,60,60,0,0,3.32
3773,936,64,48,48,0,0,3.05
3774,936,80,72,72,1,0,3.36
3775,936,86,80,80,0,0,1.84
3776,937,19,36,36,0,0,3.44
3777,937,28,48,48,0,0,1.80
3778,937,59,66,66,0,0,3.42
3779,938,2,100,100,0,0,2.58
3780,938,9,72,72,0,0,5.04
3781,938,30,64,64,0,0,2.13
3782,938,39,80,80,0,0,3.11
3783,938,67,72,72,0,0,4.16
3784,939,1,72,72,0,0,4.01
3785,939,16,72,72,0,0,3.12
3786,939,32,30,30,0,0,2.42
3787,939,56,96,96,0,0,2.26
3788,939,57,80,80,0,0,2.74
3789,939,70,60,60,0,0,4.60
3790,940,73,96,96,0,0,5.73
3791,940,74,56,56,0,0,2.46
3792,940,91,56,56,0,0,3.36
3793,941,5,40,40,0,0,4.11
3794,941,15,90,90,0,0,3.62
3795,941,18,60,60,0,0,3.55
3796,941,25,48,48,0,0,1.28
3797,941,35,72,72,0,0,3.31
3798,942,12,72,72,0,0,1.79
3799,942,17,40,40,0,0,2.82
3800,942,24,72,72,0,0,3.85
3801,942,41,20,20,0,0,3.15
3802,942,45,90,90,0,0,1.99
3803,942,68,56,56,0,0,5.73
3804,943,76,60,60,0,0,2.79
3805,944,43,72,72,0,0,5.72
3806,944,53,96,96,0,0,3.24
3807,944,54,72,72,0,0,5.84
3808,944,65,50,50,0,0,2.67
3809,945,26,48,48,0,0,2.79
3810,945,29,48,48,0,0,2.02
3811,945,37,54,54,1,0,3.17
3812,945,81,70,70,0,0,4.75
3813,946,3,48,48,0,0,2.24
3814,946,31,108,108,0,0,3.41
3815,946,34,60,60,0,0,4.52
3816,946,48,72,72,0,0,9.61
3817,946,61,36,36,0,0,2.75
3818,946,90,80,80,0,0,3.17
3819,947,49,84,84,0,0,5.09
3820,947,72,32,32,0,0,5.20
3821,948,28,48,48,0,0,1.80
3822,948,58,66,66,0,0,3.32
3823,948,59,66,66,0,0,3.42
3824,949,9,72,72,0,0,5.04
3825,949,23,72,72,0,0,0.58
3826,949,39,64,64,0,0,3.11
3827,949,63,48,48,0,0,2.52
3828,949,71,40,40,0,0,5.16
3829,949,85,72,72,0,0,2.27
3830,950,92,40,40,0,0,3.69
3831,951,1,72,72,0,0,4.01
3832,951,56,72,72,0,0,2.26
3833,951,82,40,40,0,0,2.25
3834,951,87,72,72,0,0,5.10
3835,952,5,100,97,0,3,4.11
3836,952,15,60,57,0,3,3.62
3837,952,25,96,93,0,3,1.28
3838,952,33,72,69,0,3,3.95
3839,953,4,60,60,0,0,2.59
3840,953,12,64,64,0,0,1.79
3841,953,24,96,96,0,0,3.85
3842,953,38,96,96,0,0,3.96
3843,953,41,90,90,0,0,3.15
3844,953,47,72,72,0,0,6.60
3845,954,93,72,72,0,0,4.56
3846,955,43,48,48,0,0,5.72
3847,955,44,72,72,0,0,2.07
3848,955,54,72,72,1,0,5.84
3849,956,60,40,40,0,0,3.45
3850,956,88,48,48,0,0,5.55
3851,957,22,60,60,0,0,0.42
3852,957,51,72,72,0,0,5.91
3853,957,62,60,60,0,0,2.54
3854,957,84,72,72,0,0,2.51
3855,958,27,60,60,0,0,3.55
3856,958,52,20,20,0,0,3.32
3857,958,64,112,112,0,0,3.05
3858,958,80,96,96,0,0,3.36
3859,958,86,72,72,0,0,1.84
3860,959,19,96,96,0,0,3.44
3861,959,28,72,72,0,0,1.80
3862,959,59,66,66,0,0,3.42
3863,960,30,72,72,0,0,2.13
3864,960,36,72,72,0,0,3.09
3865,960,39,56,56,0,0,3.11
3866,960,67,72,72,0,0,4.16
3867,960,71,70,70,0,0,5.16
3868,961,1,72,72,0,0,4.01
3869,961,8,48,48,0,0,5.95
3870,961,16,72,72,0,0,3.12
3871,961,32,30,30,0,0,2.42
3872,961,56,72,72,0,0,2.26
3873,961,57,60,60,0,0,2.74
3874,962,73,72,72,0,0,5.73
3875,962,74,64,64,0,0,2.46
3876,962,91,56,56,0,0,3.36
3877,963,5,60,60,0,0,4.11
3878,963,15,70,70,0,0,3.62
3879,963,18,80,80,0,0,3.55
3880,963,25,48,48,0,0,1.28
3881,963,35,48,48,0,0,3.31
3882,964,17,64,64,0,0,2.82
3883,964,24,48,48,0,0,3.85
3884,964,45,36,36,0,0,1.99
3885,964,68,40,40,1,0,5.73
3886,964,76,60,60,0,0,2.79
3887,965,11,72,72,0,0,1.74
3888,965,43,72,72,0,0,5.72
3889,965,53,96,96,0,0,3.24
3890,965,54,36,36,0,0,5.84
3891,965,65,50,50,0,0,2.67
3892,966,26,48,48,0,0,2.79
3893,966,29,42,42,0,0,2.02
3894,966,37,48,48,0,0,3.17
3895,966,81,60,60,0,0,4.75
3896,967,31,72,72,0,0,3.41
3897,967,34,50,50,0,0,4.52
3898,967,48,72,72,0,0,9.61
3899,967,61,96,96,0,0,2.75
3900,967,90,60,60,0,0,3.17
3901,968,40,48,48,0,0,2.81
3902,968,49,84,84,0,0,5.09
3903,968,72,48,48,0,0,5.20
3904,969,28,72,69,0,3,1.80
3905,969,58,66,63,0,3,3.32
3906,969,59,84,81,0,3,3.42
3907,970,2,60,60,0,0,2.58
3908,970,9,72,72,0,0,5.04
3909,970,23,72,72,0,0,0.58
3910,970,39,64,64,0,0,3.11
3911,970,55,72,72,0,0,2.64
3912,970,63,96,96,0,0,2.52
3913,971,85,72,72,0,0,2.27
3914,971,92,50,50,0,0,3.69
3915,972,1,36,36,0,0,4.01
3916,972,70,80,80,0,0,4.60
3917,972,82,60,60,0,0,2.25
3918,972,87,72,72,0,0,5.10
3919,973,5,60,60,0,0,4.11
3920,973,15,60,60,0,0,3.62
3921,973,25,96,96,0,0,1.28
3922,973,35,80,80,1,0,3.31
3923,974,24,96,96,0,0,3.85
3924,974,38,30,30,0,0,3.96
3925,974,41,70,70,0,0,3.15
3926,974,47,72,72,0,0,6.60
3927,974,93,72,72,0,0,4.56
3928,975,11,36,36,0,0,1.74
3929,975,43,72,72,0,0,5.72
3930,975,44,72,72,0,0,2.07
3931,975,54,36,36,0,0,5.84
3932,976,60,60,60,0,0,3.45
3933,976,83,96,96,0,0,2.63
3934,976,88,48,48,0,0,5.55
3935,977,22,60,60,0,0,0.42
3936,977,34,40,40,0,0,4.52
3937,977,51,72,72,0,0,5.91
3938,977,62,40,40,0,0,2.54
3939,978,27,60,60,0,0,3.55
3940,978,52,40,40,0,0,3.32
3941,978,64,40,40,0,0,3.05
3942,978,80,48,48,0,0,3.36
3943,978,86,56,56,0,0,1.84
3944,979,19,66,66,0,0,3.44
3945,979,28,48,48,0,0,1.80
3946,979,58,72,72,0,0,3.32
3947,979,59,54,54,0,0,3.42
3948,980,2,80,80,0,0,2.58
3949,980,9,36,36,0,0,5.04
3950,980,30,48,48,0,0,2.13
3951,980,39,40,40,0,0,3.11
3952,980,67,72,72,0,0,4.16
3953,981,1,72,72,0,0,4.01
3954,981,16,72,72,0,0,3.12
3955,981,32,60,60,0,0,2.42
3956,981,56,72,72,0,0,2.26
3957,981,70,60,60,0,0,4.60
3958,981,73,72,72,0,0,5.73
3959,982,74,56,56,1,0,2.46
3960,982,91,48,48,0,0,3.36
3961,983,5,80,80,0,0,4.11
3962,983,15,70,70,0,0,3.62
3963,983,18,60,60,0,0,3.55
3964,983,25,48,48,0,0,1.28
3965,984,17,64,64,0,0,2.82
3966,984,24,48,48,0,0,3.85
3967,984,45,48,48,0,0,1.99
3968,984,68,104,104,0,0,5.73
3969,984,76,78,78,0,0,2.79
3970,985,11,108,108,0,0,1.74
3971,985,43,72,72,0,0,5.72
3972,985,53,96,96,0,0,3.24
3973,985,54,108,108,0,0,5.84
3974,985,65,60,60,0,0,2.67
3975,986,26,60,57,0,3,2.79
3976,986,29,72,69,0,3,2.02
3977,986,37,54,52,0,2,3.17
3978,986,81,80,77,0,3,4.75
3979,987,31,72,72,0,0,3.41
3980,987,34,80,80,0,0,4.52
3981,987,48,102,102,0,0,9.61
3982,987,61,84,84,0,0,2.75
3983,987,90,60,60,0,0,3.17
3984,988,40,72,72,0,0,2.81
3985,988,49,60,60,0,0,5.09
3986,988,72,48,48,0,0,5.20
3987,989,28,96,96,0,0,1.80
3988,989,59,84,84,0,0,3.42
3989,990,2,40,40,0,0,2.58
3990,990,23,72,72,0,0,0.58
3991,990,36,72,72,0,0,3.09
3992,990,39,80,80,0,0,3.11
3993,990,55,96,96,0,0,2.64
3994,990,63,48,48,0,0,2.52
3995,991,85,48,48,0,0,2.27
3996,991,92,50,50,1,0,3.69
3997,992,1,72,72,0,0,4.01
3998,992,8,64,64,0,0,5.95
3999,992,57,40,40,0,0,2.74
4000,992,70,80,80,0,0,4.60
4001,992,82,40,40,0,0,2.25
4002,992,87,48,48,0,0,5.10
4003,993,5,80,80,0,0,4.11
4004,993,15,60,60,0,0,3.62
4005,993,25,48,48,0,0,1.28
4006,993,33,72,72,0,0,3.95
4007,993,35,56,56,0,0,3.31
4008,994,4,60,60,0,0,2.59
4009,994,12,32,32,0,0,1.79
4010,994,24,48,48,0,0,3.85
4011,994,38,48,48,0,0,3.96
4012,994,47,72,72,0,0,6.60
4013,994,93,72,72,0,0,4.56
4014,995,43,96,96,0,0,5.72
4015,995,54,72,72,0,0,5.84
4016,996,60,40,40,0,0,3.45
4017,996,88,48,48,0,0,5.55
4018,997,22,80,80,0,0,0.42
4019,997,51,64,64,0,0,5.91
4020,997,62,40,40,0,0,2.54
4021,997,84,36,36,0,0,2.51
4022,998,27,40,40,0,0,3.55
4023,998,40,72,72,0,0,2.81
4024,998,46,50,50,0,0,2.59
4025,998,52,60,60,0,0,3.32
4026,998,64,48,48,0,0,3.05
4027,998,80,72,72,0,0,3.36
4028,999,86,48,48,0,0,1.84
4029,1000,19,60,60,0,0,3.44
4030,1000,28,72,72,0,0,1.80
4031,1000,59,66,66,0,0,3.42
4032,1000,66,96,96,0,0,4.47
4033,1001,30,56,56,1,0,2.13
4034,1001,39,64,64,0,0,3.11
4035,1001,55,36,36,0,0,2.64
4036,1001,71,30,30,0,0,5.16
4037,1002,1,36,36,0,0,4.01
4038,1002,8,56,56,0,0,5.95
4039,1002,16,48,48,0,0,3.12
4040,1002,32,60,60,0,0,2.42
4041,1002,57,80,80,0,0,2.74
4042,1002,73,72,72,0,0,5.73
4043,1003,74,72,69,0,3,2.46
4044,1003,91,72,69,0,3,3.36
4045,1004,5,60,60,0,0,4.11
4046,1004,15,70,70,0,0,3.62
4047,1004,18,80,80,0,0,3.55
4048,1004,25,48,48,0,0,1.28
4049,1005,17,64,64,0,0,2.82
4050,1005,24,72,72,0,0,3.85
4051,1005,41,40,40,0,0,3.15
4052,1005,45,54,54,0,0,1.99
4053,1005,68,48,48,0,0,5.73
4054,1005,76,54,54,0,0,2.79
4055,1006,11,72,72,0,0,1.74
4056,1006,43,60,60,0,0,5.72
4057,1006,53,96,96,0,0,3.24
4058,1006,54,72,72,0,0,5.84
4059,1006,65,50,50,0,0,2.67
4060,1007,26,48,48,0,0,2.79
4061,1007,29,54,54,0,0,2.02
4062,1007,37,48,48,0,0,3.17
4063,1007,81,60,60,0,0,4.75
4064,1008,3,48,48,0,0,2.24
4065,1008,31,72,72,0,0,3.41
4066,1008,34,60,60,0,0,4.52
4067,1008,48,66,66,0,0,9.61
4068,1008,61,84,84,0,0,2.75
4069,1009,49,54,54,0,0,5.09
4070,1009,72,48,48,1,0,5.20
4071,1010,28,48,48,0,0,1.80
4072,1010,59,72,72,0,0,3.42
4073,1011,9,72,72,0,0,5.04
4074,1011,23,72,72,0,0,0.58
4075,1011,36,72,72,0,0,3.09
4076,1011,39,72,72,0,0,3.11
4077,1011,63,96,96,0,0,2.52
4078,1011,85,48,48,0,0,2.27
4079,1012,92,40,40,0,0,3.69
4080,1013,1,72,72,0,0,4.01
4081,1013,56,72,72,0,0,2.26
4082,1013,57,80,80,0,0,2.74
4083,1013,70,80,80,0,0,4.60
4084,1013,82,60,60,0,0,2.25
4085,1013,87,72,72,0,0,5.10
4086,1014,91,80,80,0,0,3.36
4087,1015,5,60,60,0,0,4.11
4088,1015,15,60,60,0,0,3.62
4089,1015,25,48,48,0,0,1.28
4090,1015,35,40,40,0,0,3.31
4091,1016,4,80,80,0,0,2.59
4092,1016,24,72,72,0,0,3.85
4093,1016,38,42,42,0,0,3.96
4094,1016,41,80,80,0,0,3.15
4095,1016,47,108,108,0,0,6.60
4096,1016,93,48,48,0,0,4.56
4097,1017,43,24,24,0,0,5.72
4098,1017,44,72,72,0,0,2.07
4099,1017,54,36,36,0,0,5.84
4100,1018,60,60,60,0,0,3.45
4101,1018,88,72,72,0,0,5.55
4102,1019,22,40,40,0,0,0.42
4103,1019,34,40,40,0,0,4.52
4104,1019,51,48,48,0,0,5.91
4105,1019,62,20,20,0,0,2.54
4106,1019,84,36,36,0,0,2.51
4107,1019,90,40,40,1,0,3.17
4108,1020,27,60,57,0,3,3.55
4109,1020,64,80,77,0,3,3.05
4110,1020,80,72,69,0,3,3.36
4111,1020,86,56,54,0,2,1.84
4112,1021,19,60,60,0,0,3.44
4113,1021,28,24,24,0,0,1.80
4114,1021,58,18,18,0,0,3.32
4115,1021,59,48,48,0,0,3.42
4116,1022,30,64,64,0,0,2.13
4117,1022,39,40,40,0,0,3.11
4118,1022,55,12,12,0,0,2.64
4119,1022,67,72,72,0,0,4.16
4120,1023,1,36,36,0,0,4.01
4121,1023,8,48,48,0,0,5.95
4122,1023,16,72,72,0,0,3.12
4123,1023,32,40,40,0,0,2.42
4124,1023,70,40,40,0,0,4.60
4125,1023,73,72,72,0,0,5.73
4126,1024,74,56,56,0,0,2.46
4127,1025,5,40,40,0,0,4.11
4128,1025,15,50,50,0,0,3.62
4129,1025,18,60,60,0,0,3.55
4130,1025,25,48,48,0,0,1.28
4131,1025,35,72,72,0,0,3.31
4132,1026,17,56,56,0,0,2.82
4133,1026,24,72,72,0,0,3.85
4134,1026,41,60,60,0,0,3.15
4135,1026,45,54,54,0,0,1.99
4136,1026,68,56,56,0,0,5.73
4137,1026,76,78,78,0,0,2.79
4138,1027,11,72,72,0,0,1.74
4139,1027,43,72,72,0,0,5.72
4140,1027,53,48,48,0,0,3.24
4141,1027,54,36,36,0,0,5.84
4142,1027,65,60,60,0,0,2.67
4143,1028,26,48,48,0,0,2.79
4144,1028,29,36,36,1,0,2.02
4145,1028,37,72,72,0,0,3.17
4146,1028,81,50,50,0,0,4.75
4147,1029,31,72,72,0,0,3.41
4148,1029,34,50,50,0,0,4.52
4149,1029,48,36,36,0,0,9.61
4150,1029,61,60,60,0,0,2.75
4151,1029,90,60,60,0,0,3.17
4152,1030,49,72,72,0,0,5.09
4153,1030,72,32,32,0,0,5.20
4154,1031,28,72,72,0,0,1.80
4155,1031,59,48,48,0,0,3.42
4156,1032,2,40,40,0,0,2.58
4157,1032,9,72,72,0,0,5.04
4158,1032,23,72,72,0,0,0.58
4159,1032,39,56,56,0,0,3.11
4160,1032,55,72,72,0,0,2.64
4161,1032,63,96,96,0,0,2.52
4162,1033,71,80,80,0,0,5.16
4163,1033,85,72,72,0,0,2.27
4164,1033,92,40,40,0,0,3.69
4165,1034,1,72,72,0,0,4.01
4166,1034,57,80,80,0,0,2.74
4167,1034,82,70,70,0,0,2.25
4168,1034,87,48,48,0,0,5.10
4169,1035,5,80,80,0,0,4.11
4170,1035,15,80,80,0,0,3.62
4171,1035,25,48,48,0,0,1.28
4172,1035,35,56,56,0,0,3.31
4173,1036,4,60,60,0,0,2.59
4174,1036,12,32,32,0,0,1.79
4175,1036,24,48,48,0,0,3.85
4176,1036,38,60,60,0,0,3.96
4177,1036,47,108,108,0,0,6.60
4178,1036,93,48,48,0,0,4.56
4179,1037,43,72,69,0,3,5.72
4180,1037,54,72,69,0,3,5.84
4181,1038,60,60,60,1,0,3.45
4182,1038,88,48,48,0,0,5.55
4183,1039,22,60,60,0,0,0.42
4184,1039,34,70,70,0,0,4.52
4185,1039,51,48,48,0,0,5.91
4186,1039,62,20,20,0,0,2.54
4187,1039,84,72,72,0,0,2.51
4188,1040,27,80,80,0,0,3.55
4189,1040,40,72,72,0,0,2.81
4190,1040,46,80,80,0,0,2.59
4191,1040,52,40,40,0,0,3.32
4192,1040,64,56,56,0,0,3.05
4193,1040,80,72,72,0,0,3.36
4194,1041,86,80,80,0,0,1.84
4195,1042,19,78,78,0,0,3.44
4196,1042,28,72,72,0,0,1.80
4197,1042,58,96,96,0,0,3.32
4198,1042,59,54,54,0,0,3.42
4199,1042,66,48,48,0,0,4.47
4200,1043,9,36,36,0,0,5.04
4201,1043,30,40,40,0,0,2.13
4202,1043,39,40,40,0,0,3.11
4203,1043,55,60,60,0,0,2.64
4204,1043,71,50,50,0,0,5.16
4205,1044,1,72,72,0,0,4.01
4206,1044,16,48,48,0,0,3.12
4207,1044,32,60,60,0,0,2.42
4208,1044,73,96,96,0,0,5.73
4209,1044,74,88,88,0,0,2.46
4210,1044,91,64,64,0,0,3.36
4211,1045,5,80,80,0,0,4.11
4212,1045,15,90,90,0,0,3.62
4213,1045,18,80,80,0,0,3.55
4214,1045,25,96,96,0,0,1.28
4215,1045,33,72,72,0,0,3.95
4216,1046,17,48,48,0,0,2.82
4217,1046,24,72,72,0,0,3.85
4218,1046,41,60,60,1,0,3.15
4219,1046,45,78,78,0,0,1.99
4220,1046,47,72,72,0,0,6.60
4221,1046,68,56,56,0,0,5.73
4222,1047,76,48,48,0,0,2.79
4223,1048,11,108,108,0,0,1.74
4224,1048,43,84,84,0,0,5.72
4225,1048,53,48,48,0,0,3.24
4226,1048,54,72,72,0,0,5.84
4227,1048,65,50,50,0,0,2.67
4228,1049,26,84,84,0,0,2.79
4229,1049,29,78,78,0,0,2.02
4230,1049,37,96,96,0,0,3.17
4231,1049,81,50,50,0,0,4.75
4232,1050,31,72,72,0,0,3.41
4233,1050,61,48,48,0,0,2.75
4234,1050,90,80,80,0,0,3.17
4235,1051,49,48,48,0,0,5.09
4236,1051,72,80,80,0,0,5.20
4237,1052,28,96,96,0,0,1.80
4238,1052,59,60,60,0,0,3.42
4239,1053,2,60,60,0,0,2.58
4240,1053,23,72,72,0,0,0.58
4241,1053,36,72,72,0,0,3.09
4242,1053,39,88,88,0,0,3.11
4243,1053,55,72,72,0,0,2.64
4244,1053,63,96,96,0,0,2.52
4245,1054,71,60,57,0,3,5.16
4246,1054,85,60,57,0,3,2.27
4247,1054,92,60,57,0,3,3.69
4248,1055,1,72,72,0,0,4.01
4249,1055,8,64,64,0,0,5.95
4250,1055,57,80,80,0,0,2.74
4251,1055,82,60,60,0,0,2.25
4252,1055,87,72,72,0,0,5.10
4253,1056,5,40,40,0,0,4.11
4254,1056,15,70,70,0,0,3.62
4255,1056,25,48,48,1,0,1.28
4256,1056,33,72,72,0,0,3.95
4257,1057,4,80,80,0,0,2.59
4258,1057,12,32,32,0,0,1.79
4259,1057,24,72,72,0,0,3.85
4260,1057,38,66,66,0,0,3.96
4261,1057,93,48,48,0,0,4.56
4262,1058,43,96,96,0,0,5.72
4263,1058,44,72,72,0,0,2.07
4264,1058,54,36,36,0,0,5.84
4265,1059,60,80,80,0,0,3.45
4266,1059,88,72,72,0,0,5.55
4267,1060,22,60,60,0,0,0.42
4268,1060,48,48,48,0,0,9.61
4269,1060,51,64,64,0,0,5.91
4270,1060,62,40,40,0,0,2.54
4271,1060,84,72,72,0,0,2.51
4272,1060,90,80,80,0,0,3.17
4273,1061,27,80,80,0,0,3.55
4274,1061,40,96,96,0,0,2.81
4275,1061,52,60,60,0,0,3.32
4276,1061,64,80,80,0,0,3.05
4277,1061,80,72,72,0,0,3.36
4278,1061,86,56,56,0,0,1.84
4279,1062,19,72,72,0,0,3.44
4280,1062,28,96,96,0,0,1.80
4281,1062,59,78,78,0,0,3.42
4282,1062,66,96,96,0,0,4.47
4283,1063,9,72,72,0,0,5.04
4284,1063,30,72,72,0,0,2.13
4285,1063,36,48,48,0,0,3.09
4286,1063,39,80,80,0,0,3.11
4287,1064,1,72,72,0,0,4.01
4288,1064,16,96,96,0,0,3.12
4289,1064,32,70,70,0,0,2.42
4290,1064,56,48,48,0,0,2.26
4291,1064,57,80,80,0,0,2.74
4292,1064,70,100,100,1,0,4.60
4293,1065,73,72,72,0,0,5.73
4294,1065,74,80,80,0,0,2.46
4295,1066,5,60,60,0,0,4.11
4296,1066,15,80,80,0,0,3.62
4297,1066,18,60,60,0,0,3.55
4298,1066,25,96,96,0,0,1.28
4299,1066,33,36,36,0,0,3.95
4300,1067,17,48,48,0,0,2.82
4301,1067,24,72,72,0,0,3.85
4302,1067,41,20,20,0,0,3.15
4303,1067,45,54,54,0,0,1.99
4304,1067,47,72,72,0,0,6.60
4305,1067,68,56,56,0,0,5.73
4306,1068,76,48,48,0,0,2.79
4307,1069,11,72,72,0,0,1.74
4308,1069,43,60,60,0,0,5.72
4309,1069,54,36,36,0,0,5.84
4310,1069,65,50,50,0,0,2.67
4311,1070,26,48,48,0,0,2.79
4312,1070,29,60,60,0,0,2.02
4313,1070,37,72,72,0,0,3.17
4314,1070,81,30,30,0,0,4.75
4315,1071,31,72,69,0,3,3.41
4316,1071,61,84,81,0,3,2.75
4317,1071,90,60,57,0,3,3.17
4318,1072,49,24,24,0,0,5.09
4319,1072,52,100,100,0,0,3.32
4320,1072,72,32,32,0,0,5.20
4321,1073,28,48,48,0,0,1.80
4322,1073,58,48,48,0,0,3.32
4323,1073,59,48,48,0,0,3.42
4324,1074,2,60,60,0,0,2.58
4325,1074,23,36,36,0,0,0.58
4326,1074,36,72,72,0,0,3.09
4327,1074,39,64,64,0,0,3.11
4328,1074,63,48,48,0,0,2.52
4329,1074,85,60,60,1,0,2.27
4330,1075,92,60,60,0,0,3.69
4331,1076,1,72,72,0,0,4.01
4332,1076,8,40,40,0,0,5.95
4333,1076,56,48,48,0,0,2.26
4334,1076,70,80,80,0,0,4.60
4335,1076,82,40,40,0,0,2.25
4336,1076,87,48,48,0,0,5.10
4337,1077,5,100,100,0,0,4.11
4338,1077,15,60,60,0,0,3.62
4339,1077,25,48,48,0,0,1.28
4340,1077,33,72,72,0,0,3.95
4341,1078,4,60,60,0,0,2.59
4342,1078,12,64,64,0,0,1.79
4343,1078,24,72,72,0,0,3.85
4344,1078,38,48,48,0,0,3.96
4345,1078,41,70,70,0,0,3.15
4346,1078,93,72,72,0,0,4.56
4347,1079,43,84,84,0,0,5.72
4348,1079,44,72,72,0,0,2.07
4349,1079,54,72,72,0,0,5.84
4350,1080,60,40,40,0,0,3.45
4351,1080,88,72,72,0,0,5.55
4352,1081,22,80,80,0,0,0.42
4353,1081,48,42,42,0,0,9.61
4354,1081,51,72,72,0,0,5.91
4355,1081,62,40,40,0,0,2.54
4356,1081,84,36,36,0,0,2.51
4357,1082,27,100,100,0,0,3.55
4358,1082,52,40,40,0,0,3.32
4359,1082,64,64,64,0,0,3.05
4360,1082,80,72,72,0,0,3.36
4361,1082,86,64,64,0,0,1.84
4362,1083,19,30,30,0,0,3.44
4363,1083,28,72,72,0,0,1.80
4364,1083,58,54,54,0,0,3.32
4365,1083,59,60,60,0,0,3.42
4366,1084,30,72,72,1,0,2.13
4367,1084,36,72,72,0,0,3.09
4368,1084,39,64,64,0,0,3.11
4369,1084,55,36,36,0,0,2.64
4370,1084,67,72,72,0,0,4.16
4371,1085,1,72,72,0,0,4.01
4372,1085,8,56,56,0,0,5.95
4373,1085,16,72,72,0,0,3.12
4374,1085,32,50,50,0,0,2.42
4375,1085,70,40,40,0,0,4.60
4376,1085,73,72,72,0,0,5.73
4377,1086,74,72,72,0,0,2.46
4378,1086,91,56,56,0,0,3.36
4379,1087,5,20,20,0,0,4.11
4380,1087,15,80,80,0,0,3.62
4381,1087,18,80,80,0,0,3.55
4382,1087,25,96,96,0,0,1.28
4383,1087,33,72,72,0,0,3.95
4384,1088,17,40,38,0,2,2.82
4385,1088,24,72,69,0,3,3.85
4386,1088,41,60,57,0,3,3.15
4387,1088,45,60,57,0,3,1.99
4388,1088,76,54,52,0,2,2.79
4389,1089,11,72,72,0,0,1.74
4390,1089,43,72,72,0,0,5.72
4391,1089,54,72,72,0,0,5.84
4392,1089,65,70,70,0,0,2.67
4393,1090,26,84,84,0,0,2.79
4394,1090,29,48,48,0,0,2.02
4395,1090,37,78,78,0,0,3.17
4396,1090,81,70,70,0,0,4.75
4397,1091,31,72,72,0,0,3.41
4398,1091,48,78,78,0,0,9.61
4399,1091,61,60,60,0,0,2.75
4400,1091,62,60,60,0,0,2.54
4401,1092,49,54,54,0,0,5.09
4402,1092,52,60,60,0,0,3.32
4403,1092,72,48,48,1,0,5.20
4404,1093,28,48,48,0,0,1.80
4405,1093,58,48,48,0,0,3.32
4406,1093,59,60,60,0,0,3.42
4407,1094,2,60,60,0,0,2.58
4408,1094,23,108,108,0,0,0.58
4409,1094,36,72,72,0,0,3.09
4410,1094,39,48,48,0,0,3.11
4411,1094,67,108,108,0,0,4.16
4412,1094,71,60,60,0,0,5.16
4413,1095,85,72,72,0,0,2.27
4414,1095,92,60,60,0,0,3.69
4415,1096,1,72,72,0,0,4.01
4416,1096,8,64,64,0,0,5.95
4417,1096,56,72,72,0,0,2.26
4418,1096,82,60,60,0,0,2.25
4419,1096,87,48,48,0,0,5.10
4420,1096,91,80,80,0,0,3.36
4421,1097,5,60,60,0,0,4.11
4422,1097,15,40,40,0,0,3.62
4423,1097,33,72,72,0,0,3.95
4424,1097,35,32,32,0,0,3.31
4425,1098,4,40,40,0,0,2.59
4426,1098,12,40,40,0,0,1.79
4427,1098,24,72,72,0,0,3.85
4428,1098,38,42,42,0,0,3.96
4429,1098,47,72,72,0,0,6.60
4430,1098,93,72,72,0,0,4.56
4431,1099,43,48,48,0,0,5.72
4432,1099,44,72,72,0,0,2.07
4433,1099,54,72,72,0,0,5.84
4434,1100,60,80,80,0,0,3.45
4435,1100,88,72,72,0,0,5.55
4436,1101,22,20,20,0,0,0.42
4437,1101,51,72,72,0,0,5.91
4438,1101,62,80,80,0,0,2.54
4439,1101,84,72,72,0,0,2.51
4440,1102,27,80,80,1,0,3.55
4441,1102,40,48,48,0,0,2.81
4442,1102,52,60,60,0,0,3.32
4443,1102,64,72,72,0,0,3.05
4444,1102,80,48,48,0,0,3.36
4445,1102,86,48,48,0,0,1.84
4446,1103,19,60,60,0,0,3.44
4447,1103,28,48,48,0,0,1.80
4448,1103,58,72,72,0,0,3.32
4449,1103,59,78,78,0,0,3.42
4450,1103,66,48,48,0,0,4.47
4451,1104,9,72,72,0,0,5.04
4452,1104,30,56,56,0,0,2.13
4453,1104,39,72,72,0,0,3.11
4454,1104,55,36,36,0,0,2.64
4455,1105,1,72,69,0,3,4.01
4456,1105,16,72,69,0,3,3.12
4457,1105,32,50,48,0,2,2.42
4458,1105,70,60,57,0,3,4.60
4459,1105,73,48,46,0,2,5.73
4460,1105,74,48,46,0,2,2.46
4461,1106,91,56,56,0,0,3.36
4462,1107,5,60,60,0,0,4.11
4463,1107,15,60,60,0,0,3.62
4464,1107,18,40,40,0,0,3.55
4465,1107,25,96,96,0,0,1.28
4466,1108,17,64,64,0,0,2.82
4467,1108,24,72,72,0,0,3.85
4468,1108,41,60,60,0,0,3.15
4469,1108,45,60,60,0,0,1.99
4470,1108,68,72,72,0,0,5.73
4471,1108,76,72,72,0,0,2.79
4472,1109,11,108,108,0,0,1.74
4473,1109,43,60,60,0,0,5.72
4474,1109,54,36,36,0,0,5.84
4475,1109,65,60,60,0,0,2.67
4476,1110,26,60,60,0,0,2.79
4477,1110,29,72,72,1,0,2.02
4478,1110,37,48,48,0,0,3.17
4479,1110,81,60,60,0,0,4.75
4480,1111,31,72,72,0,0,3.41
4481,1111,34,10,10,0,0,4.52
4482,1111,48,60,60,0,0,9.61
4483,1111,61,84,84,0,0,2.75
4484,1111,62,60,60,0,0,2.54
4485,1112,49,54,54,0,0,5.09
4486,1112,52,60,60,0,0,3.32
4487,1112,72,48,48,0,0,5.20
4488,1113,28,72,72,0,0,1.80
4489,1113,59,66,66,0,0,3.42
4490,1114,2,40,40,0,0,2.58
4491,1114,23,72,72,0,0,0.58
4492,1114,36,96,96,0,0,3.09
4493,1114,39,40,40,0,0,3.11
4494,1114,71,60,60,0,0,5.16
4495,1114,85,72,72,0,0,2.27
4496,1115,92,50,50,0,0,3.69
4497,1116,1,72,72,0,0,4.01
4498,1116,8,64,64,0,0,5.95
4499,1116,56,72,72,0,0,2.26
4500,1116,57,60,60,0,0,2.74
4501,1116,82,60,60,0,0,2.25
4502,1116,87,48,48,0,0,5.10
4503,1117,91,64,64,0,0,3.36
4504,1118,5,60,60,0,0,4.11
4505,1118,15,50,50,0,0,3.62
4506,1118,25,48,48,0,0,1.28
4507,1118,33,72,72,0,0,3.95
4508,1118,35,56,56,0,0,3.31
4509,1119,4,60,60,0,0,2.59
4510,1119,12,24,24,0,0,1.79
4511,1119,24,72,72,0,0,3.85
4512,1119,38,60,60,0,0,3.96
4513,1119,47,108,108,0,0,6.60
4514,1119,93,72,72,1,0,4.56
4515,1120,43,84,84,0,0,5.72
4516,1120,44,108,108,0,0,2.07
4517,1120,54,72,72,0,0,5.84
4518,1121,60,60,60,0,0,3.45
4519,1121,83,48,48,0,0,2.63
4520,1121,88,72,72,0,0,5.55
4521,1122,22,60,57,0,3,0.42
4522,1122,51,80,77,0,3,5.91
4523,1123,27,80,80,0,0,3.55
4524,1123,40,48,48,0,0,2.81
4525,1123,52,20,20,0,0,3.32
4526,1123,64,72,72,0,0,3.05
4527,1123,80,72,72,0,0,3.36
4528,1123,86,32,32,0,0,1.84
4529,1124,19,54,54,0,0,3.44
4530,1124,28,72,72,0,0,1.80
4531,1124,58,72,72,0,0,3.32
4532,1124,59,54,54,0,0,3.42
4533,1125,30,64,64,0,0,2.13
4534,1125,39,96,96,0,0,3.11
4535,1125,63,48,48,0,0,2.52
4536,1125,67,72,72,0,0,4.16
4537,1125,71,30,30,0,0,5.16
4538,1126,1,36,36,0,0,4.01
4539,1126,8,80,80,0,0,5.95
4540,1126,16,72,72,0,0,3.12
4541,1126,32,60,60,0,0,2.42
4542,1126,56,48,48,0,0,2.26
4543,1126,73,72,72,0,0,5.73
4544,1127,74,64,64,0,0,2.46
4545,1127,91,48,48,0,0,3.36
4546,1128,5,80,80,0,0,4.11
4547,1128,15,100,100,0,0,3.62
4548,1128,18,80,80,0,0,3.55
4549,1128,25,48,48,0,0,1.28
4550,1128,35,72,72,0,0,3.31
4551,1129,17,72,72,1,0,2.82
4552,1129,24,96,96,0,0,3.85
4553,1129,41,40,40,0,0,3.15
4554,1129,45,48,48,0,0,1.99
4555,1129,47,72,72,0,0,6.60
4556,1129,68,56,56,0,0,5.73
4557,1130,76,90,90,0,0,2.79
4558,1131,11,72,72,0,0,1.74
4559,1131,43,48,48,0,0,5.72
4560,1131,53,144,144,0,0,3.24
4561,1131,54,36,36,0,0,5.84
4562,1131,65,30,30,0,0,2.67
4563,1132,26,72,72,0,0,2.79
4564,1132,29,72,72,0,0,2.02
4565,1132,37,60,60,0,0,3.17
4566,1132,81,100,100,0,0,4.75
4567,1133,31,72,72,0,0,3.41
4568,1133,34,40,40,0,0,4.52
4569,1133,61,48,48,0,0,2.75
4570,1133,62,60,60,0,0,2.54
4571,1134,49,84,84,0,0,5.09
4572,1134,72,64,64,0,0,5.20
4573,1135,28,72,72,0,0,1.80
4574,1135,58,66,66,0,0,3.32
4575,1135,59,54,54,0,0,3.42
4576,1136,2,60,60,0,0,2.58
4577,1136,9,108,108,0,0,5.04
4578,1136,23,72,72,0,0,0.58
4579,1136,39,48,48,0,0,3.11
4580,1136,71,80,80,0,0,5.16
4581,1136,85,48,48,0,0,2.27
4582,1137,92,60,60,0,0,3.69
4583,1138,1,72,72,0,0,4.01
4584,1138,56,72,72,0,0,2.26
4585,1138,82,70,70,0,0,2.25
4586,1138,87,72,72,0,0,5.10
4587,1138,91,64,64,0,0,3.36
4588,1139,5,60,57,1,3,4.11
4589,1139,15,80,77,0,3,3.62
4590,1139,25,48,46,0,2,1.28
4591,1139,35,40,38,0,2,3.31
4592,1140,12,64,64,0,0,1.79
4593,1140,24,48,48,0,0,3.85
4594,1140,38,48,48,0,0,3.96
4595,1140,41,70,70,0,0,3.15
4596,1140,47,36,36,0,0,6.60
4597,1140,93,48,48,0,0,4.56
4598,1141,43,60,60,0,0,5.72
4599,1141,44,72,72,0,0,2.07
4600,1141,54,72,72,0,0,5.84
4601,1142,60,100,100,0,0,3.45
4602,1142,88,48,48,0,0,5.55
4603,1143,22,60,60,0,0,0.42
4604,1143,34,70,70,0,0,4.52
4605,1143,51,72,72,0,0,5.91
4606,1143,62,40,40,0,0,2.54
4607,1143,84,72,72,0,0,2.51
4608,1144,27,80,80,0,0,3.55
4609,1144,52,40,40,0,0,3.32
4610,1144,64,64,64,0,0,3.05
4611,1144,80,96,96,0,0,3.36
4612,1144,86,40,40,0,0,1.84
4613,1145,19,66,66,0,0,3.44
4614,1145,28,48,48,0,0,1.80
4615,1145,59,54,54,0,0,3.42
4616,1146,2,60,60,0,0,2.58
4617,1146,30,40,40,0,0,2.13
4618,1146,39,64,64,0,0,3.11
4619,1146,67,72,72,0,0,4.16
4620,1147,1,72,72,0,0,4.01
4621,1147,8,48,48,0,0,5.95
4622,1147,16,72,72,0,0,3.12
4623,1147,32,40,40,0,0,2.42
4624,1147,56,24,24,0,0,2.26
4625,1147,57,40,40,1,0,2.74
4626,1148,70,40,40,0,0,4.60
4627,1148,73,48,48,0,0,5.73
4628,1148,74,88,88,0,0,2.46
4629,1148,91,72,72,0,0,3.36
4630,1149,5,60,60,0,0,4.11
4631,1149,15,60,60,0,0,3.62
4632,1149,18,80,80,0,0,3.55
4633,1149,25,96,96,0,0,1.28
4634,1150,17,32,32,0,0,2.82
4635,1150,24,72,72,0,0,3.85
4636,1150,45,24,24,0,0,1.99
4637,1150,68,48,48,0,0,5.73
4638,1150,76,72,72,0,0,2.79
4639,1151,11,108,108,0,0,1.74
4640,1151,43,36,36,0,0,5.72
4641,1151,53,96,96,0,0,3.24
4642,1151,54,72,72,0,0,5.84
4643,1151,65,70,70,0,0,2.67
4644,1152,26,60,60,0,0,2.79
4645,1152,29,66,66,0,0,2.02
4646,1152,37,72,72,0,0,3.17
4647,1153,31,72,72,0,0,3.41
4648,1153,34,50,50,0,0,4.52
4649,1153,48,60,60,0,0,9.61
4650,1153,61,48,48,0,0,2.75
4651,1154,40,72,72,0,0,2.81
4652,1154,49,42,42,0,0,5.09
4653,1154,72,64,64,0,0,5.20
4654,1154,80,48,48,0,0,3.36
4655,1155,28,72,72,0,0,1.80
4656,1155,59,72,72,0,0,3.42
4657,1156,2,60,57,0,3,2.58
4658,1156,23,72,69,0,3,0.58
4659,1156,36,72,69,0,3,3.09
4660,1156,39,56,54,0,2,3.11
4661,1156,63,48,46,0,2,2.52
4662,1156,71,40,38,1,2,5.16
4663,1157,85,60,60,0,0,2.27
4664,1157,92,60,60,0,0,3.69
4665,1158,1,72,72,0,0,4.01
4666,1158,8,64,64,0,0,5.95
4667,1158,56,72,72,0,0,2.26
4668,1158,57,40,40,0,0,2.74
4669,1158,82,60,60,0,0,2.25
4670,1158,87,72,72,0,0,5.10
4671,1159,91,64,64,0,0,3.36
4672,1160,5,40,40,0,0,4.11
4673,1160,15,70,70,0,0,3.62
4674,1160,25,48,48,0,0,1.28
4675,1160,33,72,72,0,0,3.95
4676,1160,35,40,40,0,0,3.31
4677,1161,4,60,60,0,0,2.59
4678,1161,24,48,48,0,0,3.85
4679,1161,38,66,66,0,0,3.96
4680,1161,41,50,50,0,0,3.15
4681,1161,47,72,72,0,0,6.60
4682,1161,93,72,72,0,0,4.56
4683,1162,11,36,36,0,0,1.74
4684,1162,43,48,48,0,0,5.72
4685,1162,44,72,72,0,0,2.07
4686,1162,54,72,72,0,0,5.84
4687,1163,60,80,80,0,0,3.45
4688,1163,83,96,96,0,0,2.63
4689,1163,88,48,48,0,0,5.55
4690,1164,22,60,60,0,0,0.42
4691,1164,51,72,72,0,0,5.91
4692,1164,62,60,60,0,0,2.54
4693,1165,27,80,80,0,0,3.55
4694,1165,52,40,40,0,0,3.32
4695,1165,64,64,64,0,0,3.05
4696,1165,80,24,24,0,0,3.36
4697,1165,86,64,64,0,0,1.84
4698,1166,19,54,54,0,0,3.44
4699,1166,28,96,96,1,0,1.80
4700,1166,58,78,78,0,0,3.32
4701,1166,59,54,54,0,0,3.42
4702,1166,66,96,96,0,0,4.47
4703,1167,30,72,72,0,0,2.13
4704,1167,39,48,48,0,0,3.11
4705,1167,55,60,60,0,0,2.64
4706,1168,1,36,36,0,0,4.01
4707,1168,8,56,56,0,0,5.95
4708,1168,16,72,72,0,0,3.12
4709,1168,32,50,50,0,0,2.42
4710,1168,70,60,60,0,0,4.60
4711,1168,73,72,72,0,0,5.73
4712,1169,74,48,48,0,0,2.46
4713,1169,91,72,72,0,0,3.36
4714,1170,5,60,60,0,0,4.11
4715,1170,15,50,50,0,0,3.62
4716,1170,18,80,80,0,0,3.55
4717,1170,25,96,96,0,0,1.28
4718,1171,17,72,72,0,0,2.82
4719,1171,24,72,72,0,0,3.85
4720,1171,41,80,80,0,0,3.15
4721,1171,45,42,42,0,0,1.99
4722,1171,47,72,72,0,0,6.60
4723,1171,68,48,48,0,0,5.73
4724,1172,76,60,60,0,0,2.79
4725,1173,11,108,105,0,3,1.74
4726,1173,43,60,57,0,3,5.72
4727,1173,53,96,93,0,3,3.24
4728,1173,54,72,69,0,3,5.84
4729,1173,65,50,48,0,2,2.67
4730,1174,26,48,48,0,0,2.79
4731,1174,29,66,66,0,0,2.02
4732,1174,37,54,54,0,0,3.17
4733,1174,81,90,90,0,0,4.75
4734,1175,31,72,72,0,0,3.41
4735,1175,34,50,50,0,0,4.52
4736,1175,61,60,60,1,0,2.75
4737,1175,90,100,100,0,0,3.17
4738,1176,49,60,60,0,0,5.09
4739,1176,72,32,32,0,0,5.20
4740,1177,28,48,48,0,0,1.80
4741,1177,59,54,54,0,0,3.42
4742,1178,2,60,60,0,0,2.58
4743,1178,23,72,72,0,0,0.58
4744,1178,36,72,72,0,0,3.09
4745,1178,39,96,96,0,0,3.11
4746,1178,55,96,96,0,0,2.64
4747,1178,63,48,48,0,0,2.52
4748,1179,71,60,60,0,0,5.16
4749,1179,85,96,96,0,0,2.27
4750,1179,92,60,60,0,0,3.69
4751,1180,1,72,72,0,0,4.01
4752,1180,8,72,72,0,0,5.95
4753,1180,57,80,80,0,0,2.74
4754,1180,82,50,50,0,0,2.25
4755,1180,87,72,72,0,0,5.10
4756,1181,5,40,40,0,0,4.11
4757,1181,15,70,70,0,0,3.62
4758,1181,25,48,48,0,0,1.28
4759,1181,35,64,64,0,0,3.31
4760,1182,4,80,80,0,0,2.59
4761,1182,12,8,8,0,0,1.79
4762,1182,24,72,72,0,0,3.85
4763,1182,38,60,60,0,0,3.96
4764,1182,41,70,70,0,0,3.15
4765,1182,47,72,72,0,0,6.60
4766,1183,93,72,72,0,0,4.56
4767,1184,43,60,60,0,0,5.72
4768,1184,44,108,108,0,0,2.07
4769,1184,54,72,72,0,0,5.84
4770,1185,60,60,60,0,0,3.45
4771,1185,88,96,96,0,0,5.55
4772,1186,22,40,40,0,0,0.42
4773,1186,34,80,80,1,0,4.52
4774,1186,51,72,72,0,0,5.91
4775,1186,62,40,40,0,0,2.54
4776,1186,84,72,72,0,0,2.51
4777,1187,27,60,60,0,0,3.55
4778,1187,64,80,80,0,0,3.05
4779,1187,80,48,48,0,0,3.36
4780,1187,86,88,88,0,0,1.84
4781,1188,19,36,36,0,0,3.44
4782,1188,28,72,72,0,0,1.80
4783,1188,58,60,60,0,0,3.32
4784,1188,59,60,60,0,0,3.42
4785,1189,9,72,72,0,0,5.04
4786,1189,30,64,64,0,0,2.13
4787,1189,39,72,72,0,0,3.11
4788,1189,67,72,72,0,0,4.16
4789,1189,71,70,70,0,0,5.16
4790,1190,1,72,69,0,3,4.01
4791,1190,16,72,69,0,3,3.12
4792,1190,32,60,57,0,3,2.42
4793,1190,56,48,46,0,2,2.26
4794,1190,73,72,69,0,3,5.73
4795,1190,74,56,54,0,2,2.46
4796,1191,91,56,56,0,0,3.36
4797,1192,5,80,80,0,0,4.11
4798,1192,15,70,70,0,0,3.62
4799,1192,18,80,80,0,0,3.55
4800,1192,25,48,48,0,0,1.28
4801,1192,35,72,72,0,0,3.31
4802,1193,17,64,64,0,0,2.82
4803,1193,24,48,48,0,0,3.85
4804,1193,41,60,60,0,0,3.15
4805,1193,45,36,36,0,0,1.99
4806,1193,68,56,56,0,0,5.73
4807,1193,76,54,54,0,0,2.79
4808,1194,11,72,72,0,0,1.74
4809,1194,43,72,72,0,0,5.72
4810,1194,54,36,36,1,0,5.84
4811,1194,65,70,70,0,0,2.67
4812,1195,26,48,48,0,0,2.79
4813,1195,29,48,48,0,0,2.02
4814,1195,37,72,72,0,0,3.17
4815,1195,81,50,50,0,0,4.75
4816,1196,3,72,72,0,0,2.24
4817,1196,31,72,72,0,0,3.41
4818,1196,34,60,60,0,0,4.52
4819,1196,48,54,54,0,0,9.61
4820,1196,61,72,72,0,0,2.75
4821,1196,90,80,80,0,0,3.17
4822,1197,49,66,66,0,0,5.09
4823,1197,52,100,100,0,0,3.32
4824,1197,72,40,40,0,0,5.20
4825,1198,28,72,72,0,0,1.80
4826,1198,59,42,42,0,0,3.42
4827,1199,9,72,72,0,0,5.04
4828,1199,23,72,72,0,0,0.58
4829,1199,39,72,72,0,0,3.11
4830,1199,55,72,72,0,0,2.64
4831,1199,63,96,96,0,0,2.52
4832,1199,85,36,36,0,0,2.27
4833,1200,92,90,90,0,0,3.69
4834,1201,1,72,72,0,0,4.01
4835,1201,57,60,60,0,0,2.74
4836,1201,70,60,60,0,0,4.60
4837,1201,82,30,30,0,0,2.25
4838,1201,87,48,48,0,0,5.10
4839,1202,5,40,40,0,0,4.11
4840,1202,15,30,30,0,0,3.62
4841,1202,18,40,40,0,0,3.55
4842,1202,25,96,96,0,0,1.28
4843,1202,35,80,80,0,0,3.31
4844,1203,24,48,48,0,0,3.85
4845,1203,38,42,42,0,0,3.96
4846,1203,47,72,72,0,0,6.60
4847,1203,93,72,72,1,0,4.56
4848,1204,11,36,36,0,0,1.74
4849,1204,43,60,60,0,0,5.72
4850,1204,44,72,72,0,0,2.07
4851,1204,53,48,48,0,0,3.24
4852,1204,54,72,72,0,0,5.84
4853,1205,60,60,60,0,0,3.45
4854,1205,83,96,96,0,0,2.63
4855,1205,88,72,72,0,0,5.55
4856,1206,22,60,60,0,0,0.42
4857,1206,34,70,70,0,0,4.52
4858,1206,51,56,56,0,0,5.91
4859,1206,62,20,20,0,0,2.54
4860,1206,90,20,20,0,0,3.17
4861,1207,27,60,57,0,3,3.55
4862,1207,40,72,69,0,3,2.81
4863,1207,64,56,54,0,2,3.05
4864,1207,80,72,69,0,3,3.36
4865,1207,86,64,61,0,3,1.84
4866,1208,28,48,48,0,0,1.80
4867,1208,58,60,60,0,0,3.32
4868,1208,59,78,78,0,0,3.42
4869,1209,2,40,40,0,0,2.58
4870,1209,30,80,80,0,0,2.13
4871,1209,39,72,72,0,0,3.11
4872,1209,55,60,60,0,0,2.64
4873,1209,67,72,72,0,0,4.16
4874,1209,71,50,50,0,0,5.16
4875,1210,1,72,72,0,0,4.01
4876,1210,8,16,16,0,0,5.95
4877,1210,16,48,48,0,0,3.12
4878,1210,32,50,50,0,0,2.42
4879,1210,73,48,48,0,0,5.73
4880,1210,74,64,64,0,0,2.46
4881,1211,6,24,0,0,0,1.63
4882,1211,26,12,0,0,0,2.79
4883,1212,3,24,0,0,0,2.24
4884,1212,10,20,0,0,0,3.06
4885,1213,27,20,0,0,0,3.55
4886,1213,40,24,0,0,0,2.81
4887,1214,3,24,0,0,0,2.24
4888,1214,10,20,0,0,0,3.06
4889,1215,27,20,0,0,0,3.55
4890,1215,40,24,0,0,0,2.81
4891,1216,14,8,0,0,0,2.37
4892,1216,19,6,0,0,0,3.44
4893,1217,11,36,0,0,0,1.74
4894,1217,43,12,0,0,0,5.72
4895,1218,6,24,0,0,0,1.63
4896,1218,26,12,0,0,0,2.79
4897,1219,3,24,0,0,0,2.24
4898,1219,10,20,0,0,0,3.06
4899,1220,6,24,0,0,0,1.63
4900,1220,26,12,0,0,0,2.79
4901,1221,3,24,0,0,0,2.24
4902,1221,10,20,0,0,0,3.06
4903,1222,27,20,0,0,0,3.55
4904,1222,40,24,0,0,0,2.81
4905,1223,3,24,0,0,0,2.24
4906,1223,10,20,0,0,0,3.06
4907,1224,27,20,0,0,0,3.55
4908,1224,40,24,0,0,0,2.81
4909,1225,14,8,0,0,0,2.37
4910,1225,19,6,0,0,0,3.44
4911,1226,27,20,0,0,0,3.55
4912,1226,40,24,0,0,0,2.81
4913,1227,14,8,0,0,0,2.37
4914,1227,19,6,0,0,0,3.44
4915,1228,2,20,0,0,0,2.58
4916,1228,9,36,0,0,0,5.04
4917,1229,14,8,0,0,0,2.37
4918,1229,19,6,0,0,0,3.44
4919,1230,2,20,0,0,0,2.58
4920,1230,9,36,0,0,0,5.04
4921,1231,1,36,0,0,0,4.01
4922,1231,7,6,0,0,0,1.38
4923,1232,2,20,0,0,0,2.58
4924,1232,9,36,0,0,0,5.04
4925,1233,1,36,0,0,0,4.01
4926,1233,7,6,0,0,0,1.38
4927,1234,5,20,0,0,0,4.11
4928,1234,15,10,0,0,0,3.62
4929,1235,1,36,0,0,0,4.01
4930,1235,7,6,0,0,0,1.38
4931,1236,5,20,0,0,0,4.11
4932,1236,15,10,0,0,0,3.62
4933,1237,4,20,0,0,0,2.59
4934,1237,12,8,0,0,0,1.79
4935,1238,32,10,0,0,0,2.42
4936,1238,57,20,0,0,0,2.74
4937,1238,16,24,0,0,0,3.12
4938,1239,32,10,0,0,0,2.42
4939,1239,57,20,0,0,0,2.74
4940,1239,16,24,0,0,0,3.12
4941,1240,32,10,0,0,0,2.42
4942,1240,57,20,0,0,0,2.74
4943,1240,16,24,0,0,0,3.12
