shift_id,employee_id,store_id,scheduled_start,scheduled_end,actual_start,actual_end,shift_status
1,1,1,2025-11-19 16:00:00,2025-11-19 22:00:00,2025-11-19 16:00:00,2025-11-19 22:00:00,completed
2,1,1,2025-11-20 08:00:00,2025-11-20 16:00:00,2025-11-20 08:00:00,2025-11-20 16:00:00,completed
3,1,1,2026-05-09 16:30:00,2026-05-09 22:00:00,2026-05-09 16:30:00,2026-05-09 22:00:00,completed
4,1,1,2025-11-20 16:15:00,2025-11-20 22:00:00,2025-11-20 16:15:00,2025-11-20 22:00:00,completed
5,1,1,2026-05-03 08:00:00,2026-05-03 16:00:00,2026-05-03 08:00:00,2026-05-03 16:00:00,completed
6,1,1,2025-11-01 08:30:00,2025-11-01 16:30:00,2025-11-01 08:30:00,2025-11-01 16:30:00,completed
7,1,1,2025-11-21 08:00:00,2025-11-21 16:00:00,2025-11-21 08:00:00,2025-11-21 16:00:00,completed
8,1,1,2025-11-21 16:15:00,2025-11-21 22:00:00,2025-11-21 16:15:00,2025-11-21 22:00:00,completed
9,1,1,2026-05-10 08:00:00,2026-05-10 16:00:00,2026-05-10 08:00:00,2026-05-10 16:00:00,completed
10,1,1,2025-11-22 08:00:00,2025-11-22 16:00:00,2025-11-22 08:00:00,2025-11-22 16:00:00,completed
11,1,1,2025-11-22 16:15:00,2025-11-22 22:00:00,2025-11-22 16:15:00,2025-11-22 22:00:00,completed
12,1,1,2025-11-01 16:30:00,2025-11-01 22:00:00,2025-11-01 16:30:00,2025-11-01 22:00:00,completed
13,1,1,2025-11-23 08:00:00,2025-11-23 16:00:00,2025-11-23 08:00:00,2025-11-23 16:00:00,completed
14,1,1,2025-11-23 16:00:00,2025-11-23 22:00:00,2025-11-23 16:00:00,2025-11-23 22:00:00,completed
15,1,1,2026-05-10 16:00:00,2026-05-10 22:00:00,2026-05-10 16:00:00,2026-05-10 22:00:00,completed
16,1,1,2025-11-24 08:00:00,2025-11-24 16:00:00,2025-11-24 08:00:00,2025-11-24 16:00:00,completed
17,1,1,2025-11-24 16:15:00,2025-11-24 22:00:00,2025-11-24 16:15:00,2025-11-24 22:00:00,completed
18,1,1,2025-11-25 08:00:00,2025-11-25 16:00:00,2025-11-25 08:00:00,2025-11-25 16:00:00,completed
19,1,1,2025-11-25 16:15:00,2025-11-25 22:00:00,2025-11-25 16:15:00,2025-11-25 22:00:00,completed
20,1,1,2025-11-02 08:00:00,2025-11-02 16:00:00,2025-11-02 08:00:00,2025-11-02 16:00:00,completed
21,1,1,2025-11-26 08:00:00,2025-11-26 16:00:00,2025-11-26 08:00:00,2025-11-26 16:00:00,completed
22,1,1,2025-11-26 16:00:00,2025-11-26 22:00:00,2025-11-26 16:00:00,2025-11-26 22:00:00,completed
23,1,1,2025-11-27 08:00:00,2025-11-27 16:00:00,2025-11-27 08:00:00,2025-11-27 16:00:00,completed
24,1,1,2025-11-27 16:00:00,2025-11-27 22:00:00,2025-11-27 16:00:00,2025-11-27 22:00:00,completed
25,1,1,2025-11-28 08:15:00,2025-11-28 16:15:00,2025-11-28 08:15:00,2025-11-28 16:15:00,completed
26,2,2,2025-11-26 08:00:00,2025-11-26 16:00:00,2025-11-26 08:00:00,2025-11-26 16:00:00,completed
27,2,2,2025-11-26 16:00:00,2025-11-26 21:00:00,2025-11-26 16:00:00,2025-11-26 21:00:00,completed
28,2,2,2025-11-27 08:15:00,2025-11-27 16:15:00,2025-11-27 08:15:00,2025-11-27 16:15:00,completed
29,2,2,2025-11-27 16:45:00,2025-11-27 21:00:00,2025-11-27 16:45:00,2025-11-27 21:00:00,completed
30,2,2,2026-07-21 08:15:00,2026-07-21 16:15:00,2026-07-21 08:15:00,2026-07-21 16:15:00,completed
31,2,2,2025-11-28 08:00:00,2025-11-28 16:00:00,2025-11-28 08:00:00,2025-11-28 16:00:00,completed
32,2,2,2025-11-28 16:15:00,2025-11-28 21:00:00,2025-11-28 16:15:00,2025-11-28 21:00:00,completed
33,2,2,2026-05-15 13:00:00,2026-05-15 17:00:00,,,cancelled
34,2,2,2025-11-29 08:15:00,2025-11-29 16:15:00,2025-11-29 08:15:00,2025-11-29 16:15:00,completed
35,2,2,2025-11-29 16:15:00,2025-11-29 21:00:00,2025-11-29 16:15:00,2025-11-29 21:00:00,completed
36,2,2,2025-11-30 08:30:00,2025-11-30 16:30:00,2025-11-30 08:30:00,2025-11-30 16:30:00,completed
37,2,2,2025-11-30 16:45:00,2025-11-30 21:00:00,2025-11-30 16:45:00,2025-11-30 21:00:00,completed
38,2,2,2025-12-01 08:00:00,2025-12-01 16:00:00,2025-12-01 08:00:00,2025-12-01 16:00:00,completed
39,2,2,2025-12-01 16:00:00,2025-12-01 21:00:00,2025-12-01 16:00:00,2025-12-01 21:00:00,completed
40,2,2,2025-12-02 08:15:00,2025-12-02 16:15:00,2025-12-02 08:15:00,2025-12-02 16:15:00,completed
41,2,2,2025-12-02 16:30:00,2025-12-02 21:00:00,2025-12-02 16:30:00,2025-12-02 21:00:00,completed
42,2,2,2026-07-21 16:15:00,2026-07-21 21:00:00,2026-07-21 16:15:00,2026-07-21 21:00:00,completed
43,2,2,2025-12-03 08:15:00,2025-12-03 16:15:00,2025-12-03 08:15:00,2025-12-03 16:15:00,completed
44,2,2,2025-12-03 17:00:00,2025-12-03 21:00:00,2025-12-03 17:00:00,2025-12-03 21:00:00,completed
45,2,2,2026-01-28 11:00:00,2026-01-28 17:00:00,,,cancelled
46,2,2,2025-12-04 08:00:00,2025-12-04 16:00:00,2025-12-04 08:00:00,2025-12-04 16:00:00,completed
47,2,2,2025-12-04 16:30:00,2025-12-04 21:00:00,2025-12-04 16:30:00,2025-12-04 21:00:00,completed
48,2,2,2026-07-22 09:00:00,2026-07-22 17:00:00,2026-07-22 09:00:00,2026-07-22 17:00:00,completed
49,2,2,2026-07-22 17:00:00,2026-07-22 21:00:00,2026-07-22 17:00:00,2026-07-22 21:00:00,completed
50,2,2,2025-12-05 08:00:00,2025-12-05 16:00:00,2025-12-05 08:00:00,2025-12-05 16:00:00,completed
51,2,2,2025-12-05 17:00:00,2025-12-05 21:00:00,2025-12-05 17:00:00,2025-12-05 21:00:00,completed
52,2,2,2025-11-01 08:00:00,2025-11-01 16:00:00,2025-11-01 08:00:00,2025-11-01 16:00:00,completed
53,2,2,2025-12-06 08:00:00,2025-12-06 16:00:00,2025-12-06 08:00:00,2025-12-06 16:00:00,completed
54,2,2,2026-03-30 11:00:00,2026-03-30 17:00:00,,,cancelled
55,2,2,2025-12-06 16:00:00,2025-12-06 21:00:00,2025-12-06 16:00:00,2025-12-06 21:00:00,completed
56,2,2,2025-12-07 08:30:00,2025-12-07 16:30:00,2025-12-07 08:30:00,2025-12-07 16:30:00,completed
57,2,2,2025-12-07 16:30:00,2025-12-07 21:00:00,2025-12-07 16:30:00,2025-12-07 21:00:00,completed
58,3,3,2025-11-30 17:00:00,2025-11-30 21:00:00,2025-11-30 17:00:00,2025-11-30 21:00:00,completed
59,3,3,2025-12-01 09:00:00,2025-12-01 17:00:00,2025-12-01 09:00:00,2025-12-01 17:00:00,completed
60,3,3,2025-12-01 17:00:00,2025-12-01 21:00:00,2025-12-01 17:00:00,2025-12-01 21:00:00,completed
61,3,3,2025-12-02 09:00:00,2025-12-02 17:00:00,2025-12-02 09:00:00,2025-12-02 17:00:00,completed
62,3,3,2025-12-02 17:00:00,2025-12-02 21:00:00,2025-12-02 17:00:00,2025-12-02 21:00:00,completed
63,3,3,2025-12-03 09:00:00,2025-12-03 17:00:00,2025-12-03 09:00:00,2025-12-03 17:00:00,completed
64,3,3,2025-12-03 17:00:00,2025-12-03 21:00:00,2025-12-03 17:00:00,2025-12-03 21:00:00,completed
65,3,3,2025-11-01 09:00:00,2025-11-01 17:00:00,2025-11-01 09:00:00,2025-11-01 17:00:00,completed
66,3,3,2025-11-01 17:00:00,2025-11-01 21:00:00,2025-11-01 17:00:00,2025-11-01 21:00:00,completed
67,3,3,2025-12-04 09:15:00,2025-12-04 17:15:00,2025-12-04 09:15:00,2025-12-04 17:15:00,completed
68,3,3,2025-11-02 09:00:00,2025-11-02 17:00:00,2025-11-02 09:00:00,2025-11-02 17:00:00,completed
69,5,3,2025-12-04 17:00:00,2025-12-04 21:00:00,2025-12-04 17:00:00,2025-12-04 21:00:00,completed
70,3,3,2025-12-05 09:00:00,2025-12-05 17:00:00,2025-12-05 09:00:00,2025-12-05 17:00:00,completed
71,3,3,2025-12-05 17:00:00,2025-12-05 21:00:00,2025-12-05 17:00:00,2025-12-05 21:00:00,completed
72,3,3,2025-12-06 09:15:00,2025-12-06 17:15:00,2025-12-06 09:15:00,2025-12-06 17:15:00,completed
73,5,3,2025-12-06 17:00:00,2025-12-06 21:00:00,2025-12-06 17:00:00,2025-12-06 21:00:00,completed
74,3,3,2025-12-28 09:00:00,2025-12-28 17:00:00,,,cancelled
75,3,3,2025-12-07 09:00:00,2025-12-07 17:00:00,2025-12-07 09:00:00,2025-12-07 17:00:00,completed
76,3,3,2025-12-07 17:00:00,2025-12-07 21:00:00,2025-12-07 17:00:00,2025-12-07 21:00:00,completed
77,4,3,2025-12-08 09:00:00,2025-12-08 17:00:00,2025-12-08 09:00:00,2025-12-08 17:00:00,completed
78,4,3,2025-11-02 17:00:00,2025-11-02 21:00:00,2025-11-02 17:00:00,2025-11-02 21:00:00,completed
79,4,3,2025-12-08 17:00:00,2025-12-08 21:00:00,2025-12-08 17:00:00,2025-12-08 21:00:00,completed
80,4,3,2025-12-09 09:00:00,2025-12-09 17:00:00,2025-12-09 09:00:00,2025-12-09 17:00:00,completed
81,4,3,2025-12-09 17:00:00,2025-12-09 21:00:00,2025-12-09 17:00:00,2025-12-09 21:00:00,completed
82,4,3,2025-12-10 09:00:00,2025-12-10 17:00:00,2025-12-10 09:00:00,2025-12-10 17:00:00,completed
83,4,3,2025-12-10 17:00:00,2025-12-10 21:00:00,2025-12-10 17:00:00,2025-12-10 21:00:00,completed
84,4,3,2025-12-11 09:00:00,2025-12-11 17:00:00,2025-12-11 09:00:00,2025-12-11 17:00:00,completed
85,4,3,2025-12-11 17:00:00,2025-12-11 21:00:00,2025-12-11 17:00:00,2025-12-11 21:00:00,completed
86,4,3,2025-12-12 09:00:00,2025-12-12 17:00:00,2025-12-12 09:00:00,2025-12-12 17:00:00,completed
87,4,3,2025-12-12 17:00:00,2025-12-12 21:00:00,2025-12-12 17:00:00,2025-12-12 21:00:00,completed
88,4,3,2025-12-13 09:00:00,2025-12-13 17:00:00,2025-12-13 09:00:00,2025-12-13 17:00:00,completed
89,4,3,2025-12-13 17:00:00,2025-12-13 21:00:00,2025-12-13 17:00:00,2025-12-13 21:00:00,completed
90,4,3,2025-12-14 09:00:00,2025-12-14 17:00:00,2025-12-14 09:00:00,2025-12-14 17:00:00,completed
91,4,3,2025-12-14 17:00:00,2025-12-14 21:00:00,2025-12-14 17:00:00,2025-12-14 21:00:00,completed
92,4,3,2025-12-15 09:00:00,2025-12-15 17:00:00,2025-12-15 09:00:00,2025-12-15 17:00:00,completed
93,4,3,2025-12-15 17:00:00,2025-12-15 21:00:00,2025-12-15 17:00:00,2025-12-15 21:00:00,completed
94,4,3,2025-12-16 09:00:00,2025-12-16 17:00:00,2025-12-16 09:00:00,2025-12-16 17:00:00,completed
95,4,3,2025-12-16 17:00:00,2025-12-16 21:00:00,2025-12-16 17:00:00,2025-12-16 21:00:00,completed
96,4,3,2025-12-17 09:00:00,2025-12-17 17:00:00,2025-12-17 09:00:00,2025-12-17 17:00:00,completed
97,4,3,2025-12-17 17:00:00,2025-12-17 21:00:00,2025-12-17 17:00:00,2025-12-17 21:00:00,completed
98,4,3,2025-12-18 09:00:00,2025-12-18 17:00:00,2025-12-18 09:00:00,2025-12-18 17:00:00,completed
99,4,3,2025-12-18 17:00:00,2025-12-18 21:00:00,2025-12-18 17:00:00,2025-12-18 21:00:00,completed
100,4,3,2025-12-19 09:00:00,2025-12-19 17:00:00,2025-12-19 09:00:00,2025-12-19 17:00:00,completed
101,4,3,2025-12-27 11:00:00,2025-12-27 15:00:00,,,cancelled
102,4,3,2025-12-19 17:00:00,2025-12-19 21:00:00,2025-12-19 17:00:00,2025-12-19 21:00:00,completed
103,4,3,2025-12-20 09:00:00,2025-12-20 17:00:00,2025-12-20 09:00:00,2025-12-20 17:00:00,completed
104,4,3,2026-03-03 12:00:00,2026-03-03 18:00:00,,,missed
105,4,3,2025-12-20 17:00:00,2025-12-20 21:00:00,2025-12-20 17:00:00,2025-12-20 21:00:00,completed
106,4,3,2025-12-22 13:00:00,2025-12-22 19:00:00,,,cancelled
107,4,3,2025-12-21 09:00:00,2025-12-21 17:00:00,2025-12-21 09:00:00,2025-12-21 17:00:00,completed
108,4,3,2025-12-21 17:00:00,2025-12-21 21:00:00,2025-12-21 17:00:00,2025-12-21 21:00:00,completed
109,4,3,2025-12-01 12:00:00,2025-12-01 18:00:00,,,missed
110,4,3,2025-12-22 09:00:00,2025-12-22 17:00:00,2025-12-22 09:00:00,2025-12-22 17:00:00,completed
111,4,3,2026-04-30 10:00:00,2026-04-30 18:00:00,,,cancelled
112,4,3,2025-12-22 17:00:00,2025-12-22 21:00:00,2025-12-22 17:00:00,2025-12-22 21:00:00,completed
113,5,3,2026-05-18 09:00:00,2026-05-18 17:00:00,,,cancelled
114,5,3,2026-06-12 09:00:00,2026-06-12 13:00:00,,,missed
115,5,3,2025-12-23 09:00:00,2025-12-23 17:00:00,2025-12-23 09:00:00,2025-12-23 17:00:00,completed
116,5,3,2025-12-23 17:00:00,2025-12-23 21:00:00,2025-12-23 17:00:00,2025-12-23 21:00:00,completed
117,5,3,2025-12-24 09:00:00,2025-12-24 17:00:00,2025-12-24 09:00:00,2025-12-24 17:00:00,completed
118,5,3,2025-12-24 17:00:00,2025-12-24 21:00:00,2025-12-24 17:00:00,2025-12-24 21:00:00,completed
119,5,3,2025-12-25 09:00:00,2025-12-25 17:00:00,2025-12-25 09:00:00,2025-12-25 17:00:00,completed
120,5,3,2025-11-03 09:00:00,2025-11-03 17:00:00,2025-11-03 09:00:00,2025-11-03 17:00:00,completed
121,5,3,2025-12-25 17:00:00,2025-12-25 21:00:00,2025-12-25 17:00:00,2025-12-25 21:00:00,completed
122,5,3,2025-12-26 09:00:00,2025-12-26 17:00:00,2025-12-26 09:00:00,2025-12-26 17:00:00,completed
123,5,3,2025-12-26 17:00:00,2025-12-26 21:00:00,2025-12-26 17:00:00,2025-12-26 21:00:00,completed
124,5,3,2025-12-27 09:00:00,2025-12-27 17:00:00,2025-12-27 09:00:00,2025-12-27 17:00:00,completed
125,5,3,2025-12-27 17:00:00,2025-12-27 21:00:00,2025-12-27 17:00:00,2025-12-27 21:00:00,completed
126,5,3,2025-11-03 17:00:00,2025-11-03 21:00:00,2025-11-03 17:00:00,2025-11-03 21:00:00,completed
127,5,3,2025-12-28 09:00:00,2025-12-28 17:00:00,2025-12-28 09:00:00,2025-12-28 17:00:00,completed
128,5,3,2025-12-28 17:00:00,2025-12-28 21:00:00,2025-12-28 17:00:00,2025-12-28 21:00:00,completed
129,5,3,2025-12-29 09:00:00,2025-12-29 17:00:00,2025-12-29 09:00:00,2025-12-29 17:00:00,completed
130,5,3,2025-12-29 17:00:00,2025-12-29 21:00:00,2025-12-29 17:00:00,2025-12-29 21:00:00,completed
131,5,3,2025-12-30 09:00:00,2025-12-30 17:00:00,2025-12-30 09:00:00,2025-12-30 17:00:00,completed
132,5,3,2025-12-30 17:00:00,2025-12-30 21:00:00,2025-12-30 17:00:00,2025-12-30 21:00:00,completed
133,5,3,2025-12-31 09:00:00,2025-12-31 17:00:00,2025-12-31 09:00:00,2025-12-31 17:00:00,completed
134,5,3,2026-01-07 14:00:00,2026-01-07 18:00:00,,,missed
135,5,3,2025-12-31 17:00:00,2025-12-31 21:00:00,2025-12-31 17:00:00,2025-12-31 21:00:00,completed
136,5,3,2026-01-01 09:00:00,2026-01-01 17:00:00,2026-01-01 09:00:00,2026-01-01 17:00:00,completed
137,5,3,2026-01-01 17:00:00,2026-01-01 21:00:00,2026-01-01 17:00:00,2026-01-01 21:00:00,completed
138,5,3,2026-01-02 09:00:00,2026-01-02 17:00:00,2026-01-02 09:00:00,2026-01-02 17:00:00,completed
139,5,3,2026-01-02 17:00:00,2026-01-02 21:00:00,2026-01-02 17:00:00,2026-01-02 21:00:00,completed
140,5,3,2026-01-03 09:30:00,2026-01-03 17:30:00,2026-01-03 09:30:00,2026-01-03 17:30:00,completed
141,8,3,2026-01-03 17:00:00,2026-01-03 21:00:00,2026-01-03 17:00:00,2026-01-03 21:00:00,completed
142,5,3,2026-01-04 09:00:00,2026-01-04 17:00:00,2026-01-04 09:00:00,2026-01-04 17:00:00,completed
143,5,3,2026-01-04 17:00:00,2026-01-04 21:00:00,2026-01-04 17:00:00,2026-01-04 21:00:00,completed
144,6,1,2025-11-28 17:15:00,2025-11-28 22:00:00,2025-11-28 17:15:00,2025-11-28 22:00:00,completed
145,6,1,2025-11-29 08:15:00,2025-11-29 16:15:00,2025-11-29 08:15:00,2025-11-29 16:15:00,completed
146,6,1,2025-11-29 16:15:00,2025-11-29 22:00:00,2025-11-29 16:15:00,2025-11-29 22:00:00,completed
147,6,1,2025-11-30 08:15:00,2025-11-30 16:15:00,2025-11-30 08:15:00,2025-11-30 16:15:00,completed
148,6,1,2025-11-30 16:15:00,2025-11-30 22:00:00,2025-11-30 16:15:00,2025-11-30 22:00:00,completed
149,6,1,2025-12-01 08:00:00,2025-12-01 16:00:00,2025-12-01 08:00:00,2025-12-01 16:00:00,completed
150,6,1,2025-12-01 17:00:00,2025-12-01 22:00:00,2025-12-01 17:00:00,2025-12-01 22:00:00,completed
151,6,1,2025-12-02 08:30:00,2025-12-02 16:30:00,2025-12-02 08:30:00,2025-12-02 16:30:00,completed
152,6,1,2025-12-02 16:30:00,2025-12-02 22:00:00,2025-12-02 16:30:00,2025-12-02 22:00:00,completed
153,6,1,2025-12-03 08:15:00,2025-12-03 16:15:00,2025-12-03 08:15:00,2025-12-03 16:15:00,completed
154,6,1,2025-12-03 16:45:00,2025-12-03 22:00:00,2025-12-03 16:45:00,2025-12-03 22:00:00,completed
155,6,1,2026-05-03 16:00:00,2026-05-03 22:00:00,2026-05-03 16:00:00,2026-05-03 22:00:00,completed
156,6,1,2025-12-04 08:00:00,2025-12-04 16:00:00,2025-12-04 08:00:00,2025-12-04 16:00:00,completed
157,6,1,2025-12-04 16:15:00,2025-12-04 22:00:00,2025-12-04 16:15:00,2025-12-04 22:00:00,completed
158,6,1,2025-12-05 08:15:00,2025-12-05 16:15:00,2025-12-05 08:15:00,2025-12-05 16:15:00,completed
159,6,1,2025-12-05 16:30:00,2025-12-05 22:00:00,2025-12-05 16:30:00,2025-12-05 22:00:00,completed
160,6,1,2025-12-06 08:45:00,2025-12-06 16:45:00,2025-12-06 08:45:00,2025-12-06 16:45:00,completed
161,6,1,2025-12-06 17:00:00,2025-12-06 22:00:00,2025-12-06 17:00:00,2025-12-06 22:00:00,completed
162,6,1,2025-12-07 08:00:00,2025-12-07 16:00:00,2025-12-07 08:00:00,2025-12-07 16:00:00,completed
163,6,1,2025-12-07 16:15:00,2025-12-07 22:00:00,2025-12-07 16:15:00,2025-12-07 22:00:00,completed
164,7,2,2025-12-08 08:15:00,2025-12-08 16:15:00,2025-12-08 08:15:00,2025-12-08 16:15:00,completed
165,7,2,2026-07-23 08:00:00,2026-07-23 16:00:00,2026-07-23 08:00:00,2026-07-23 16:00:00,completed
166,7,2,2025-12-08 16:15:00,2025-12-08 21:00:00,2025-12-08 16:15:00,2025-12-08 21:00:00,completed
167,7,2,2025-12-09 08:00:00,2025-12-09 16:00:00,2025-12-09 08:00:00,2025-12-09 16:00:00,completed
168,7,2,2025-11-01 16:15:00,2025-11-01 21:00:00,2025-11-01 16:15:00,2025-11-01 21:00:00,completed
169,7,2,2025-12-09 16:15:00,2025-12-09 21:00:00,2025-12-09 16:15:00,2025-12-09 21:00:00,completed
170,7,2,2025-12-10 08:00:00,2025-12-10 16:00:00,2025-12-10 08:00:00,2025-12-10 16:00:00,completed
171,7,2,2025-12-10 16:00:00,2025-12-10 21:00:00,2025-12-10 16:00:00,2025-12-10 21:00:00,completed
172,7,2,2025-12-11 08:00:00,2025-12-11 16:00:00,2025-12-11 08:00:00,2025-12-11 16:00:00,completed
173,7,2,2025-12-11 16:00:00,2025-12-11 21:00:00,2025-12-11 16:00:00,2025-12-11 21:00:00,completed
174,7,2,2025-12-12 08:00:00,2025-12-12 16:00:00,2025-12-12 08:00:00,2025-12-12 16:00:00,completed
175,7,2,2025-12-12 16:00:00,2025-12-12 21:00:00,2025-12-12 16:00:00,2025-12-12 21:00:00,completed
176,7,2,2025-12-13 08:00:00,2025-12-13 16:00:00,2025-12-13 08:00:00,2025-12-13 16:00:00,completed
177,7,2,2025-12-13 16:30:00,2025-12-13 21:00:00,2025-12-13 16:30:00,2025-12-13 21:00:00,completed
178,7,2,2025-12-14 09:00:00,2025-12-14 17:00:00,2025-12-14 09:00:00,2025-12-14 17:00:00,completed
179,7,2,2025-12-14 17:00:00,2025-12-14 21:00:00,2025-12-14 17:00:00,2025-12-14 21:00:00,completed
180,7,2,2025-12-15 08:15:00,2025-12-15 16:15:00,2025-12-15 08:15:00,2025-12-15 16:15:00,completed
181,7,2,2026-01-14 09:00:00,2026-01-14 13:00:00,,,cancelled
182,7,2,2026-07-23 16:00:00,2026-07-23 21:00:00,2026-07-23 16:00:00,2026-07-23 21:00:00,completed
183,7,2,2025-12-15 17:00:00,2025-12-15 21:00:00,2025-12-15 17:00:00,2025-12-15 21:00:00,completed
184,7,2,2025-12-16 08:00:00,2025-12-16 16:00:00,2025-12-16 08:00:00,2025-12-16 16:00:00,completed
185,7,2,2025-12-16 16:30:00,2025-12-16 21:00:00,2025-12-16 16:30:00,2025-12-16 21:00:00,completed
186,7,2,2025-12-17 08:30:00,2025-12-17 16:30:00,2025-12-17 08:30:00,2025-12-17 16:30:00,completed
187,7,2,2025-11-02 08:30:00,2025-11-02 16:30:00,2025-11-02 08:30:00,2025-11-02 16:30:00,completed
188,7,2,2025-11-02 16:45:00,2025-11-02 21:00:00,2025-11-02 16:45:00,2025-11-02 21:00:00,completed
189,7,2,2025-12-17 16:30:00,2025-12-17 21:00:00,2025-12-17 16:30:00,2025-12-17 21:00:00,completed
190,7,2,2025-12-18 08:45:00,2025-12-18 16:45:00,2025-12-18 08:45:00,2025-12-18 16:45:00,completed
191,7,2,2025-12-18 17:00:00,2025-12-18 21:00:00,2025-12-18 17:00:00,2025-12-18 21:00:00,completed
192,7,2,2025-12-19 08:00:00,2025-12-19 16:00:00,2025-12-19 08:00:00,2025-12-19 16:00:00,completed
193,8,3,2026-01-05 09:00:00,2026-01-05 17:00:00,2026-01-05 09:00:00,2026-01-05 17:00:00,completed
194,8,3,2026-01-05 17:00:00,2026-01-05 21:00:00,2026-01-05 17:00:00,2026-01-05 21:00:00,completed
195,8,3,2026-01-06 09:15:00,2026-01-06 17:15:00,2026-01-06 09:15:00,2026-01-06 17:15:00,completed
196,5,3,2026-01-06 17:00:00,2026-01-06 21:00:00,2026-01-06 17:00:00,2026-01-06 21:00:00,completed
197,8,3,2026-01-07 09:00:00,2026-01-07 17:00:00,2026-01-07 09:00:00,2026-01-07 17:00:00,completed
198,8,3,2026-01-07 17:00:00,2026-01-07 21:00:00,2026-01-07 17:00:00,2026-01-07 21:00:00,completed
199,8,3,2026-01-08 09:00:00,2026-01-08 17:00:00,2026-01-08 09:00:00,2026-01-08 17:00:00,completed
200,8,3,2026-02-10 09:00:00,2026-02-10 17:00:00,,,cancelled
201,8,3,2026-01-08 17:00:00,2026-01-08 21:00:00,2026-01-08 17:00:00,2026-01-08 21:00:00,completed
202,8,3,2026-01-09 09:00:00,2026-01-09 17:00:00,2026-01-09 09:00:00,2026-01-09 17:00:00,completed
203,8,3,2026-01-09 17:00:00,2026-01-09 21:00:00,2026-01-09 17:00:00,2026-01-09 21:00:00,completed
204,8,3,2026-01-10 09:00:00,2026-01-10 17:00:00,2026-01-10 09:00:00,2026-01-10 17:00:00,completed
205,8,3,2026-01-10 17:00:00,2026-01-10 21:00:00,2026-01-10 17:00:00,2026-01-10 21:00:00,completed
206,8,3,2026-01-11 09:00:00,2026-01-11 17:00:00,2026-01-11 09:00:00,2026-01-11 17:00:00,completed
207,8,3,2026-01-11 17:00:00,2026-01-11 21:00:00,2026-01-11 17:00:00,2026-01-11 21:00:00,completed
208,8,3,2026-01-12 09:00:00,2026-01-12 17:00:00,2026-01-12 09:00:00,2026-01-12 17:00:00,completed
209,8,3,2026-02-05 10:00:00,2026-02-05 16:00:00,,,cancelled
210,8,3,2026-01-12 17:00:00,2026-01-12 21:00:00,2026-01-12 17:00:00,2026-01-12 21:00:00,completed
211,8,3,2026-01-13 09:15:00,2026-01-13 17:15:00,2026-01-13 09:15:00,2026-01-13 17:15:00,completed
212,5,3,2026-01-13 17:00:00,2026-01-13 21:00:00,2026-01-13 17:00:00,2026-01-13 21:00:00,completed
213,8,3,2026-01-14 09:00:00,2026-01-14 17:00:00,2026-01-14 09:00:00,2026-01-14 17:00:00,completed
214,8,3,2026-01-14 17:00:00,2026-01-14 21:00:00,2026-01-14 17:00:00,2026-01-14 21:00:00,completed
215,13,2,2025-12-19 16:15:00,2025-12-19 21:00:00,2025-12-19 16:15:00,2025-12-19 21:00:00,completed
216,13,2,2025-12-20 08:00:00,2025-12-20 16:00:00,2025-12-20 08:00:00,2025-12-20 16:00:00,completed
217,13,2,2025-12-20 16:15:00,2025-12-20 21:00:00,2025-12-20 16:15:00,2025-12-20 21:00:00,completed
218,13,2,2025-12-21 09:30:00,2025-12-21 17:30:00,2025-12-21 09:30:00,2025-12-21 17:30:00,completed
219,10,2,2026-05-24 12:00:00,2026-05-24 16:00:00,,,cancelled
220,23,2,2025-12-21 17:00:00,2025-12-21 21:00:00,2025-12-21 17:00:00,2025-12-21 21:00:00,completed
221,13,2,2025-12-22 09:30:00,2025-12-22 17:30:00,2025-12-22 09:30:00,2025-12-22 17:30:00,completed
222,23,2,2025-12-22 17:00:00,2025-12-22 21:00:00,2025-12-22 17:00:00,2025-12-22 21:00:00,completed
223,13,2,2025-11-03 08:00:00,2025-11-03 16:00:00,2025-11-03 08:00:00,2025-11-03 16:00:00,completed
224,10,2,2026-07-13 11:00:00,2026-07-13 17:00:00,,,cancelled
225,13,2,2025-12-23 08:00:00,2025-12-23 16:00:00,2025-12-23 08:00:00,2025-12-23 16:00:00,completed
226,13,2,2025-12-23 16:15:00,2025-12-23 21:00:00,2025-12-23 16:15:00,2025-12-23 21:00:00,completed
227,10,2,2026-07-01 08:00:00,2026-07-01 16:00:00,,,cancelled
228,10,2,2026-07-19 13:00:00,2026-07-19 21:00:00,,,cancelled
229,13,2,2025-12-24 08:15:00,2025-12-24 16:15:00,2025-12-24 08:15:00,2025-12-24 16:15:00,completed
230,13,2,2025-12-24 17:00:00,2025-12-24 21:00:00,2025-12-24 17:00:00,2025-12-24 21:00:00,completed
231,13,2,2025-12-25 08:00:00,2025-12-25 16:00:00,2025-12-25 08:00:00,2025-12-25 16:00:00,completed
232,13,2,2025-12-25 16:00:00,2025-12-25 21:00:00,2025-12-25 16:00:00,2025-12-25 21:00:00,completed
233,13,2,2025-12-26 09:00:00,2025-12-26 17:00:00,2025-12-26 09:00:00,2025-12-26 17:00:00,completed
234,13,2,2025-12-26 17:00:00,2025-12-26 21:00:00,2025-12-26 17:00:00,2025-12-26 21:00:00,completed
235,13,2,2025-11-03 17:00:00,2025-11-03 21:00:00,2025-11-03 17:00:00,2025-11-03 21:00:00,completed
236,13,2,2025-12-27 08:15:00,2025-12-27 16:15:00,2025-12-27 08:15:00,2025-12-27 16:15:00,completed
237,10,2,2026-04-12 08:00:00,2026-04-12 12:00:00,,,cancelled
238,13,2,2025-12-27 16:15:00,2025-12-27 21:00:00,2025-12-27 16:15:00,2025-12-27 21:00:00,completed
239,13,2,2025-12-28 08:00:00,2025-12-28 16:00:00,2025-12-28 08:00:00,2025-12-28 16:00:00,completed
240,13,2,2025-12-28 16:00:00,2025-12-28 21:00:00,2025-12-28 16:00:00,2025-12-28 21:00:00,completed
241,13,2,2025-12-29 08:00:00,2025-12-29 16:00:00,2025-12-29 08:00:00,2025-12-29 16:00:00,completed
242,13,2,2025-12-29 16:00:00,2025-12-29 21:00:00,2025-12-29 16:00:00,2025-12-29 21:00:00,completed
243,13,2,2025-12-30 08:00:00,2025-12-30 16:00:00,2025-12-30 08:00:00,2025-12-30 16:00:00,completed
244,11,3,2026-01-15 09:00:00,2026-01-15 17:00:00,2026-01-15 09:00:00,2026-01-15 17:00:00,completed
245,11,3,2026-01-15 17:00:00,2026-01-15 21:00:00,2026-01-15 17:00:00,2026-01-15 21:00:00,completed
246,11,3,2026-01-16 09:00:00,2026-01-16 17:00:00,2026-01-16 09:00:00,2026-01-16 17:00:00,completed
247,11,3,2026-01-16 17:00:00,2026-01-16 21:00:00,2026-01-16 17:00:00,2026-01-16 21:00:00,completed
248,11,3,2026-01-17 09:00:00,2026-01-17 17:00:00,2026-01-17 09:00:00,2026-01-17 17:00:00,completed
249,11,3,2026-01-17 17:00:00,2026-01-17 21:00:00,2026-01-17 17:00:00,2026-01-17 21:00:00,completed
250,11,3,2026-01-18 09:00:00,2026-01-18 17:00:00,2026-01-18 09:00:00,2026-01-18 17:00:00,completed
251,11,3,2026-02-04 13:00:00,2026-02-04 19:00:00,,,cancelled
252,11,3,2026-01-18 17:00:00,2026-01-18 21:00:00,2026-01-18 17:00:00,2026-01-18 21:00:00,completed
253,11,3,2026-01-19 09:00:00,2026-01-19 17:00:00,2026-01-19 09:00:00,2026-01-19 17:00:00,completed
254,11,3,2025-11-04 09:00:00,2025-11-04 17:00:00,2025-11-04 09:00:00,2025-11-04 17:00:00,completed
255,11,3,2026-01-19 17:00:00,2026-01-19 21:00:00,2026-01-19 17:00:00,2026-01-19 21:00:00,completed
256,11,3,2026-01-20 09:00:00,2026-01-20 17:00:00,2026-01-20 09:00:00,2026-01-20 17:00:00,completed
257,11,3,2026-01-20 17:00:00,2026-01-20 21:00:00,2026-01-20 17:00:00,2026-01-20 21:00:00,completed
258,11,3,2026-07-12 13:00:00,2026-07-12 19:00:00,,,cancelled
259,11,3,2026-01-21 09:00:00,2026-01-21 17:00:00,2026-01-21 09:00:00,2026-01-21 17:00:00,completed
260,11,3,2026-01-21 17:00:00,2026-01-21 21:00:00,2026-01-21 17:00:00,2026-01-21 21:00:00,completed
261,11,3,2026-01-22 09:00:00,2026-01-22 17:00:00,2026-01-22 09:00:00,2026-01-22 17:00:00,completed
262,11,3,2026-01-22 17:00:00,2026-01-22 21:00:00,2026-01-22 17:00:00,2026-01-22 21:00:00,completed
263,11,3,2026-01-23 09:00:00,2026-01-23 17:00:00,2026-01-23 09:00:00,2026-01-23 17:00:00,completed
264,11,3,2026-01-23 17:00:00,2026-01-23 21:00:00,2026-01-23 17:00:00,2026-01-23 21:00:00,completed
265,11,3,2026-01-08 13:00:00,2026-01-08 21:00:00,,,cancelled
266,11,3,2026-01-24 09:00:00,2026-01-24 17:00:00,2026-01-24 09:00:00,2026-01-24 17:00:00,completed
267,11,3,2025-11-04 17:00:00,2025-11-04 21:00:00,2025-11-04 17:00:00,2025-11-04 21:00:00,completed
268,11,3,2026-01-24 17:00:00,2026-01-24 21:00:00,2026-01-24 17:00:00,2026-01-24 21:00:00,completed
269,12,1,2025-12-08 08:00:00,2025-12-08 16:00:00,2025-12-08 08:00:00,2025-12-08 16:00:00,completed
270,12,1,2025-12-08 16:00:00,2025-12-08 22:00:00,2025-12-08 16:00:00,2025-12-08 22:00:00,completed
271,12,1,2025-12-09 08:00:00,2025-12-09 16:00:00,2025-12-09 08:00:00,2025-12-09 16:00:00,completed
272,12,1,2025-12-09 16:15:00,2025-12-09 22:00:00,2025-12-09 16:15:00,2025-12-09 22:00:00,completed
273,12,1,2025-12-10 08:00:00,2025-12-10 16:00:00,2025-12-10 08:00:00,2025-12-10 16:00:00,completed
274,12,1,2026-05-11 08:30:00,2026-05-11 16:30:00,2026-05-11 08:30:00,2026-05-11 16:30:00,completed
275,12,1,2026-05-11 16:30:00,2026-05-11 22:00:00,2026-05-11 16:30:00,2026-05-11 22:00:00,completed
276,12,1,2025-12-10 16:15:00,2025-12-10 22:00:00,2025-12-10 16:15:00,2025-12-10 22:00:00,completed
277,12,1,2025-12-11 08:00:00,2025-12-11 16:00:00,2025-12-11 08:00:00,2025-12-11 16:00:00,completed
278,12,1,2025-12-11 16:00:00,2025-12-11 22:00:00,2025-12-11 16:00:00,2025-12-11 22:00:00,completed
279,12,1,2025-11-02 16:00:00,2025-11-02 22:00:00,2025-11-02 16:00:00,2025-11-02 22:00:00,completed
280,12,1,2025-12-12 08:00:00,2025-12-12 16:00:00,2025-12-12 08:00:00,2025-12-12 16:00:00,completed
281,12,1,2025-12-12 16:15:00,2025-12-12 22:00:00,2025-12-12 16:15:00,2025-12-12 22:00:00,completed
282,12,1,2025-12-13 08:00:00,2025-12-13 16:00:00,2025-12-13 08:00:00,2025-12-13 16:00:00,completed
283,12,1,2025-12-13 16:00:00,2025-12-13 22:00:00,2025-12-13 16:00:00,2025-12-13 22:00:00,completed
284,12,1,2025-12-14 08:00:00,2025-12-14 16:00:00,2025-12-14 08:00:00,2025-12-14 16:00:00,completed
285,12,1,2026-05-12 08:00:00,2026-05-12 16:00:00,2026-05-12 08:00:00,2026-05-12 16:00:00,completed
286,12,1,2025-12-14 16:15:00,2025-12-14 22:00:00,2025-12-14 16:15:00,2025-12-14 22:00:00,completed
287,12,1,2025-12-15 08:00:00,2025-12-15 16:00:00,2025-12-15 08:00:00,2025-12-15 16:00:00,completed
288,12,1,2026-05-12 16:00:00,2026-05-12 22:00:00,2026-05-12 16:00:00,2026-05-12 22:00:00,completed
289,12,1,2026-05-13 08:00:00,2026-05-13 16:00:00,2026-05-13 08:00:00,2026-05-13 16:00:00,completed
290,13,2,2025-12-30 16:00:00,2025-12-30 21:00:00,2025-12-30 16:00:00,2025-12-30 21:00:00,completed
291,13,2,2025-12-31 08:00:00,2025-12-31 16:00:00,2025-12-31 08:00:00,2025-12-31 16:00:00,completed
292,13,2,2025-12-31 16:00:00,2025-12-31 21:00:00,2025-12-31 16:00:00,2025-12-31 21:00:00,completed
293,13,2,2026-01-01 08:30:00,2026-01-01 16:30:00,2026-01-01 08:30:00,2026-01-01 16:30:00,completed
294,13,2,2026-01-01 16:30:00,2026-01-01 21:00:00,2026-01-01 16:30:00,2026-01-01 21:00:00,completed
295,13,2,2026-01-02 08:00:00,2026-01-02 16:00:00,2026-01-02 08:00:00,2026-01-02 16:00:00,completed
296,13,2,2025-11-04 08:00:00,2025-11-04 16:00:00,2025-11-04 08:00:00,2025-11-04 16:00:00,completed
297,13,2,2026-01-02 16:30:00,2026-01-02 21:00:00,2026-01-02 16:30:00,2026-01-02 21:00:00,completed
298,13,2,2026-01-03 08:30:00,2026-01-03 16:30:00,2026-01-03 08:30:00,2026-01-03 16:30:00,completed
299,13,2,2026-01-03 16:45:00,2026-01-03 21:00:00,2026-01-03 16:45:00,2026-01-03 21:00:00,completed
300,13,2,2026-01-04 08:00:00,2026-01-04 16:00:00,2026-01-04 08:00:00,2026-01-04 16:00:00,completed
301,13,2,2026-01-04 16:45:00,2026-01-04 21:00:00,2026-01-04 16:45:00,2026-01-04 21:00:00,completed
302,13,2,2026-01-05 08:00:00,2026-01-05 16:00:00,2026-01-05 08:00:00,2026-01-05 16:00:00,completed
303,13,2,2026-01-05 16:00:00,2026-01-05 21:00:00,2026-01-05 16:00:00,2026-01-05 21:00:00,completed
304,13,2,2026-01-06 08:00:00,2026-01-06 16:00:00,2026-01-06 08:00:00,2026-01-06 16:00:00,completed
305,13,2,2026-01-06 16:00:00,2026-01-06 21:00:00,2026-01-06 16:00:00,2026-01-06 21:00:00,completed
306,13,2,2026-01-07 08:00:00,2026-01-07 16:00:00,2026-01-07 08:00:00,2026-01-07 16:00:00,completed
307,13,2,2026-01-07 16:00:00,2026-01-07 21:00:00,2026-01-07 16:00:00,2026-01-07 21:00:00,completed
308,13,2,2026-01-08 08:00:00,2026-01-08 16:00:00,2026-01-08 08:00:00,2026-01-08 16:00:00,completed
309,13,2,2026-01-08 16:00:00,2026-01-08 21:00:00,2026-01-08 16:00:00,2026-01-08 21:00:00,completed
310,13,2,2026-01-09 08:00:00,2026-01-09 16:00:00,2026-01-09 08:00:00,2026-01-09 16:00:00,completed
311,14,1,2025-12-15 16:15:00,2025-12-15 22:00:00,2025-12-15 16:15:00,2025-12-15 22:00:00,completed
312,14,1,2025-12-16 08:15:00,2025-12-16 16:15:00,2025-12-16 08:15:00,2025-12-16 16:15:00,completed
313,14,1,2025-12-16 17:00:00,2025-12-16 22:00:00,2025-12-16 17:00:00,2025-12-16 22:00:00,completed
314,14,1,2025-12-17 08:00:00,2025-12-17 16:00:00,2025-12-17 08:00:00,2025-12-17 16:00:00,completed
315,14,1,2025-12-17 16:15:00,2025-12-17 22:00:00,2025-12-17 16:15:00,2025-12-17 22:00:00,completed
316,14,1,2025-12-18 08:00:00,2025-12-18 16:00:00,2025-12-18 08:00:00,2025-12-18 16:00:00,completed
317,14,1,2026-05-13 16:15:00,2026-05-13 22:00:00,2026-05-13 16:15:00,2026-05-13 22:00:00,completed
318,14,1,2025-12-18 16:15:00,2025-12-18 22:00:00,2025-12-18 16:15:00,2025-12-18 22:00:00,completed
319,14,1,2025-12-19 08:00:00,2025-12-19 16:00:00,2025-12-19 08:00:00,2025-12-19 16:00:00,completed
320,14,1,2025-12-19 16:15:00,2025-12-19 22:00:00,2025-12-19 16:15:00,2025-12-19 22:00:00,completed
321,14,1,2025-12-20 08:00:00,2025-12-20 16:00:00,2025-12-20 08:00:00,2025-12-20 16:00:00,completed
322,14,1,2025-11-03 08:00:00,2025-11-03 16:00:00,2025-11-03 08:00:00,2025-11-03 16:00:00,completed
323,14,1,2025-12-20 16:00:00,2025-12-20 22:00:00,2025-12-20 16:00:00,2025-12-20 22:00:00,completed
324,14,1,2025-12-21 08:00:00,2025-12-21 16:00:00,2025-12-21 08:00:00,2025-12-21 16:00:00,completed
325,14,1,2025-12-21 16:15:00,2025-12-21 22:00:00,2025-12-21 16:15:00,2025-12-21 22:00:00,completed
326,14,1,2025-12-22 08:15:00,2025-12-22 16:15:00,2025-12-22 08:15:00,2025-12-22 16:15:00,completed
327,14,1,2025-12-22 16:15:00,2025-12-22 22:00:00,2025-12-22 16:15:00,2025-12-22 22:00:00,completed
328,14,1,2025-12-23 08:00:00,2025-12-23 16:00:00,2025-12-23 08:00:00,2025-12-23 16:00:00,completed
329,14,1,2025-12-23 16:45:00,2025-12-23 22:00:00,2025-12-23 16:45:00,2025-12-23 22:00:00,completed
330,14,1,2025-12-24 08:45:00,2025-12-24 16:45:00,2025-12-24 08:45:00,2025-12-24 16:45:00,completed
331,14,1,2025-12-24 17:30:00,2025-12-24 22:00:00,2025-12-24 17:30:00,2025-12-24 22:00:00,completed
332,15,3,2026-01-25 09:00:00,2026-01-25 17:00:00,2026-01-25 09:00:00,2026-01-25 17:00:00,completed
333,15,3,2026-01-25 17:00:00,2026-01-25 21:00:00,2026-01-25 17:00:00,2026-01-25 21:00:00,completed
334,15,3,2026-01-26 09:00:00,2026-01-26 17:00:00,2026-01-26 09:00:00,2026-01-26 17:00:00,completed
335,15,3,2026-01-26 17:00:00,2026-01-26 21:00:00,2026-01-26 17:00:00,2026-01-26 21:00:00,completed
336,15,3,2026-01-27 09:00:00,2026-01-27 17:00:00,2026-01-27 09:00:00,2026-01-27 17:00:00,completed
337,15,3,2026-01-27 17:00:00,2026-01-27 21:00:00,2026-01-27 17:00:00,2026-01-27 21:00:00,completed
338,15,3,2026-01-28 09:00:00,2026-01-28 17:00:00,2026-01-28 09:00:00,2026-01-28 17:00:00,completed
339,15,3,2026-01-28 17:00:00,2026-01-28 21:00:00,2026-01-28 17:00:00,2026-01-28 21:00:00,completed
340,15,3,2026-01-29 09:00:00,2026-01-29 17:00:00,2026-01-29 09:00:00,2026-01-29 17:00:00,completed
341,15,3,2026-01-29 17:00:00,2026-01-29 21:00:00,2026-01-29 17:00:00,2026-01-29 21:00:00,completed
342,15,3,2026-01-30 09:00:00,2026-01-30 17:00:00,2026-01-30 09:00:00,2026-01-30 17:00:00,completed
343,15,3,2026-04-25 13:00:00,2026-04-25 21:00:00,,,cancelled
344,15,3,2026-01-30 17:00:00,2026-01-30 21:00:00,2026-01-30 17:00:00,2026-01-30 21:00:00,completed
345,15,3,2026-01-31 09:00:00,2026-01-31 17:00:00,2026-01-31 09:00:00,2026-01-31 17:00:00,completed
346,15,3,2026-01-16 13:00:00,2026-01-16 21:00:00,,,cancelled
347,15,3,2026-01-31 17:00:00,2026-01-31 21:00:00,2026-01-31 17:00:00,2026-01-31 21:00:00,completed
348,15,3,2026-02-01 09:15:00,2026-02-01 17:15:00,2026-02-01 09:15:00,2026-02-01 17:15:00,completed
349,5,3,2026-02-01 17:00:00,2026-02-01 21:00:00,2026-02-01 17:00:00,2026-02-01 21:00:00,completed
350,15,3,2026-02-02 09:00:00,2026-02-02 17:00:00,2026-02-02 09:00:00,2026-02-02 17:00:00,completed
351,15,3,2026-02-02 17:00:00,2026-02-02 21:00:00,2026-02-02 17:00:00,2026-02-02 21:00:00,completed
352,15,3,2026-02-03 09:00:00,2026-02-03 17:00:00,2026-02-03 09:00:00,2026-02-03 17:00:00,completed
353,15,3,2026-06-15 10:00:00,2026-06-15 14:00:00,,,cancelled
354,15,3,2026-02-03 17:00:00,2026-02-03 21:00:00,2026-02-03 17:00:00,2026-02-03 21:00:00,completed
355,15,3,2026-02-04 09:15:00,2026-02-04 17:15:00,2026-02-04 09:15:00,2026-02-04 17:15:00,completed
356,5,3,2026-02-04 17:00:00,2026-02-04 21:00:00,2026-02-04 17:00:00,2026-02-04 21:00:00,completed
357,15,3,2026-02-05 09:15:00,2026-02-05 17:15:00,2026-02-05 09:15:00,2026-02-05 17:15:00,completed
358,5,3,2026-02-05 17:00:00,2026-02-05 21:00:00,2026-02-05 17:00:00,2026-02-05 21:00:00,completed
359,15,3,2026-02-06 09:15:00,2026-02-06 17:15:00,2026-02-06 09:15:00,2026-02-06 17:15:00,completed
360,5,3,2026-02-06 17:00:00,2026-02-06 21:00:00,2026-02-06 17:00:00,2026-02-06 21:00:00,completed
361,5,3,2025-11-05 09:00:00,2025-11-05 17:00:00,2025-11-05 09:00:00,2025-11-05 17:00:00,completed
362,15,3,2026-02-07 09:00:00,2026-02-07 17:00:00,2026-02-07 09:00:00,2026-02-07 17:00:00,completed
363,15,3,2026-02-07 17:00:00,2026-02-07 21:00:00,2026-02-07 17:00:00,2026-02-07 21:00:00,completed
364,15,3,2026-02-08 09:00:00,2026-02-08 17:00:00,2026-02-08 09:00:00,2026-02-08 17:00:00,completed
365,16,2,2026-01-09 16:00:00,2026-01-09 21:00:00,2026-01-09 16:00:00,2026-01-09 21:00:00,completed
366,16,2,2026-01-10 08:30:00,2026-01-10 16:30:00,2026-01-10 08:30:00,2026-01-10 16:30:00,completed
367,16,2,2025-11-04 16:30:00,2025-11-04 21:00:00,2025-11-04 16:30:00,2025-11-04 21:00:00,completed
368,16,2,2026-01-10 17:00:00,2026-01-10 21:00:00,2026-01-10 17:00:00,2026-01-10 21:00:00,completed
369,16,2,2025-11-05 08:00:00,2025-11-05 16:00:00,2025-11-05 08:00:00,2025-11-05 16:00:00,completed
370,16,2,2026-01-11 08:15:00,2026-01-11 16:15:00,2026-01-11 08:15:00,2026-01-11 16:15:00,completed
371,16,2,2026-01-11 16:45:00,2026-01-11 21:00:00,2026-01-11 16:45:00,2026-01-11 21:00:00,completed
372,16,2,2026-01-12 08:00:00,2026-01-12 16:00:00,2026-01-12 08:00:00,2026-01-12 16:00:00,completed
373,16,2,2026-01-12 16:15:00,2026-01-12 21:00:00,2026-01-12 16:15:00,2026-01-12 21:00:00,completed
374,16,2,2025-11-05 16:00:00,2025-11-05 21:00:00,2025-11-05 16:00:00,2025-11-05 21:00:00,completed
375,16,2,2026-07-24 08:45:00,2026-07-24 16:45:00,2026-07-24 08:45:00,2026-07-24 16:45:00,completed
376,16,2,2026-01-13 08:00:00,2026-01-13 16:00:00,2026-01-13 08:00:00,2026-01-13 16:00:00,completed
377,16,2,2026-01-13 16:00:00,2026-01-13 21:00:00,2026-01-13 16:00:00,2026-01-13 21:00:00,completed
378,16,2,2026-01-14 08:15:00,2026-01-14 16:15:00,2026-01-14 08:15:00,2026-01-14 16:15:00,completed
379,16,2,2026-01-14 16:15:00,2026-01-14 21:00:00,2026-01-14 16:15:00,2026-01-14 21:00:00,completed
380,16,2,2026-01-15 08:00:00,2026-01-15 16:00:00,2026-01-15 08:00:00,2026-01-15 16:00:00,completed
381,16,2,2026-01-15 16:30:00,2026-01-15 21:00:00,2026-01-15 16:30:00,2026-01-15 21:00:00,completed
382,16,2,2026-01-16 08:00:00,2026-01-16 16:00:00,2026-01-16 08:00:00,2026-01-16 16:00:00,completed
383,16,2,2026-01-16 16:30:00,2026-01-16 21:00:00,2026-01-16 16:30:00,2026-01-16 21:00:00,completed
384,16,2,2026-01-17 08:00:00,2026-01-17 16:00:00,2026-01-17 08:00:00,2026-01-17 16:00:00,completed
385,16,2,2026-01-20 13:00:00,2026-01-20 19:00:00,,,cancelled
386,16,2,2026-01-17 16:00:00,2026-01-17 21:00:00,2026-01-17 16:00:00,2026-01-17 21:00:00,completed
387,16,2,2025-11-06 08:00:00,2025-11-06 16:00:00,2025-11-06 08:00:00,2025-11-06 16:00:00,completed
388,16,2,2025-12-23 14:00:00,2025-12-23 20:00:00,,,cancelled
389,16,2,2026-01-18 08:00:00,2026-01-18 16:00:00,2026-01-18 08:00:00,2026-01-18 16:00:00,completed
390,16,2,2026-01-18 16:00:00,2026-01-18 21:00:00,2026-01-18 16:00:00,2026-01-18 21:00:00,completed
391,16,2,2026-01-19 08:00:00,2026-01-19 16:00:00,2026-01-19 08:00:00,2026-01-19 16:00:00,completed
392,16,2,2026-01-19 16:00:00,2026-01-19 21:00:00,2026-01-19 16:00:00,2026-01-19 21:00:00,completed
393,16,2,2026-01-20 08:00:00,2026-01-20 16:00:00,2026-01-20 08:00:00,2026-01-20 16:00:00,completed
394,16,2,2025-11-06 16:30:00,2025-11-06 21:00:00,2025-11-06 16:30:00,2025-11-06 21:00:00,completed
395,16,2,2025-11-07 08:00:00,2025-11-07 16:00:00,2025-11-07 08:00:00,2025-11-07 16:00:00,completed
396,16,2,2026-01-20 16:00:00,2026-01-20 21:00:00,2026-01-20 16:00:00,2026-01-20 21:00:00,completed
397,17,1,2025-11-03 16:15:00,2025-11-03 22:00:00,2025-11-03 16:15:00,2025-11-03 22:00:00,completed
398,17,1,2025-12-25 08:15:00,2025-12-25 16:15:00,2025-12-25 08:15:00,2025-12-25 16:15:00,completed
399,17,1,2025-12-25 16:15:00,2025-12-25 22:00:00,2025-12-25 16:15:00,2025-12-25 22:00:00,completed
400,17,1,2025-12-26 08:00:00,2025-12-26 16:00:00,2025-12-26 08:00:00,2025-12-26 16:00:00,completed
401,17,1,2025-12-26 16:15:00,2025-12-26 22:00:00,2025-12-26 16:15:00,2025-12-26 22:00:00,completed
402,17,1,2025-11-04 08:00:00,2025-11-04 16:00:00,2025-11-04 08:00:00,2025-11-04 16:00:00,completed
403,17,1,2025-11-04 16:00:00,2025-11-04 22:00:00,2025-11-04 16:00:00,2025-11-04 22:00:00,completed
404,17,1,2025-12-27 08:00:00,2025-12-27 16:00:00,2025-12-27 08:00:00,2025-12-27 16:00:00,completed
405,17,1,2025-12-27 16:00:00,2025-12-27 22:00:00,2025-12-27 16:00:00,2025-12-27 22:00:00,completed
406,17,1,2025-11-05 08:15:00,2025-11-05 16:15:00,2025-11-05 08:15:00,2025-11-05 16:15:00,completed
407,17,1,2025-12-28 08:15:00,2025-12-28 16:15:00,2025-12-28 08:15:00,2025-12-28 16:15:00,completed
408,17,1,2026-05-14 08:00:00,2026-05-14 16:00:00,2026-05-14 08:00:00,2026-05-14 16:00:00,completed
409,17,1,2025-11-05 16:15:00,2025-11-05 22:00:00,2025-11-05 16:15:00,2025-11-05 22:00:00,completed
410,17,1,2025-12-28 16:15:00,2025-12-28 22:00:00,2025-12-28 16:15:00,2025-12-28 22:00:00,completed
411,17,1,2025-12-29 08:00:00,2025-12-29 16:00:00,2025-12-29 08:00:00,2025-12-29 16:00:00,completed
412,17,1,2025-12-29 16:00:00,2025-12-29 22:00:00,2025-12-29 16:00:00,2025-12-29 22:00:00,completed
413,17,1,2026-05-04 08:00:00,2026-05-04 16:00:00,2026-05-04 08:00:00,2026-05-04 16:00:00,completed
414,17,1,2025-12-30 08:15:00,2025-12-30 16:15:00,2025-12-30 08:15:00,2025-12-30 16:15:00,completed
415,17,1,2025-11-06 08:00:00,2025-11-06 16:00:00,2025-11-06 08:00:00,2025-11-06 16:00:00,completed
416,17,1,2025-12-30 17:00:00,2025-12-30 22:00:00,2025-12-30 17:00:00,2025-12-30 22:00:00,completed
417,17,1,2025-12-31 08:00:00,2025-12-31 16:00:00,2025-12-31 08:00:00,2025-12-31 16:00:00,completed
418,17,1,2025-12-31 16:00:00,2025-12-31 22:00:00,2025-12-31 16:00:00,2025-12-31 22:00:00,completed
419,17,1,2026-01-01 08:00:00,2026-01-01 16:00:00,2026-01-01 08:00:00,2026-01-01 16:00:00,completed
420,17,1,2026-01-01 16:00:00,2026-01-01 22:00:00,2026-01-01 16:00:00,2026-01-01 22:00:00,completed
421,17,1,2026-01-02 08:00:00,2026-01-02 16:00:00,2026-01-02 08:00:00,2026-01-02 16:00:00,completed
422,18,1,2026-05-14 16:15:00,2026-05-14 22:00:00,2026-05-14 16:15:00,2026-05-14 22:00:00,completed
423,18,1,2026-01-02 16:15:00,2026-01-02 22:00:00,2026-01-02 16:15:00,2026-01-02 22:00:00,completed
424,18,1,2026-05-04 16:30:00,2026-05-04 22:00:00,2026-05-04 16:30:00,2026-05-04 22:00:00,completed
425,18,1,2026-05-15 08:30:00,2026-05-15 16:30:00,2026-05-15 08:30:00,2026-05-15 16:30:00,completed
426,18,1,2026-01-03 08:00:00,2026-01-03 16:00:00,2026-01-03 08:00:00,2026-01-03 16:00:00,completed
427,18,1,2026-05-15 16:30:00,2026-05-15 22:00:00,2026-05-15 16:30:00,2026-05-15 22:00:00,completed
428,18,1,2026-01-03 16:00:00,2026-01-03 22:00:00,2026-01-03 16:00:00,2026-01-03 22:00:00,completed
429,18,1,2026-01-04 08:00:00,2026-01-04 16:00:00,2026-01-04 08:00:00,2026-01-04 16:00:00,completed
430,18,1,2026-01-04 16:15:00,2026-01-04 22:00:00,2026-01-04 16:15:00,2026-01-04 22:00:00,completed
431,18,1,2026-01-05 08:00:00,2026-01-05 16:00:00,2026-01-05 08:00:00,2026-01-05 16:00:00,completed
432,18,1,2026-01-05 16:15:00,2026-01-05 22:00:00,2026-01-05 16:15:00,2026-01-05 22:00:00,completed
433,18,1,2025-11-06 16:15:00,2025-11-06 22:00:00,2025-11-06 16:15:00,2025-11-06 22:00:00,completed
434,18,1,2026-01-06 08:45:00,2026-01-06 16:45:00,2026-01-06 08:45:00,2026-01-06 16:45:00,completed
435,18,1,2026-01-06 17:00:00,2026-01-06 22:00:00,2026-01-06 17:00:00,2026-01-06 22:00:00,completed
436,18,1,2026-01-07 08:15:00,2026-01-07 16:15:00,2026-01-07 08:15:00,2026-01-07 16:15:00,completed
437,18,1,2026-05-16 08:00:00,2026-05-16 16:00:00,2026-05-16 08:00:00,2026-05-16 16:00:00,completed
438,18,1,2026-01-07 17:00:00,2026-01-07 22:00:00,2026-01-07 17:00:00,2026-01-07 22:00:00,completed
439,18,1,2026-01-08 08:00:00,2026-01-08 16:00:00,2026-01-08 08:00:00,2026-01-08 16:00:00,completed
440,18,1,2026-05-16 16:15:00,2026-05-16 22:00:00,2026-05-16 16:15:00,2026-05-16 22:00:00,completed
441,18,1,2026-01-08 16:15:00,2026-01-08 22:00:00,2026-01-08 16:15:00,2026-01-08 22:00:00,completed
442,18,1,2025-11-07 08:00:00,2025-11-07 16:00:00,2025-11-07 08:00:00,2025-11-07 16:00:00,completed
443,18,1,2026-05-17 08:30:00,2026-05-17 16:30:00,2026-05-17 08:30:00,2026-05-17 16:30:00,completed
444,18,1,2026-01-09 08:00:00,2026-01-09 16:00:00,2026-01-09 08:00:00,2026-01-09 16:00:00,completed
445,18,1,2025-11-07 16:30:00,2025-11-07 22:00:00,2025-11-07 16:30:00,2025-11-07 22:00:00,completed
446,19,2,2026-01-21 08:30:00,2026-01-21 16:30:00,2026-01-21 08:30:00,2026-01-21 16:30:00,completed
447,19,2,2026-01-21 16:30:00,2026-01-21 21:00:00,2026-01-21 16:30:00,2026-01-21 21:00:00,completed
448,19,2,2026-01-22 08:00:00,2026-01-22 16:00:00,2026-01-22 08:00:00,2026-01-22 16:00:00,completed
449,19,2,2025-11-07 16:00:00,2025-11-07 21:00:00,2025-11-07 16:00:00,2025-11-07 21:00:00,completed
450,19,2,2026-01-22 16:15:00,2026-01-22 21:00:00,2026-01-22 16:15:00,2026-01-22 21:00:00,completed
451,19,2,2026-02-10 12:00:00,2026-02-10 16:00:00,,,cancelled
452,19,2,2026-01-23 08:00:00,2026-01-23 16:00:00,2026-01-23 08:00:00,2026-01-23 16:00:00,completed
453,19,2,2026-01-23 17:00:00,2026-01-23 21:00:00,2026-01-23 17:00:00,2026-01-23 21:00:00,completed
454,19,2,2026-01-24 08:00:00,2026-01-24 16:00:00,2026-01-24 08:00:00,2026-01-24 16:00:00,completed
455,19,2,2026-01-24 16:00:00,2026-01-24 21:00:00,2026-01-24 16:00:00,2026-01-24 21:00:00,completed
456,19,2,2026-01-25 08:15:00,2026-01-25 16:15:00,2026-01-25 08:15:00,2026-01-25 16:15:00,completed
457,19,2,2025-11-08 08:00:00,2025-11-08 16:00:00,2025-11-08 08:00:00,2025-11-08 16:00:00,completed
458,19,2,2026-01-25 16:30:00,2026-01-25 21:00:00,2026-01-25 16:30:00,2026-01-25 21:00:00,completed
459,19,2,2026-01-26 09:15:00,2026-01-26 17:15:00,2026-01-26 09:15:00,2026-01-26 17:15:00,completed
460,13,2,2026-01-26 17:00:00,2026-01-26 21:00:00,2026-01-26 17:00:00,2026-01-26 21:00:00,completed
461,19,2,2026-01-27 08:15:00,2026-01-27 16:15:00,2026-01-27 08:15:00,2026-01-27 16:15:00,completed
462,19,2,2026-01-22 11:00:00,2026-01-22 15:00:00,,,cancelled
463,19,2,2025-11-08 16:15:00,2025-11-08 21:00:00,2025-11-08 16:15:00,2025-11-08 21:00:00,completed
464,19,2,2026-01-27 16:30:00,2026-01-27 21:00:00,2026-01-27 16:30:00,2026-01-27 21:00:00,completed
465,19,2,2026-01-28 08:00:00,2026-01-28 16:00:00,2026-01-28 08:00:00,2026-01-28 16:00:00,completed
466,19,2,2025-11-09 08:00:00,2025-11-09 16:00:00,2025-11-09 08:00:00,2025-11-09 16:00:00,completed
467,19,2,2026-01-28 16:00:00,2026-01-28 21:00:00,2026-01-28 16:00:00,2026-01-28 21:00:00,completed
468,19,2,2026-01-29 08:15:00,2026-01-29 16:15:00,2026-01-29 08:15:00,2026-01-29 16:15:00,completed
469,19,2,2026-01-29 16:15:00,2026-01-29 21:00:00,2026-01-29 16:15:00,2026-01-29 21:00:00,completed
470,19,2,2026-01-30 09:00:00,2026-01-30 17:00:00,2026-01-30 09:00:00,2026-01-30 17:00:00,completed
471,19,2,2026-01-30 17:00:00,2026-01-30 21:00:00,2026-01-30 17:00:00,2026-01-30 21:00:00,completed
472,19,2,2026-01-31 08:15:00,2026-01-31 16:15:00,2026-01-31 08:15:00,2026-01-31 16:15:00,completed
473,19,2,2026-01-31 16:45:00,2026-01-31 21:00:00,2026-01-31 16:45:00,2026-01-31 21:00:00,completed
474,19,2,2026-02-01 08:15:00,2026-02-01 16:15:00,2026-02-01 08:15:00,2026-02-01 16:15:00,completed
475,20,3,2026-03-01 10:00:00,2026-03-01 16:00:00,,,cancelled
476,20,3,2026-02-08 17:00:00,2026-02-08 21:00:00,2026-02-08 17:00:00,2026-02-08 21:00:00,completed
477,20,3,2026-02-09 09:00:00,2026-02-09 17:00:00,2026-02-09 09:00:00,2026-02-09 17:00:00,completed
478,20,3,2026-02-09 17:00:00,2026-02-09 21:00:00,2026-02-09 17:00:00,2026-02-09 21:00:00,completed
479,20,3,2026-02-10 09:30:00,2026-02-10 17:30:00,2026-02-10 09:30:00,2026-02-10 17:30:00,completed
480,5,3,2026-02-10 17:00:00,2026-02-10 21:00:00,2026-02-10 17:00:00,2026-02-10 21:00:00,completed
481,20,3,2026-02-11 09:00:00,2026-02-11 17:00:00,2026-02-11 09:00:00,2026-02-11 17:00:00,completed
482,20,3,2026-02-11 17:00:00,2026-02-11 21:00:00,2026-02-11 17:00:00,2026-02-11 21:00:00,completed
483,20,3,2025-11-05 17:00:00,2025-11-05 21:00:00,2025-11-05 17:00:00,2025-11-05 21:00:00,completed
484,20,3,2026-02-12 09:00:00,2026-02-12 17:00:00,2026-02-12 09:00:00,2026-02-12 17:00:00,completed
485,20,3,2026-02-12 17:00:00,2026-02-12 21:00:00,2026-02-12 17:00:00,2026-02-12 21:00:00,completed
486,20,3,2026-02-13 09:00:00,2026-02-13 17:00:00,2026-02-13 09:00:00,2026-02-13 17:00:00,completed
487,20,3,2026-02-13 17:00:00,2026-02-13 21:00:00,2026-02-13 17:00:00,2026-02-13 21:00:00,completed
488,20,3,2026-06-14 13:00:00,2026-06-14 21:00:00,,,cancelled
489,20,3,2026-05-07 14:00:00,2026-05-07 20:00:00,,,cancelled
490,20,3,2026-02-14 09:00:00,2026-02-14 17:00:00,2026-02-14 09:00:00,2026-02-14 17:00:00,completed
491,20,3,2026-02-14 17:00:00,2026-02-14 21:00:00,2026-02-14 17:00:00,2026-02-14 21:00:00,completed
492,20,3,2026-02-15 09:00:00,2026-02-15 17:00:00,2026-02-15 09:00:00,2026-02-15 17:00:00,completed
493,20,3,2026-02-15 17:00:00,2026-02-15 21:00:00,2026-02-15 17:00:00,2026-02-15 21:00:00,completed
494,20,3,2025-11-06 09:00:00,2025-11-06 17:00:00,2025-11-06 09:00:00,2025-11-06 17:00:00,completed
495,20,3,2026-03-05 12:00:00,2026-03-05 18:00:00,,,missed
496,20,3,2026-02-16 09:00:00,2026-02-16 17:00:00,2026-02-16 09:00:00,2026-02-16 17:00:00,completed
497,20,3,2026-07-17 09:00:00,2026-07-17 17:00:00,,,cancelled
498,20,3,2026-02-16 17:00:00,2026-02-16 21:00:00,2026-02-16 17:00:00,2026-02-16 21:00:00,completed
499,21,1,2026-01-09 16:45:00,2026-01-09 22:00:00,2026-01-09 16:45:00,2026-01-09 22:00:00,completed
500,21,1,2026-01-10 08:00:00,2026-01-10 16:00:00,2026-01-10 08:00:00,2026-01-10 16:00:00,completed
501,21,1,2026-01-10 16:15:00,2026-01-10 22:00:00,2026-01-10 16:15:00,2026-01-10 22:00:00,completed
502,21,1,2026-01-11 08:00:00,2026-01-11 16:00:00,2026-01-11 08:00:00,2026-01-11 16:00:00,completed
503,21,1,2026-01-11 16:15:00,2026-01-11 22:00:00,2026-01-11 16:15:00,2026-01-11 22:00:00,completed
504,21,1,2026-01-12 08:00:00,2026-01-12 16:00:00,2026-01-12 08:00:00,2026-01-12 16:00:00,completed
505,21,1,2026-01-12 16:00:00,2026-01-12 22:00:00,2026-01-12 16:00:00,2026-01-12 22:00:00,completed
506,21,1,2025-11-08 08:00:00,2025-11-08 16:00:00,2025-11-08 08:00:00,2025-11-08 16:00:00,completed
507,21,1,2026-01-13 08:00:00,2026-01-13 16:00:00,2026-01-13 08:00:00,2026-01-13 16:00:00,completed
508,21,1,2026-01-13 16:15:00,2026-01-13 22:00:00,2026-01-13 16:15:00,2026-01-13 22:00:00,completed
509,21,1,2026-01-14 08:15:00,2026-01-14 16:15:00,2026-01-14 08:15:00,2026-01-14 16:15:00,completed
510,21,1,2026-05-17 16:30:00,2026-05-17 22:00:00,2026-05-17 16:30:00,2026-05-17 22:00:00,completed
511,21,1,2026-01-14 17:30:00,2026-01-14 22:00:00,2026-01-14 17:30:00,2026-01-14 22:00:00,completed
512,21,1,2026-01-15 08:00:00,2026-01-15 16:00:00,2026-01-15 08:00:00,2026-01-15 16:00:00,completed
513,21,1,2025-11-08 16:15:00,2025-11-08 22:00:00,2025-11-08 16:15:00,2025-11-08 22:00:00,completed
514,21,1,2026-01-15 16:30:00,2026-01-15 22:00:00,2026-01-15 16:30:00,2026-01-15 22:00:00,completed
515,21,1,2026-05-18 08:15:00,2026-05-18 16:15:00,2026-05-18 08:15:00,2026-05-18 16:15:00,completed
516,21,1,2026-05-18 16:15:00,2026-05-18 22:00:00,2026-05-18 16:15:00,2026-05-18 22:00:00,completed
517,21,1,2026-01-16 08:15:00,2026-01-16 16:15:00,2026-01-16 08:15:00,2026-01-16 16:15:00,completed
518,21,1,2026-01-16 16:30:00,2026-01-16 22:00:00,2026-01-16 16:30:00,2026-01-16 22:00:00,completed
519,21,1,2026-01-17 08:00:00,2026-01-17 16:00:00,2026-01-17 08:00:00,2026-01-17 16:00:00,completed
520,21,1,2026-01-17 16:00:00,2026-01-17 22:00:00,2026-01-17 16:00:00,2026-01-17 22:00:00,completed
521,21,1,2026-01-18 08:30:00,2026-01-18 16:30:00,2026-01-18 08:30:00,2026-01-18 16:30:00,completed
522,21,1,2026-01-18 16:30:00,2026-01-18 22:00:00,2026-01-18 16:30:00,2026-01-18 22:00:00,completed
523,21,1,2026-01-19 08:15:00,2026-01-19 16:15:00,2026-01-19 08:15:00,2026-01-19 16:15:00,completed
524,21,1,2026-01-19 16:15:00,2026-01-19 22:00:00,2026-01-19 16:15:00,2026-01-19 22:00:00,completed
525,21,1,2026-05-19 08:00:00,2026-05-19 16:00:00,2026-05-19 08:00:00,2026-05-19 16:00:00,completed
526,21,1,2025-11-09 08:00:00,2025-11-09 16:00:00,2025-11-09 08:00:00,2025-11-09 16:00:00,completed
527,22,3,2026-02-17 09:00:00,2026-02-17 17:00:00,2026-02-17 09:00:00,2026-02-17 17:00:00,completed
528,22,3,2026-02-17 17:00:00,2026-02-17 21:00:00,2026-02-17 17:00:00,2026-02-17 21:00:00,completed
529,22,3,2026-02-18 09:00:00,2026-02-18 17:00:00,2026-02-18 09:00:00,2026-02-18 17:00:00,completed
530,22,3,2025-11-06 17:00:00,2025-11-06 21:00:00,2025-11-06 17:00:00,2025-11-06 21:00:00,completed
531,22,3,2026-02-18 17:00:00,2026-02-18 21:00:00,2026-02-18 17:00:00,2026-02-18 21:00:00,completed
532,22,3,2025-11-07 09:00:00,2025-11-07 17:00:00,2025-11-07 09:00:00,2025-11-07 17:00:00,completed
533,22,3,2026-02-19 09:00:00,2026-02-19 17:00:00,2026-02-19 09:00:00,2026-02-19 17:00:00,completed
534,22,3,2026-02-19 17:00:00,2026-02-19 21:00:00,2026-02-19 17:00:00,2026-02-19 21:00:00,completed
535,22,3,2026-07-30 09:00:00,2026-07-30 17:00:00,,,cancelled
536,22,3,2026-02-20 09:00:00,2026-02-20 17:00:00,2026-02-20 09:00:00,2026-02-20 17:00:00,completed
537,22,3,2026-02-20 17:00:00,2026-02-20 21:00:00,2026-02-20 17:00:00,2026-02-20 21:00:00,completed
538,22,3,2026-02-21 09:00:00,2026-02-21 17:00:00,2026-02-21 09:00:00,2026-02-21 17:00:00,completed
539,22,3,2026-02-21 17:00:00,2026-02-21 21:00:00,2026-02-21 17:00:00,2026-02-21 21:00:00,completed
540,22,3,2026-02-22 09:00:00,2026-02-22 17:00:00,2026-02-22 09:00:00,2026-02-22 17:00:00,completed
541,22,3,2025-11-09 10:00:00,2025-11-09 16:00:00,,,cancelled
542,22,3,2026-02-22 17:00:00,2026-02-22 21:00:00,2026-02-22 17:00:00,2026-02-22 21:00:00,completed
543,22,3,2026-02-23 09:00:00,2026-02-23 17:00:00,2026-02-23 09:00:00,2026-02-23 17:00:00,completed
544,22,3,2026-02-23 17:00:00,2026-02-23 21:00:00,2026-02-23 17:00:00,2026-02-23 21:00:00,completed
545,22,3,2026-02-24 09:15:00,2026-02-24 17:15:00,2026-02-24 09:15:00,2026-02-24 17:15:00,completed
546,23,2,2026-02-01 16:45:00,2026-02-01 21:00:00,2026-02-01 16:45:00,2026-02-01 21:00:00,completed
547,23,2,2026-02-02 08:00:00,2026-02-02 16:00:00,2026-02-02 08:00:00,2026-02-02 16:00:00,completed
548,23,2,2026-02-02 16:00:00,2026-02-02 21:00:00,2026-02-02 16:00:00,2026-02-02 21:00:00,completed
549,23,2,2026-07-22 11:00:00,2026-07-22 17:00:00,,,cancelled
550,23,2,2026-02-03 08:00:00,2026-02-03 16:00:00,2026-02-03 08:00:00,2026-02-03 16:00:00,completed
551,23,2,2026-02-03 16:30:00,2026-02-03 21:00:00,2026-02-03 16:30:00,2026-02-03 21:00:00,completed
552,23,2,2026-02-04 08:00:00,2026-02-04 16:00:00,2026-02-04 08:00:00,2026-02-04 16:00:00,completed
553,23,2,2026-02-04 16:00:00,2026-02-04 21:00:00,2026-02-04 16:00:00,2026-02-04 21:00:00,completed
554,23,2,2026-07-24 17:00:00,2026-07-24 21:00:00,2026-07-24 17:00:00,2026-07-24 21:00:00,completed
555,23,2,2026-02-05 08:00:00,2026-02-05 16:00:00,2026-02-05 08:00:00,2026-02-05 16:00:00,completed
556,23,2,2026-02-05 16:15:00,2026-02-05 21:00:00,2026-02-05 16:15:00,2026-02-05 21:00:00,completed
557,23,2,2025-11-09 16:15:00,2025-11-09 21:00:00,2025-11-09 16:15:00,2025-11-09 21:00:00,completed
558,23,2,2026-02-06 08:15:00,2026-02-06 16:15:00,2026-02-06 08:15:00,2026-02-06 16:15:00,completed
559,23,2,2026-02-06 16:30:00,2026-02-06 21:00:00,2026-02-06 16:30:00,2026-02-06 21:00:00,completed
560,23,2,2026-02-07 08:30:00,2026-02-07 16:30:00,2026-02-07 08:30:00,2026-02-07 16:30:00,completed
561,23,2,2026-02-07 16:45:00,2026-02-07 21:00:00,2026-02-07 16:45:00,2026-02-07 21:00:00,completed
562,23,2,2026-07-25 08:15:00,2026-07-25 16:15:00,2026-07-25 08:15:00,2026-07-25 16:15:00,completed
563,23,2,2026-07-25 16:15:00,2026-07-25 21:00:00,2026-07-25 16:15:00,2026-07-25 21:00:00,completed
564,23,2,2026-02-08 08:00:00,2026-02-08 16:00:00,2026-02-08 08:00:00,2026-02-08 16:00:00,completed
565,23,2,2026-02-08 16:00:00,2026-02-08 21:00:00,2026-02-08 16:00:00,2026-02-08 21:00:00,completed
566,24,2,2026-02-09 08:00:00,2026-02-09 16:00:00,2026-02-09 08:00:00,2026-02-09 16:00:00,completed
567,24,2,2025-11-10 09:15:00,2025-11-10 17:15:00,2025-11-10 09:15:00,2025-11-10 17:15:00,completed
568,24,2,2026-02-09 16:15:00,2026-02-09 21:00:00,2026-02-09 16:15:00,2026-02-09 21:00:00,completed
569,24,2,2026-02-10 08:00:00,2026-02-10 16:00:00,2026-02-10 08:00:00,2026-02-10 16:00:00,completed
570,24,2,2026-02-10 16:15:00,2026-02-10 21:00:00,2026-02-10 16:15:00,2026-02-10 21:00:00,completed
571,24,2,2026-02-11 08:00:00,2026-02-11 16:00:00,2026-02-11 08:00:00,2026-02-11 16:00:00,completed
572,24,2,2026-02-11 16:00:00,2026-02-11 21:00:00,2026-02-11 16:00:00,2026-02-11 21:00:00,completed
573,24,2,2026-02-12 08:00:00,2026-02-12 16:00:00,2026-02-12 08:00:00,2026-02-12 16:00:00,completed
574,24,2,2026-02-12 16:00:00,2026-02-12 21:00:00,2026-02-12 16:00:00,2026-02-12 21:00:00,completed
575,24,2,2026-02-13 08:00:00,2026-02-13 16:00:00,2026-02-13 08:00:00,2026-02-13 16:00:00,completed
576,24,2,2026-02-13 16:00:00,2026-02-13 21:00:00,2026-02-13 16:00:00,2026-02-13 21:00:00,completed
577,24,2,2026-02-14 08:00:00,2026-02-14 16:00:00,2026-02-14 08:00:00,2026-02-14 16:00:00,completed
578,24,2,2026-02-14 16:00:00,2026-02-14 21:00:00,2026-02-14 16:00:00,2026-02-14 21:00:00,completed
579,24,2,2026-02-15 08:00:00,2026-02-15 16:00:00,2026-02-15 08:00:00,2026-02-15 16:00:00,completed
580,24,2,2026-07-26 08:00:00,2026-07-26 16:00:00,2026-07-26 08:00:00,2026-07-26 16:00:00,completed
581,24,2,2026-02-15 16:30:00,2026-02-15 21:00:00,2026-02-15 16:30:00,2026-02-15 21:00:00,completed
582,24,2,2026-02-16 08:00:00,2026-02-16 16:00:00,2026-02-16 08:00:00,2026-02-16 16:00:00,completed
583,24,2,2026-02-16 16:15:00,2026-02-16 21:00:00,2026-02-16 16:15:00,2026-02-16 21:00:00,completed
584,24,2,2026-07-26 16:00:00,2026-07-26 21:00:00,2026-07-26 16:00:00,2026-07-26 21:00:00,completed
585,24,2,2026-07-07 13:00:00,2026-07-07 21:00:00,,,cancelled
586,24,2,2025-12-24 09:00:00,2025-12-24 13:00:00,,,cancelled
587,25,3,2026-02-09 09:00:00,2026-02-09 13:00:00,,,missed
588,5,3,2026-02-24 17:00:00,2026-02-24 21:00:00,2026-02-24 17:00:00,2026-02-24 21:00:00,completed
589,5,3,2026-02-25 09:00:00,2026-02-25 17:00:00,2026-02-25 09:00:00,2026-02-25 17:00:00,completed
590,25,3,2025-11-07 17:00:00,2025-11-07 21:00:00,2025-11-07 17:00:00,2025-11-07 21:00:00,completed
591,25,3,2025-11-08 09:00:00,2025-11-08 17:00:00,2025-11-08 09:00:00,2025-11-08 17:00:00,completed
592,5,3,2026-02-25 17:00:00,2026-02-25 21:00:00,2026-02-25 17:00:00,2026-02-25 21:00:00,completed
593,25,3,2026-02-26 09:00:00,2026-02-26 17:00:00,2026-02-26 09:00:00,2026-02-26 17:00:00,completed
594,25,3,2026-02-26 17:00:00,2026-02-26 21:00:00,2026-02-26 17:00:00,2026-02-26 21:00:00,completed
595,25,3,2026-02-27 09:00:00,2026-02-27 17:00:00,2026-02-27 09:00:00,2026-02-27 17:00:00,completed
596,25,3,2026-02-27 17:00:00,2026-02-27 21:00:00,2026-02-27 17:00:00,2026-02-27 21:00:00,completed
597,25,3,2026-02-28 09:00:00,2026-02-28 17:00:00,2026-02-28 09:00:00,2026-02-28 17:00:00,completed
598,25,3,2026-02-28 17:00:00,2026-02-28 21:00:00,2026-02-28 17:00:00,2026-02-28 21:00:00,completed
599,25,3,2026-03-01 09:00:00,2026-03-01 17:00:00,2026-03-01 09:00:00,2026-03-01 17:00:00,completed
600,25,3,2026-03-01 17:00:00,2026-03-01 21:00:00,2026-03-01 17:00:00,2026-03-01 21:00:00,completed
601,25,3,2026-03-02 09:00:00,2026-03-02 17:00:00,2026-03-02 09:00:00,2026-03-02 17:00:00,completed
602,25,3,2026-03-02 17:00:00,2026-03-02 21:00:00,2026-03-02 17:00:00,2026-03-02 21:00:00,completed
603,25,3,2026-03-03 09:00:00,2026-03-03 17:00:00,2026-03-03 09:00:00,2026-03-03 17:00:00,completed
604,25,3,2026-01-15 13:00:00,2026-01-15 17:00:00,,,cancelled
605,25,3,2026-03-03 17:00:00,2026-03-03 21:00:00,2026-03-03 17:00:00,2026-03-03 21:00:00,completed
606,25,3,2026-03-04 09:00:00,2026-03-04 17:00:00,2026-03-04 09:00:00,2026-03-04 17:00:00,completed
607,25,3,2026-03-04 17:00:00,2026-03-04 21:00:00,2026-03-04 17:00:00,2026-03-04 21:00:00,completed
608,25,3,2026-03-05 09:00:00,2026-03-05 17:00:00,2026-03-05 09:00:00,2026-03-05 17:00:00,completed
609,25,3,2026-03-05 17:00:00,2026-03-05 21:00:00,2026-03-05 17:00:00,2026-03-05 21:00:00,completed
610,25,3,2026-03-06 09:00:00,2026-03-06 17:00:00,2026-03-06 09:00:00,2026-03-06 17:00:00,completed
611,25,3,2026-03-06 17:00:00,2026-03-06 21:00:00,2026-03-06 17:00:00,2026-03-06 21:00:00,completed
612,25,3,2026-03-07 09:00:00,2026-03-07 17:00:00,2026-03-07 09:00:00,2026-03-07 17:00:00,completed
613,25,3,2026-03-07 17:00:00,2026-03-07 21:00:00,2026-03-07 17:00:00,2026-03-07 21:00:00,completed
614,25,3,2026-03-08 09:00:00,2026-03-08 17:00:00,2026-03-08 09:00:00,2026-03-08 17:00:00,completed
615,25,3,2026-06-22 09:00:00,2026-06-22 17:00:00,,,cancelled
616,25,3,2026-03-08 17:00:00,2026-03-08 21:00:00,2026-03-08 17:00:00,2026-03-08 21:00:00,completed
617,25,3,2026-06-14 12:00:00,2026-06-14 18:00:00,,,cancelled
618,25,3,2026-03-09 09:00:00,2026-03-09 17:00:00,2026-03-09 09:00:00,2026-03-09 17:00:00,completed
619,26,3,2026-03-09 17:00:00,2026-03-09 21:00:00,2026-03-09 17:00:00,2026-03-09 21:00:00,completed
620,26,3,2026-03-10 09:15:00,2026-03-10 17:15:00,2026-03-10 09:15:00,2026-03-10 17:15:00,completed
621,5,3,2026-03-10 17:00:00,2026-03-10 21:00:00,2026-03-10 17:00:00,2026-03-10 21:00:00,completed
622,26,3,2025-11-08 17:00:00,2025-11-08 21:00:00,2025-11-08 17:00:00,2025-11-08 21:00:00,completed
623,26,3,2026-03-11 09:00:00,2026-03-11 17:00:00,2026-03-11 09:00:00,2026-03-11 17:00:00,completed
624,26,3,2025-11-09 09:00:00,2025-11-09 17:00:00,2025-11-09 09:00:00,2025-11-09 17:00:00,completed
625,26,3,2026-03-11 17:00:00,2026-03-11 21:00:00,2026-03-11 17:00:00,2026-03-11 21:00:00,completed
626,26,3,2025-12-03 09:00:00,2025-12-03 15:00:00,,,cancelled
627,26,3,2026-03-12 09:00:00,2026-03-12 17:00:00,2026-03-12 09:00:00,2026-03-12 17:00:00,completed
628,26,3,2026-03-12 17:00:00,2026-03-12 21:00:00,2026-03-12 17:00:00,2026-03-12 21:00:00,completed
629,26,3,2026-03-13 09:15:00,2026-03-13 17:15:00,2026-03-13 09:15:00,2026-03-13 17:15:00,completed
630,5,3,2026-03-13 17:00:00,2026-03-13 21:00:00,2026-03-13 17:00:00,2026-03-13 21:00:00,completed
631,26,3,2026-03-14 09:00:00,2026-03-14 17:00:00,2026-03-14 09:00:00,2026-03-14 17:00:00,completed
632,26,3,2026-03-14 17:00:00,2026-03-14 21:00:00,2026-03-14 17:00:00,2026-03-14 21:00:00,completed
633,26,3,2026-03-15 09:00:00,2026-03-15 17:00:00,2026-03-15 09:00:00,2026-03-15 17:00:00,completed
634,26,3,2026-03-15 17:00:00,2026-03-15 21:00:00,2026-03-15 17:00:00,2026-03-15 21:00:00,completed
635,26,3,2026-07-15 11:00:00,2026-07-15 19:00:00,,,cancelled
636,26,3,2026-03-16 09:00:00,2026-03-16 17:00:00,2026-03-16 09:00:00,2026-03-16 17:00:00,completed
637,26,3,2026-03-16 17:00:00,2026-03-16 21:00:00,2026-03-16 17:00:00,2026-03-16 21:00:00,completed
638,26,3,2025-12-27 10:00:00,2025-12-27 16:00:00,,,missed
639,26,3,2026-03-17 09:15:00,2026-03-17 17:15:00,2026-03-17 09:15:00,2026-03-17 17:15:00,completed
640,5,3,2026-03-17 17:00:00,2026-03-17 21:00:00,2026-03-17 17:00:00,2026-03-17 21:00:00,completed
641,26,3,2026-03-18 09:15:00,2026-03-18 17:15:00,2026-03-18 09:15:00,2026-03-18 17:15:00,completed
642,5,3,2026-03-18 17:00:00,2026-03-18 21:00:00,2026-03-18 17:00:00,2026-03-18 21:00:00,completed
643,26,3,2026-03-19 09:00:00,2026-03-19 17:00:00,2026-03-19 09:00:00,2026-03-19 17:00:00,completed
644,26,3,2026-03-19 17:00:00,2026-03-19 21:00:00,2026-03-19 17:00:00,2026-03-19 21:00:00,completed
645,26,3,2026-03-20 09:00:00,2026-03-20 17:00:00,2026-03-20 09:00:00,2026-03-20 17:00:00,completed
646,26,3,2026-03-20 17:00:00,2026-03-20 21:00:00,2026-03-20 17:00:00,2026-03-20 21:00:00,completed
647,26,3,2026-01-09 10:00:00,2026-01-09 18:00:00,,,cancelled
648,28,3,2026-03-21 09:00:00,2026-03-21 17:00:00,2026-03-21 09:00:00,2026-03-21 17:00:00,completed
649,28,3,2026-03-21 17:00:00,2026-03-21 21:00:00,2026-03-21 17:00:00,2026-03-21 21:00:00,completed
650,28,3,2026-03-22 09:00:00,2026-03-22 17:00:00,2026-03-22 09:00:00,2026-03-22 17:00:00,completed
651,28,3,2026-03-22 17:00:00,2026-03-22 21:00:00,2026-03-22 17:00:00,2026-03-22 21:00:00,completed
652,28,3,2026-03-23 09:00:00,2026-03-23 17:00:00,2026-03-23 09:00:00,2026-03-23 17:00:00,completed
653,28,3,2026-03-23 17:00:00,2026-03-23 21:00:00,2026-03-23 17:00:00,2026-03-23 21:00:00,completed
654,28,3,2025-11-09 17:00:00,2025-11-09 21:00:00,2025-11-09 17:00:00,2025-11-09 21:00:00,completed
655,28,3,2026-03-24 09:00:00,2026-03-24 17:00:00,2026-03-24 09:00:00,2026-03-24 17:00:00,completed
656,28,3,2026-07-03 12:00:00,2026-07-03 20:00:00,,,cancelled
657,28,3,2025-12-14 09:00:00,2025-12-14 17:00:00,,,missed
658,28,3,2026-03-11 12:00:00,2026-03-11 20:00:00,,,cancelled
659,28,3,2026-03-24 17:00:00,2026-03-24 21:00:00,2026-03-24 17:00:00,2026-03-24 21:00:00,completed
660,28,3,2026-03-25 09:15:00,2026-03-25 17:15:00,2026-03-25 09:15:00,2026-03-25 17:15:00,completed
661,5,3,2026-03-25 17:00:00,2026-03-25 21:00:00,2026-03-25 17:00:00,2026-03-25 21:00:00,completed
662,28,3,2026-03-26 09:00:00,2026-03-26 17:00:00,2026-03-26 09:00:00,2026-03-26 17:00:00,completed
663,28,3,2026-03-26 17:00:00,2026-03-26 21:00:00,2026-03-26 17:00:00,2026-03-26 21:00:00,completed
664,28,3,2026-03-27 09:00:00,2026-03-27 17:00:00,2026-03-27 09:00:00,2026-03-27 17:00:00,completed
665,28,3,2026-03-27 17:00:00,2026-03-27 21:00:00,2026-03-27 17:00:00,2026-03-27 21:00:00,completed
666,28,3,2026-03-28 09:00:00,2026-03-28 17:00:00,2026-03-28 09:00:00,2026-03-28 17:00:00,completed
667,28,3,2026-03-28 17:00:00,2026-03-28 21:00:00,2026-03-28 17:00:00,2026-03-28 21:00:00,completed
668,28,3,2026-03-29 09:00:00,2026-03-29 17:00:00,2026-03-29 09:00:00,2026-03-29 17:00:00,completed
669,28,3,2026-03-29 17:00:00,2026-03-29 21:00:00,2026-03-29 17:00:00,2026-03-29 21:00:00,completed
670,28,3,2026-03-30 09:00:00,2026-03-30 17:00:00,2026-03-30 09:00:00,2026-03-30 17:00:00,completed
671,28,3,2026-03-30 17:00:00,2026-03-30 21:00:00,2026-03-30 17:00:00,2026-03-30 21:00:00,completed
672,28,3,2026-03-31 09:00:00,2026-03-31 17:00:00,2026-03-31 09:00:00,2026-03-31 17:00:00,completed
673,28,3,2026-03-31 17:00:00,2026-03-31 21:00:00,2026-03-31 17:00:00,2026-03-31 21:00:00,completed
674,28,3,2026-01-05 13:00:00,2026-01-05 17:00:00,,,cancelled
675,29,1,2026-05-19 16:00:00,2026-05-19 22:00:00,2026-05-19 16:00:00,2026-05-19 22:00:00,completed
676,29,1,2026-01-20 08:00:00,2026-01-20 16:00:00,2026-01-20 08:00:00,2026-01-20 16:00:00,completed
677,29,1,2026-01-20 16:15:00,2026-01-20 22:00:00,2026-01-20 16:15:00,2026-01-20 22:00:00,completed
678,29,1,2026-01-21 08:00:00,2026-01-21 16:00:00,2026-01-21 08:00:00,2026-01-21 16:00:00,completed
679,29,1,2026-01-21 16:15:00,2026-01-21 22:00:00,2026-01-21 16:15:00,2026-01-21 22:00:00,completed
680,67,1,2026-01-22 08:00:00,2026-01-22 16:00:00,2026-01-22 08:00:00,2026-01-22 16:00:00,completed
681,29,1,2026-05-20 08:00:00,2026-05-20 16:00:00,2026-05-20 08:00:00,2026-05-20 16:00:00,completed
682,67,1,2026-01-22 16:45:00,2026-01-22 22:00:00,2026-01-22 16:45:00,2026-01-22 22:00:00,completed
683,67,1,2026-01-23 08:00:00,2026-01-23 16:00:00,2026-01-23 08:00:00,2026-01-23 16:00:00,completed
684,67,1,2026-01-23 16:00:00,2026-01-23 22:00:00,2026-01-23 16:00:00,2026-01-23 22:00:00,completed
685,67,1,2026-01-24 08:00:00,2026-01-24 16:00:00,2026-01-24 08:00:00,2026-01-24 16:00:00,completed
686,67,1,2026-01-24 16:00:00,2026-01-24 22:00:00,2026-01-24 16:00:00,2026-01-24 22:00:00,completed
687,67,1,2026-01-25 08:00:00,2026-01-25 16:00:00,2026-01-25 08:00:00,2026-01-25 16:00:00,completed
688,67,1,2026-01-25 16:15:00,2026-01-25 22:00:00,2026-01-25 16:15:00,2026-01-25 22:00:00,completed
689,29,1,2026-01-26 08:00:00,2026-01-26 16:00:00,2026-01-26 08:00:00,2026-01-26 16:00:00,completed
690,29,1,2026-01-26 16:15:00,2026-01-26 22:00:00,2026-01-26 16:15:00,2026-01-26 22:00:00,completed
691,29,1,2026-05-20 16:15:00,2026-05-20 22:00:00,2026-05-20 16:15:00,2026-05-20 22:00:00,completed
692,29,1,2026-01-27 08:00:00,2026-01-27 16:00:00,2026-01-27 08:00:00,2026-01-27 16:00:00,completed
693,29,1,2026-01-27 16:15:00,2026-01-27 22:00:00,2026-01-27 16:15:00,2026-01-27 22:00:00,completed
694,29,1,2026-01-28 08:15:00,2026-01-28 16:15:00,2026-01-28 08:15:00,2026-01-28 16:15:00,completed
695,29,1,2026-01-28 17:15:00,2026-01-28 22:00:00,2026-01-28 17:15:00,2026-01-28 22:00:00,completed
696,29,1,2026-05-21 08:00:00,2026-05-21 16:00:00,2026-05-21 08:00:00,2026-05-21 16:00:00,completed
697,29,1,2026-01-29 08:00:00,2026-01-29 16:00:00,2026-01-29 08:00:00,2026-01-29 16:00:00,completed
698,29,1,2026-01-29 16:15:00,2026-01-29 22:00:00,2026-01-29 16:15:00,2026-01-29 22:00:00,completed
699,29,1,2026-01-30 08:00:00,2026-01-30 16:00:00,2026-01-30 08:00:00,2026-01-30 16:00:00,completed
700,29,1,2026-05-05 08:00:00,2026-05-05 16:00:00,2026-05-05 08:00:00,2026-05-05 16:00:00,completed
701,30,2,2026-02-17 08:00:00,2026-02-17 16:00:00,2026-02-17 08:00:00,2026-02-17 16:00:00,completed
702,30,2,2026-02-17 16:15:00,2026-02-17 21:00:00,2026-02-17 16:15:00,2026-02-17 21:00:00,completed
703,30,2,2026-05-03 12:00:00,2026-05-03 16:00:00,,,cancelled
704,30,2,2026-02-18 08:00:00,2026-02-18 16:00:00,2026-02-18 08:00:00,2026-02-18 16:00:00,completed
705,30,2,2026-02-18 16:45:00,2026-02-18 21:00:00,2026-02-18 16:45:00,2026-02-18 21:00:00,completed
706,30,2,2026-02-19 08:30:00,2026-02-19 16:30:00,2026-02-19 08:30:00,2026-02-19 16:30:00,completed
707,30,2,2026-02-19 16:45:00,2026-02-19 21:00:00,2026-02-19 16:45:00,2026-02-19 21:00:00,completed
708,30,2,2025-11-10 17:00:00,2025-11-10 21:00:00,2025-11-10 17:00:00,2025-11-10 21:00:00,completed
709,30,2,2026-02-20 08:00:00,2026-02-20 16:00:00,2026-02-20 08:00:00,2026-02-20 16:00:00,completed
710,30,2,2026-02-20 16:00:00,2026-02-20 21:00:00,2026-02-20 16:00:00,2026-02-20 21:00:00,completed
711,30,2,2026-02-21 08:00:00,2026-02-21 16:00:00,2026-02-21 08:00:00,2026-02-21 16:00:00,completed
712,30,2,2026-02-21 16:15:00,2026-02-21 21:00:00,2026-02-21 16:15:00,2026-02-21 21:00:00,completed
713,30,2,2026-02-22 08:00:00,2026-02-22 16:00:00,2026-02-22 08:00:00,2026-02-22 16:00:00,completed
714,30,2,2026-02-22 16:00:00,2026-02-22 21:00:00,2026-02-22 16:00:00,2026-02-22 21:00:00,completed
715,30,2,2026-02-23 08:00:00,2026-02-23 16:00:00,2026-02-23 08:00:00,2026-02-23 16:00:00,completed
716,30,2,2026-02-23 16:15:00,2026-02-23 21:00:00,2026-02-23 16:15:00,2026-02-23 21:00:00,completed
717,30,2,2026-07-27 08:15:00,2026-07-27 16:15:00,2026-07-27 08:15:00,2026-07-27 16:15:00,completed
718,30,2,2026-02-24 08:00:00,2026-02-24 16:00:00,2026-02-24 08:00:00,2026-02-24 16:00:00,completed
719,30,2,2025-11-11 08:45:00,2025-11-11 16:45:00,2025-11-11 08:45:00,2025-11-11 16:45:00,completed
720,31,3,2026-04-01 09:00:00,2026-04-01 17:00:00,2026-04-01 09:00:00,2026-04-01 17:00:00,completed
721,31,3,2025-11-10 09:00:00,2025-11-10 17:00:00,2025-11-10 09:00:00,2025-11-10 17:00:00,completed
722,31,3,2026-04-01 17:00:00,2026-04-01 21:00:00,2026-04-01 17:00:00,2026-04-01 21:00:00,completed
723,31,3,2026-04-02 09:00:00,2026-04-02 17:00:00,2026-04-02 09:00:00,2026-04-02 17:00:00,completed
724,31,3,2026-04-02 17:00:00,2026-04-02 21:00:00,2026-04-02 17:00:00,2026-04-02 21:00:00,completed
725,31,3,2025-12-03 11:00:00,2025-12-03 15:00:00,,,cancelled
726,31,3,2026-04-03 09:00:00,2026-04-03 17:00:00,2026-04-03 09:00:00,2026-04-03 17:00:00,completed
727,31,3,2026-04-03 17:00:00,2026-04-03 21:00:00,2026-04-03 17:00:00,2026-04-03 21:00:00,completed
728,31,3,2026-04-04 09:00:00,2026-04-04 17:00:00,2026-04-04 09:00:00,2026-04-04 17:00:00,completed
729,31,3,2026-04-04 17:00:00,2026-04-04 21:00:00,2026-04-04 17:00:00,2026-04-04 21:00:00,completed
730,31,3,2026-04-05 09:00:00,2026-04-05 17:00:00,2026-04-05 09:00:00,2026-04-05 17:00:00,completed
731,31,3,2026-04-05 17:00:00,2026-04-05 21:00:00,2026-04-05 17:00:00,2026-04-05 21:00:00,completed
732,31,3,2026-04-06 09:00:00,2026-04-06 17:00:00,2026-04-06 09:00:00,2026-04-06 17:00:00,completed
733,31,3,2025-11-10 17:00:00,2025-11-10 21:00:00,2025-11-10 17:00:00,2025-11-10 21:00:00,completed
734,31,3,2026-04-06 17:00:00,2026-04-06 21:00:00,2026-04-06 17:00:00,2026-04-06 21:00:00,completed
735,31,3,2026-01-19 09:00:00,2026-01-19 17:00:00,,,cancelled
736,31,3,2026-04-07 09:00:00,2026-04-07 17:00:00,2026-04-07 09:00:00,2026-04-07 17:00:00,completed
737,31,3,2026-04-07 17:00:00,2026-04-07 21:00:00,2026-04-07 17:00:00,2026-04-07 21:00:00,completed
738,31,3,2026-04-08 09:00:00,2026-04-08 17:00:00,2026-04-08 09:00:00,2026-04-08 17:00:00,completed
739,31,3,2026-04-08 17:00:00,2026-04-08 21:00:00,2026-04-08 17:00:00,2026-04-08 21:00:00,completed
740,31,3,2025-11-11 09:00:00,2025-11-11 17:00:00,2025-11-11 09:00:00,2025-11-11 17:00:00,completed
741,31,3,2025-11-21 09:00:00,2025-11-21 15:00:00,,,cancelled
742,31,3,2026-04-09 09:00:00,2026-04-09 17:00:00,2026-04-09 09:00:00,2026-04-09 17:00:00,completed
743,31,3,2026-04-09 17:00:00,2026-04-09 21:00:00,2026-04-09 17:00:00,2026-04-09 21:00:00,completed
744,32,2,2026-02-24 16:00:00,2026-02-24 21:00:00,2026-02-24 16:00:00,2026-02-24 21:00:00,completed
745,32,2,2025-11-28 11:00:00,2025-11-28 17:00:00,,,cancelled
746,32,2,2026-06-29 13:00:00,2026-06-29 21:00:00,,,cancelled
747,32,2,2025-11-11 17:00:00,2025-11-11 21:00:00,2025-11-11 17:00:00,2025-11-11 21:00:00,completed
748,32,2,2026-02-25 08:00:00,2026-02-25 16:00:00,2026-02-25 08:00:00,2026-02-25 16:00:00,completed
749,32,2,2026-02-25 16:00:00,2026-02-25 21:00:00,2026-02-25 16:00:00,2026-02-25 21:00:00,completed
750,32,2,2025-11-12 08:00:00,2025-11-12 16:00:00,2025-11-12 08:00:00,2025-11-12 16:00:00,completed
751,32,2,2026-02-26 08:00:00,2026-02-26 16:00:00,2026-02-26 08:00:00,2026-02-26 16:00:00,completed
752,32,2,2026-02-26 16:15:00,2026-02-26 21:00:00,2026-02-26 16:15:00,2026-02-26 21:00:00,completed
753,32,2,2026-02-27 08:00:00,2026-02-27 16:00:00,2026-02-27 08:00:00,2026-02-27 16:00:00,completed
754,32,2,2026-02-27 16:00:00,2026-02-27 21:00:00,2026-02-27 16:00:00,2026-02-27 21:00:00,completed
755,32,2,2026-02-08 08:00:00,2026-02-08 16:00:00,,,cancelled
756,32,2,2026-02-28 10:15:00,2026-02-28 18:15:00,2026-02-28 10:15:00,2026-02-28 18:15:00,completed
757,13,2,2026-02-28 17:00:00,2026-02-28 21:00:00,2026-02-28 17:00:00,2026-02-28 21:00:00,completed
758,32,2,2026-03-01 08:00:00,2026-03-01 16:00:00,2026-03-01 08:00:00,2026-03-01 16:00:00,completed
759,32,2,2026-03-01 16:30:00,2026-03-01 21:00:00,2026-03-01 16:30:00,2026-03-01 21:00:00,completed
760,32,2,2026-03-02 08:30:00,2026-03-02 16:30:00,2026-03-02 08:30:00,2026-03-02 16:30:00,completed
761,32,2,2026-03-02 16:45:00,2026-03-02 21:00:00,2026-03-02 16:45:00,2026-03-02 21:00:00,completed
762,32,2,2025-11-12 16:15:00,2025-11-12 21:00:00,2025-11-12 16:15:00,2025-11-12 21:00:00,completed
763,32,2,2026-03-03 08:00:00,2026-03-03 16:00:00,2026-03-03 08:00:00,2026-03-03 16:00:00,completed
764,32,2,2026-03-03 16:15:00,2026-03-03 21:00:00,2026-03-03 16:15:00,2026-03-03 21:00:00,completed
765,32,2,2025-11-13 08:15:00,2025-11-13 16:15:00,2025-11-13 08:15:00,2025-11-13 16:15:00,completed
766,32,2,2026-03-04 08:00:00,2026-03-04 16:00:00,2026-03-04 08:00:00,2026-03-04 16:00:00,completed
767,32,2,2026-03-04 16:15:00,2026-03-04 21:00:00,2026-03-04 16:15:00,2026-03-04 21:00:00,completed
768,32,2,2026-03-05 08:00:00,2026-03-05 16:00:00,2026-03-05 08:00:00,2026-03-05 16:00:00,completed
769,32,2,2026-03-05 16:00:00,2026-03-05 21:00:00,2026-03-05 16:00:00,2026-03-05 21:00:00,completed
770,32,2,2026-03-06 08:15:00,2026-03-06 16:15:00,2026-03-06 08:15:00,2026-03-06 16:15:00,completed
771,32,2,2026-03-06 16:30:00,2026-03-06 21:00:00,2026-03-06 16:30:00,2026-03-06 21:00:00,completed
772,32,2,2026-03-07 09:30:00,2026-03-07 17:30:00,2026-03-07 09:30:00,2026-03-07 17:30:00,completed
773,13,2,2026-03-07 17:00:00,2026-03-07 21:00:00,2026-03-07 17:00:00,2026-03-07 21:00:00,completed
774,33,1,2026-01-30 16:00:00,2026-01-30 22:00:00,2026-01-30 16:00:00,2026-01-30 22:00:00,completed
775,33,1,2026-01-31 08:00:00,2026-01-31 16:00:00,2026-01-31 08:00:00,2026-01-31 16:00:00,completed
776,33,1,2026-01-31 16:15:00,2026-01-31 22:00:00,2026-01-31 16:15:00,2026-01-31 22:00:00,completed
777,33,1,2026-02-01 08:00:00,2026-02-01 16:00:00,2026-02-01 08:00:00,2026-02-01 16:00:00,completed
778,33,1,2026-02-01 17:45:00,2026-02-01 22:00:00,2026-02-01 17:45:00,2026-02-01 22:00:00,completed
779,33,1,2026-02-02 08:00:00,2026-02-02 16:00:00,2026-02-02 08:00:00,2026-02-02 16:00:00,completed
780,33,1,2026-05-21 17:00:00,2026-05-21 22:00:00,2026-05-21 17:00:00,2026-05-21 22:00:00,completed
781,33,1,2025-11-09 16:00:00,2025-11-09 22:00:00,2025-11-09 16:00:00,2025-11-09 22:00:00,completed
782,33,1,2025-11-10 08:45:00,2025-11-10 16:45:00,2025-11-10 08:45:00,2025-11-10 16:45:00,completed
783,33,1,2026-02-02 16:00:00,2026-02-02 22:00:00,2026-02-02 16:00:00,2026-02-02 22:00:00,completed
784,33,1,2025-11-10 17:30:00,2025-11-10 22:00:00,2025-11-10 17:30:00,2025-11-10 22:00:00,completed
785,33,1,2026-02-03 08:00:00,2026-02-03 16:00:00,2026-02-03 08:00:00,2026-02-03 16:00:00,completed
786,33,1,2026-02-03 16:15:00,2026-02-03 22:00:00,2026-02-03 16:15:00,2026-02-03 22:00:00,completed
787,33,1,2026-02-04 08:00:00,2026-02-04 16:00:00,2026-02-04 08:00:00,2026-02-04 16:00:00,completed
788,33,1,2026-05-22 08:00:00,2026-05-22 16:00:00,2026-05-22 08:00:00,2026-05-22 16:00:00,completed
789,33,1,2026-02-04 16:00:00,2026-02-04 22:00:00,2026-02-04 16:00:00,2026-02-04 22:00:00,completed
790,33,1,2026-02-05 08:00:00,2026-02-05 16:00:00,2026-02-05 08:00:00,2026-02-05 16:00:00,completed
791,33,1,2026-05-22 16:45:00,2026-05-22 22:00:00,2026-05-22 16:45:00,2026-05-22 22:00:00,completed
792,33,1,2026-02-05 16:00:00,2026-02-05 22:00:00,2026-02-05 16:00:00,2026-02-05 22:00:00,completed
793,33,1,2026-02-06 08:00:00,2026-02-06 16:00:00,2026-02-06 08:00:00,2026-02-06 16:00:00,completed
794,33,1,2026-02-06 16:00:00,2026-02-06 22:00:00,2026-02-06 16:00:00,2026-02-06 22:00:00,completed
795,33,1,2026-02-07 08:00:00,2026-02-07 16:00:00,2026-02-07 08:00:00,2026-02-07 16:00:00,completed
796,33,1,2026-05-23 09:15:00,2026-05-23 17:15:00,2026-05-23 09:15:00,2026-05-23 17:15:00,completed
797,33,1,2026-05-23 17:45:00,2026-05-23 22:00:00,2026-05-23 17:45:00,2026-05-23 22:00:00,completed
798,34,3,2026-04-10 09:00:00,2026-04-10 17:00:00,2026-04-10 09:00:00,2026-04-10 17:00:00,completed
799,34,3,2026-04-10 17:00:00,2026-04-10 21:00:00,2026-04-10 17:00:00,2026-04-10 21:00:00,completed
800,34,3,2026-05-05 11:00:00,2026-05-05 17:00:00,,,cancelled
801,34,3,2025-11-26 13:00:00,2025-11-26 21:00:00,,,missed
802,34,3,2026-04-11 09:00:00,2026-04-11 17:00:00,2026-04-11 09:00:00,2026-04-11 17:00:00,completed
803,34,3,2026-04-11 17:00:00,2026-04-11 21:00:00,2026-04-11 17:00:00,2026-04-11 21:00:00,completed
804,34,3,2025-11-11 17:00:00,2025-11-11 21:00:00,2025-11-11 17:00:00,2025-11-11 21:00:00,completed
805,34,3,2025-12-02 11:00:00,2025-12-02 17:00:00,,,cancelled
806,34,3,2026-04-12 09:00:00,2026-04-12 17:00:00,2026-04-12 09:00:00,2026-04-12 17:00:00,completed
807,34,3,2026-04-12 17:00:00,2026-04-12 21:00:00,2026-04-12 17:00:00,2026-04-12 21:00:00,completed
808,34,3,2026-04-13 09:00:00,2026-04-13 17:00:00,2026-04-13 09:00:00,2026-04-13 17:00:00,completed
809,34,3,2026-04-13 17:00:00,2026-04-13 21:00:00,2026-04-13 17:00:00,2026-04-13 21:00:00,completed
810,34,3,2026-02-02 09:00:00,2026-02-02 15:00:00,,,missed
811,34,3,2026-05-24 12:00:00,2026-05-24 18:00:00,,,missed
812,34,3,2026-04-14 09:00:00,2026-04-14 17:00:00,2026-04-14 09:00:00,2026-04-14 17:00:00,completed
813,34,3,2026-04-14 17:00:00,2026-04-14 21:00:00,2026-04-14 17:00:00,2026-04-14 21:00:00,completed
814,34,3,2025-11-12 09:00:00,2025-11-12 17:00:00,2025-11-12 09:00:00,2025-11-12 17:00:00,completed
815,34,3,2026-04-15 09:00:00,2026-04-15 17:00:00,2026-04-15 09:00:00,2026-04-15 17:00:00,completed
816,34,3,2026-04-15 17:00:00,2026-04-15 21:00:00,2026-04-15 17:00:00,2026-04-15 21:00:00,completed
817,34,3,2026-04-16 09:00:00,2026-04-16 17:00:00,2026-04-16 09:00:00,2026-04-16 17:00:00,completed
818,34,3,2026-04-16 17:00:00,2026-04-16 21:00:00,2026-04-16 17:00:00,2026-04-16 21:00:00,completed
819,34,3,2026-04-17 09:00:00,2026-04-17 17:00:00,2026-04-17 09:00:00,2026-04-17 17:00:00,completed
820,34,3,2026-04-17 17:00:00,2026-04-17 21:00:00,2026-04-17 17:00:00,2026-04-17 21:00:00,completed
821,34,3,2026-03-18 10:00:00,2026-03-18 16:00:00,,,cancelled
822,35,3,2025-11-12 17:00:00,2025-11-12 21:00:00,2025-11-12 17:00:00,2025-11-12 21:00:00,completed
823,35,3,2026-04-18 09:00:00,2026-04-18 17:00:00,2026-04-18 09:00:00,2026-04-18 17:00:00,completed
824,35,3,2026-04-18 17:00:00,2026-04-18 21:00:00,2026-04-18 17:00:00,2026-04-18 21:00:00,completed
825,35,3,2026-04-19 09:00:00,2026-04-19 17:00:00,2026-04-19 09:00:00,2026-04-19 17:00:00,completed
826,35,3,2026-04-19 17:00:00,2026-04-19 21:00:00,2026-04-19 17:00:00,2026-04-19 21:00:00,completed
827,35,3,2026-04-20 09:00:00,2026-04-20 17:00:00,2026-04-20 09:00:00,2026-04-20 17:00:00,completed
828,35,3,2025-11-13 09:00:00,2025-11-13 17:00:00,2025-11-13 09:00:00,2025-11-13 17:00:00,completed
829,35,3,2026-04-20 17:00:00,2026-04-20 21:00:00,2026-04-20 17:00:00,2026-04-20 21:00:00,completed
830,35,3,2026-04-21 09:00:00,2026-04-21 17:00:00,2026-04-21 09:00:00,2026-04-21 17:00:00,completed
831,35,3,2026-04-21 17:00:00,2026-04-21 21:00:00,2026-04-21 17:00:00,2026-04-21 21:00:00,completed
832,35,3,2025-11-13 17:00:00,2025-11-13 21:00:00,2025-11-13 17:00:00,2025-11-13 21:00:00,completed
833,35,3,2026-04-22 09:00:00,2026-04-22 17:00:00,2026-04-22 09:00:00,2026-04-22 17:00:00,completed
834,35,3,2026-04-22 17:00:00,2026-04-22 21:00:00,2026-04-22 17:00:00,2026-04-22 21:00:00,completed
835,35,3,2026-01-30 14:00:00,2026-01-30 18:00:00,,,cancelled
836,35,3,2026-04-23 09:00:00,2026-04-23 17:00:00,2026-04-23 09:00:00,2026-04-23 17:00:00,completed
837,35,3,2026-04-23 17:00:00,2026-04-23 21:00:00,2026-04-23 17:00:00,2026-04-23 21:00:00,completed
838,35,3,2026-04-24 09:00:00,2026-04-24 17:00:00,2026-04-24 09:00:00,2026-04-24 17:00:00,completed
839,35,3,2026-04-24 17:00:00,2026-04-24 21:00:00,2026-04-24 17:00:00,2026-04-24 21:00:00,completed
840,35,3,2026-04-25 09:00:00,2026-04-25 17:00:00,2026-04-25 09:00:00,2026-04-25 17:00:00,completed
841,35,3,2026-04-25 17:00:00,2026-04-25 21:00:00,2026-04-25 17:00:00,2026-04-25 21:00:00,completed
842,35,3,2026-04-26 09:15:00,2026-04-26 17:15:00,2026-04-26 09:15:00,2026-04-26 17:15:00,completed
843,5,3,2026-04-26 17:00:00,2026-04-26 21:00:00,2026-04-26 17:00:00,2026-04-26 21:00:00,completed
844,35,3,2026-04-27 09:00:00,2026-04-27 17:00:00,2026-04-27 09:00:00,2026-04-27 17:00:00,completed
845,36,3,2026-04-27 17:00:00,2026-04-27 21:00:00,2026-04-27 17:00:00,2026-04-27 21:00:00,completed
846,36,3,2026-04-28 09:00:00,2026-04-28 17:00:00,2026-04-28 09:00:00,2026-04-28 17:00:00,completed
847,36,3,2026-04-28 17:00:00,2026-04-28 21:00:00,2026-04-28 17:00:00,2026-04-28 21:00:00,completed
848,36,3,2025-11-14 09:00:00,2025-11-14 17:00:00,2025-11-14 09:00:00,2025-11-14 17:00:00,completed
849,36,3,2026-04-29 09:00:00,2026-04-29 17:00:00,2026-04-29 09:00:00,2026-04-29 17:00:00,completed
850,36,3,2026-04-29 17:00:00,2026-04-29 21:00:00,2026-04-29 17:00:00,2026-04-29 21:00:00,completed
851,36,3,2026-05-15 13:00:00,2026-05-15 19:00:00,,,cancelled
852,36,3,2026-04-30 09:00:00,2026-04-30 17:00:00,2026-04-30 09:00:00,2026-04-30 17:00:00,completed
853,36,3,2026-04-30 17:00:00,2026-04-30 21:00:00,2026-04-30 17:00:00,2026-04-30 21:00:00,completed
854,36,3,2025-11-14 17:00:00,2025-11-14 21:00:00,2025-11-14 17:00:00,2025-11-14 21:00:00,completed
855,36,3,2026-05-01 09:00:00,2026-05-01 17:00:00,2026-05-01 09:00:00,2026-05-01 17:00:00,completed
856,36,3,2026-05-01 17:00:00,2026-05-01 21:00:00,2026-05-01 17:00:00,2026-05-01 21:00:00,completed
857,36,3,2026-05-02 09:00:00,2026-05-02 17:00:00,2026-05-02 09:00:00,2026-05-02 17:00:00,completed
858,36,3,2025-12-17 13:00:00,2025-12-17 21:00:00,,,cancelled
859,36,3,2026-05-02 17:00:00,2026-05-02 21:00:00,2026-05-02 17:00:00,2026-05-02 21:00:00,completed
860,36,3,2026-05-03 09:00:00,2026-05-03 17:00:00,2026-05-03 09:00:00,2026-05-03 17:00:00,completed
861,36,3,2026-05-03 17:00:00,2026-05-03 21:00:00,2026-05-03 17:00:00,2026-05-03 21:00:00,completed
862,36,3,2026-05-04 09:00:00,2026-05-04 17:00:00,2026-05-04 09:00:00,2026-05-04 17:00:00,completed
863,36,3,2026-05-04 17:00:00,2026-05-04 21:00:00,2026-05-04 17:00:00,2026-05-04 21:00:00,completed
864,36,3,2026-05-05 09:00:00,2026-05-05 17:00:00,2026-05-05 09:00:00,2026-05-05 17:00:00,completed
865,37,2,2026-02-27 12:00:00,2026-02-27 16:00:00,,,cancelled
866,37,2,2026-03-08 08:45:00,2026-03-08 16:45:00,2026-03-08 08:45:00,2026-03-08 16:45:00,completed
867,37,2,2026-03-08 17:00:00,2026-03-08 21:00:00,2026-03-08 17:00:00,2026-03-08 21:00:00,completed
868,37,2,2026-02-23 09:00:00,2026-02-23 13:00:00,,,cancelled
869,37,2,2026-03-09 08:30:00,2026-03-09 16:30:00,2026-03-09 08:30:00,2026-03-09 16:30:00,completed
870,37,2,2026-07-27 16:30:00,2026-07-27 21:00:00,2026-07-27 16:30:00,2026-07-27 21:00:00,completed
871,37,2,2026-03-09 17:00:00,2026-03-09 21:00:00,2026-03-09 17:00:00,2026-03-09 21:00:00,completed
872,37,2,2026-03-10 08:00:00,2026-03-10 16:00:00,2026-03-10 08:00:00,2026-03-10 16:00:00,completed
873,37,2,2026-03-10 16:15:00,2026-03-10 21:00:00,2026-03-10 16:15:00,2026-03-10 21:00:00,completed
874,37,2,2026-03-11 08:00:00,2026-03-11 16:00:00,2026-03-11 08:00:00,2026-03-11 16:00:00,completed
875,37,2,2026-03-11 16:00:00,2026-03-11 21:00:00,2026-03-11 16:00:00,2026-03-11 21:00:00,completed
876,37,2,2026-03-12 08:00:00,2026-03-12 16:00:00,2026-03-12 08:00:00,2026-03-12 16:00:00,completed
877,37,2,2026-03-12 16:00:00,2026-03-12 21:00:00,2026-03-12 16:00:00,2026-03-12 21:00:00,completed
878,37,2,2026-03-13 08:00:00,2026-03-13 16:00:00,2026-03-13 08:00:00,2026-03-13 16:00:00,completed
879,37,2,2026-03-13 16:30:00,2026-03-13 21:00:00,2026-03-13 16:30:00,2026-03-13 21:00:00,completed
880,37,2,2025-11-13 16:30:00,2025-11-13 21:00:00,2025-11-13 16:30:00,2025-11-13 21:00:00,completed
881,37,2,2026-03-14 08:15:00,2026-03-14 16:15:00,2026-03-14 08:15:00,2026-03-14 16:15:00,completed
882,37,2,2026-07-28 08:15:00,2026-07-28 16:15:00,2026-07-28 08:15:00,2026-07-28 16:15:00,completed
883,37,2,2026-06-04 13:00:00,2026-06-04 21:00:00,,,cancelled
884,37,2,2026-03-14 16:15:00,2026-03-14 21:00:00,2026-03-14 16:15:00,2026-03-14 21:00:00,completed
885,37,2,2026-03-15 08:15:00,2026-03-15 16:15:00,2026-03-15 08:15:00,2026-03-15 16:15:00,completed
886,37,2,2026-03-15 17:00:00,2026-03-15 21:00:00,2026-03-15 17:00:00,2026-03-15 21:00:00,completed
887,37,2,2026-03-16 08:15:00,2026-03-16 16:15:00,2026-03-16 08:15:00,2026-03-16 16:15:00,completed
888,37,2,2026-03-16 16:45:00,2026-03-16 21:00:00,2026-03-16 16:45:00,2026-03-16 21:00:00,completed
889,37,2,2026-03-17 08:00:00,2026-03-17 16:00:00,2026-03-17 08:00:00,2026-03-17 16:00:00,completed
890,37,2,2026-03-17 16:00:00,2026-03-17 21:00:00,2026-03-17 16:00:00,2026-03-17 21:00:00,completed
891,37,2,2026-05-22 08:00:00,2026-05-22 14:00:00,,,cancelled
892,37,2,2026-03-18 08:15:00,2026-03-18 16:15:00,2026-03-18 08:15:00,2026-03-18 16:15:00,completed
893,37,2,2026-07-31 08:00:00,2026-07-31 16:00:00,,,cancelled
894,37,2,2025-11-14 08:45:00,2025-11-14 16:45:00,2025-11-14 08:45:00,2025-11-14 16:45:00,completed
895,37,2,2026-03-18 16:30:00,2026-03-18 21:00:00,2026-03-18 16:30:00,2026-03-18 21:00:00,completed
896,38,2,2026-03-19 08:00:00,2026-03-19 16:00:00,2026-03-19 08:00:00,2026-03-19 16:00:00,completed
897,38,2,2025-11-14 16:45:00,2025-11-14 21:00:00,2025-11-14 16:45:00,2025-11-14 21:00:00,completed
898,38,2,2026-03-19 17:00:00,2026-03-19 21:00:00,2026-03-19 17:00:00,2026-03-19 21:00:00,completed
899,38,2,2025-11-15 08:00:00,2025-11-15 16:00:00,2025-11-15 08:00:00,2025-11-15 16:00:00,completed
900,38,2,2026-03-20 08:00:00,2026-03-20 16:00:00,2026-03-20 08:00:00,2026-03-20 16:00:00,completed
901,38,2,2026-03-20 16:15:00,2026-03-20 21:00:00,2026-03-20 16:15:00,2026-03-20 21:00:00,completed
902,38,2,2026-03-21 09:00:00,2026-03-21 17:00:00,2026-03-21 09:00:00,2026-03-21 17:00:00,completed
903,38,2,2026-05-15 13:00:00,2026-05-15 17:00:00,,,cancelled
904,38,2,2026-03-21 17:00:00,2026-03-21 21:00:00,2026-03-21 17:00:00,2026-03-21 21:00:00,completed
905,38,2,2026-03-22 08:00:00,2026-03-22 16:00:00,2026-03-22 08:00:00,2026-03-22 16:00:00,completed
906,38,2,2026-03-22 16:00:00,2026-03-22 21:00:00,2026-03-22 16:00:00,2026-03-22 21:00:00,completed
907,38,2,2026-03-23 08:00:00,2026-03-23 16:00:00,2026-03-23 08:00:00,2026-03-23 16:00:00,completed
908,38,2,2026-03-23 16:30:00,2026-03-23 21:00:00,2026-03-23 16:30:00,2026-03-23 21:00:00,completed
909,38,2,2026-03-24 08:00:00,2026-03-24 16:00:00,2026-03-24 08:00:00,2026-03-24 16:00:00,completed
910,38,2,2026-03-24 16:00:00,2026-03-24 21:00:00,2026-03-24 16:00:00,2026-03-24 21:00:00,completed
911,38,2,2026-07-28 16:15:00,2026-07-28 21:00:00,2026-07-28 16:15:00,2026-07-28 21:00:00,completed
912,38,2,2026-03-25 08:00:00,2026-03-25 16:00:00,2026-03-25 08:00:00,2026-03-25 16:00:00,completed
913,38,2,2026-07-29 09:30:00,2026-07-29 17:30:00,2026-07-29 09:30:00,2026-07-29 17:30:00,completed
914,38,2,2026-03-25 16:00:00,2026-03-25 21:00:00,2026-03-25 16:00:00,2026-03-25 21:00:00,completed
915,38,2,2026-03-26 08:00:00,2026-03-26 16:00:00,2026-03-26 08:00:00,2026-03-26 16:00:00,completed
916,39,2,2026-03-26 16:45:00,2026-03-26 21:00:00,2026-03-26 16:45:00,2026-03-26 21:00:00,completed
917,39,2,2026-03-27 08:15:00,2026-03-27 16:15:00,2026-03-27 08:15:00,2026-03-27 16:15:00,completed
918,39,2,2026-03-27 16:15:00,2026-03-27 21:00:00,2026-03-27 16:15:00,2026-03-27 21:00:00,completed
919,39,2,2026-03-28 08:00:00,2026-03-28 16:00:00,2026-03-28 08:00:00,2026-03-28 16:00:00,completed
920,39,2,2026-03-28 16:00:00,2026-03-28 21:00:00,2026-03-28 16:00:00,2026-03-28 21:00:00,completed
921,39,2,2026-03-29 08:00:00,2026-03-29 16:00:00,2026-03-29 08:00:00,2026-03-29 16:00:00,completed
922,39,2,2026-03-29 17:00:00,2026-03-29 21:00:00,2026-03-29 17:00:00,2026-03-29 21:00:00,completed
923,39,2,2026-03-30 08:00:00,2026-03-30 16:00:00,2026-03-30 08:00:00,2026-03-30 16:00:00,completed
924,39,2,2026-03-30 16:30:00,2026-03-30 21:00:00,2026-03-30 16:30:00,2026-03-30 21:00:00,completed
925,39,2,2026-07-29 17:00:00,2026-07-29 21:00:00,2026-07-29 17:00:00,2026-07-29 21:00:00,completed
926,39,2,2026-03-31 08:00:00,2026-03-31 16:00:00,2026-03-31 08:00:00,2026-03-31 16:00:00,completed
927,39,2,2025-12-28 08:00:00,2025-12-28 16:00:00,,,cancelled
928,39,2,2026-03-31 17:00:00,2026-03-31 21:00:00,2026-03-31 17:00:00,2026-03-31 21:00:00,completed
929,39,2,2026-02-03 11:00:00,2026-02-03 17:00:00,,,cancelled
930,39,2,2026-01-16 10:00:00,2026-01-16 14:00:00,,,cancelled
931,39,2,2025-12-09 12:00:00,2025-12-09 18:00:00,,,cancelled
932,39,2,2026-04-01 08:30:00,2026-04-01 16:30:00,2026-04-01 08:30:00,2026-04-01 16:30:00,completed
933,39,2,2025-11-15 16:00:00,2025-11-15 21:00:00,2025-11-15 16:00:00,2025-11-15 21:00:00,completed
934,39,2,2026-04-01 16:45:00,2026-04-01 21:00:00,2026-04-01 16:45:00,2026-04-01 21:00:00,completed
935,39,2,2026-04-02 08:00:00,2026-04-02 16:00:00,2026-04-02 08:00:00,2026-04-02 16:00:00,completed
936,39,2,2026-07-30 08:00:00,2026-07-30 16:00:00,2026-07-30 08:00:00,2026-07-30 16:00:00,completed
937,39,2,2026-04-02 16:00:00,2026-04-02 21:00:00,2026-04-02 16:00:00,2026-04-02 21:00:00,completed
938,39,2,2026-04-03 08:15:00,2026-04-03 16:15:00,2026-04-03 08:15:00,2026-04-03 16:15:00,completed
939,39,2,2026-04-03 16:15:00,2026-04-03 21:00:00,2026-04-03 16:15:00,2026-04-03 21:00:00,completed
940,39,2,2026-04-04 08:15:00,2026-04-04 16:15:00,2026-04-04 08:15:00,2026-04-04 16:15:00,completed
941,40,2,2025-11-16 08:00:00,2025-11-16 16:00:00,2025-11-16 08:00:00,2025-11-16 16:00:00,completed
942,40,2,2025-11-16 16:00:00,2025-11-16 21:00:00,2025-11-16 16:00:00,2025-11-16 21:00:00,completed
943,40,2,2026-04-04 16:15:00,2026-04-04 21:00:00,2026-04-04 16:15:00,2026-04-04 21:00:00,completed
944,40,2,2025-12-07 13:00:00,2025-12-07 17:00:00,,,cancelled
945,40,2,2026-07-30 16:00:00,2026-07-30 21:00:00,2026-07-30 16:00:00,2026-07-30 21:00:00,completed
946,40,2,2026-04-05 08:00:00,2026-04-05 16:00:00,2026-04-05 08:00:00,2026-04-05 16:00:00,completed
947,40,2,2026-04-05 16:30:00,2026-04-05 21:00:00,2026-04-05 16:30:00,2026-04-05 21:00:00,completed
948,40,2,2026-04-06 09:00:00,2026-04-06 17:00:00,2026-04-06 09:00:00,2026-04-06 17:00:00,completed
949,40,2,2026-04-06 17:00:00,2026-04-06 21:00:00,2026-04-06 17:00:00,2026-04-06 21:00:00,completed
950,40,2,2026-04-07 08:15:00,2026-04-07 16:15:00,2026-04-07 08:15:00,2026-04-07 16:15:00,completed
951,40,2,2026-04-07 16:15:00,2026-04-07 21:00:00,2026-04-07 16:15:00,2026-04-07 21:00:00,completed
952,40,2,2026-04-08 08:15:00,2026-04-08 16:15:00,2026-04-08 08:15:00,2026-04-08 16:15:00,completed
953,40,2,2026-04-08 16:30:00,2026-04-08 21:00:00,2026-04-08 16:30:00,2026-04-08 21:00:00,completed
954,40,2,2026-04-09 08:00:00,2026-04-09 16:00:00,2026-04-09 08:00:00,2026-04-09 16:00:00,completed
955,40,2,2026-04-09 16:00:00,2026-04-09 21:00:00,2026-04-09 16:00:00,2026-04-09 21:00:00,completed
956,40,2,2026-05-28 08:00:00,2026-05-28 12:00:00,,,cancelled
957,40,2,2026-06-01 13:00:00,2026-06-01 21:00:00,,,cancelled
958,40,2,2026-04-10 08:00:00,2026-04-10 16:00:00,2026-04-10 08:00:00,2026-04-10 16:00:00,completed
959,40,2,2026-04-10 16:00:00,2026-04-10 21:00:00,2026-04-10 16:00:00,2026-04-10 21:00:00,completed
960,40,2,2026-04-11 08:00:00,2026-04-11 16:00:00,2026-04-11 08:00:00,2026-04-11 16:00:00,completed
961,40,2,2026-04-11 16:15:00,2026-04-11 21:00:00,2026-04-11 16:15:00,2026-04-11 21:00:00,completed
962,40,2,2026-04-12 08:15:00,2026-04-12 16:15:00,2026-04-12 08:15:00,2026-04-12 16:15:00,completed
963,40,2,2026-04-12 16:30:00,2026-04-12 21:00:00,2026-04-12 16:30:00,2026-04-12 21:00:00,completed
964,40,2,2025-11-25 14:00:00,2025-11-25 20:00:00,,,cancelled
965,40,2,2025-11-17 08:15:00,2025-11-17 16:15:00,2025-11-17 08:15:00,2025-11-17 16:15:00,completed
966,40,2,2026-04-13 08:45:00,2026-04-13 16:45:00,2026-04-13 08:45:00,2026-04-13 16:45:00,completed
967,40,2,2026-04-13 16:45:00,2026-04-13 21:00:00,2026-04-13 16:45:00,2026-04-13 21:00:00,completed
968,40,2,2025-12-14 13:00:00,2025-12-14 19:00:00,,,cancelled
969,40,2,2026-04-14 08:15:00,2026-04-14 16:15:00,2026-04-14 08:15:00,2026-04-14 16:15:00,completed
970,40,2,2026-05-30 13:00:00,2026-05-30 17:00:00,,,cancelled
971,41,1,2026-02-07 16:00:00,2026-02-07 22:00:00,2026-02-07 16:00:00,2026-02-07 22:00:00,completed
972,41,1,2026-02-08 08:00:00,2026-02-08 16:00:00,2026-02-08 08:00:00,2026-02-08 16:00:00,completed
973,41,1,2025-11-11 09:00:00,2025-11-11 17:00:00,2025-11-11 09:00:00,2025-11-11 17:00:00,completed
974,41,1,2026-02-08 16:15:00,2026-02-08 22:00:00,2026-02-08 16:15:00,2026-02-08 22:00:00,completed
975,41,1,2026-02-09 08:00:00,2026-02-09 16:00:00,2026-02-09 08:00:00,2026-02-09 16:00:00,completed
976,41,1,2026-02-09 17:00:00,2026-02-09 22:00:00,2026-02-09 17:00:00,2026-02-09 22:00:00,completed
977,41,1,2026-05-24 08:30:00,2026-05-24 16:30:00,2026-05-24 08:30:00,2026-05-24 16:30:00,completed
978,41,1,2025-11-11 17:00:00,2025-11-11 22:00:00,2025-11-11 17:00:00,2025-11-11 22:00:00,completed
979,41,1,2026-02-10 08:15:00,2026-02-10 16:15:00,2026-02-10 08:15:00,2026-02-10 16:15:00,completed
980,41,1,2026-02-10 16:15:00,2026-02-10 22:00:00,2026-02-10 16:15:00,2026-02-10 22:00:00,completed
981,41,1,2026-02-11 08:00:00,2026-02-11 16:00:00,2026-02-11 08:00:00,2026-02-11 16:00:00,completed
982,41,1,2026-05-24 16:45:00,2026-05-24 22:00:00,2026-05-24 16:45:00,2026-05-24 22:00:00,completed
983,41,1,2026-02-11 16:00:00,2026-02-11 22:00:00,2026-02-11 16:00:00,2026-02-11 22:00:00,completed
984,41,1,2026-02-12 08:15:00,2026-02-12 16:15:00,2026-02-12 08:15:00,2026-02-12 16:15:00,completed
985,41,1,2026-02-12 16:45:00,2026-02-12 22:00:00,2026-02-12 16:45:00,2026-02-12 22:00:00,completed
986,41,1,2026-02-13 08:15:00,2026-02-13 16:15:00,2026-02-13 08:15:00,2026-02-13 16:15:00,completed
987,41,1,2026-02-13 16:30:00,2026-02-13 22:00:00,2026-02-13 16:30:00,2026-02-13 22:00:00,completed
988,41,1,2026-02-14 08:00:00,2026-02-14 16:00:00,2026-02-14 08:00:00,2026-02-14 16:00:00,completed
989,41,1,2026-02-14 16:45:00,2026-02-14 22:00:00,2026-02-14 16:45:00,2026-02-14 22:00:00,completed
990,41,1,2025-11-12 08:15:00,2025-11-12 16:15:00,2025-11-12 08:15:00,2025-11-12 16:15:00,completed
991,41,1,2026-02-15 08:30:00,2026-02-15 16:30:00,2026-02-15 08:30:00,2026-02-15 16:30:00,completed
992,41,1,2025-11-12 16:30:00,2025-11-12 22:00:00,2025-11-12 16:30:00,2025-11-12 22:00:00,completed
993,41,1,2026-02-15 16:30:00,2026-02-15 22:00:00,2026-02-15 16:30:00,2026-02-15 22:00:00,completed
994,41,1,2025-11-13 08:15:00,2025-11-13 16:15:00,2025-11-13 08:15:00,2025-11-13 16:15:00,completed
995,41,1,2026-02-16 08:15:00,2026-02-16 16:15:00,2026-02-16 08:15:00,2026-02-16 16:15:00,completed
996,41,1,2026-02-16 16:45:00,2026-02-16 22:00:00,2026-02-16 16:45:00,2026-02-16 22:00:00,completed
997,41,1,2026-02-17 08:00:00,2026-02-17 16:00:00,2026-02-17 08:00:00,2026-02-17 16:00:00,completed
998,41,1,2026-02-17 16:00:00,2026-02-17 22:00:00,2026-02-17 16:00:00,2026-02-17 22:00:00,completed
999,41,1,2026-02-18 08:15:00,2026-02-18 16:15:00,2026-02-18 08:15:00,2026-02-18 16:15:00,completed
1000,41,1,2026-02-18 16:30:00,2026-02-18 22:00:00,2026-02-18 16:30:00,2026-02-18 22:00:00,completed
1001,41,1,2026-02-19 08:00:00,2026-02-19 16:00:00,2026-02-19 08:00:00,2026-02-19 16:00:00,completed
1002,43,1,2026-05-05 16:15:00,2026-05-05 22:00:00,2026-05-05 16:15:00,2026-05-05 22:00:00,completed
1003,67,1,2026-02-19 17:00:00,2026-02-19 22:00:00,2026-02-19 17:00:00,2026-02-19 22:00:00,completed
1004,67,1,2026-02-20 08:30:00,2026-02-20 16:30:00,2026-02-20 08:30:00,2026-02-20 16:30:00,completed
1005,67,1,2026-02-20 16:45:00,2026-02-20 22:00:00,2026-02-20 16:45:00,2026-02-20 22:00:00,completed
1006,67,1,2026-02-21 08:15:00,2026-02-21 16:15:00,2026-02-21 08:15:00,2026-02-21 16:15:00,completed
1007,67,1,2026-02-21 16:15:00,2026-02-21 22:00:00,2026-02-21 16:15:00,2026-02-21 22:00:00,completed
1008,67,1,2026-02-22 08:00:00,2026-02-22 16:00:00,2026-02-22 08:00:00,2026-02-22 16:00:00,completed
1009,67,1,2026-02-22 16:15:00,2026-02-22 22:00:00,2026-02-22 16:15:00,2026-02-22 22:00:00,completed
1010,43,1,2026-05-06 08:00:00,2026-05-06 16:00:00,2026-05-06 08:00:00,2026-05-06 16:00:00,completed
1011,67,1,2026-02-23 08:00:00,2026-02-23 16:00:00,2026-02-23 08:00:00,2026-02-23 16:00:00,completed
1012,67,1,2026-02-23 16:00:00,2026-02-23 22:00:00,2026-02-23 16:00:00,2026-02-23 22:00:00,completed
1013,67,1,2026-02-24 08:00:00,2026-02-24 16:00:00,2026-02-24 08:00:00,2026-02-24 16:00:00,completed
1014,67,1,2026-02-24 16:00:00,2026-02-24 22:00:00,2026-02-24 16:00:00,2026-02-24 22:00:00,completed
1015,43,1,2026-02-25 08:45:00,2026-02-25 16:45:00,2026-02-25 08:45:00,2026-02-25 16:45:00,completed
1016,43,1,2026-02-25 17:00:00,2026-02-25 22:00:00,2026-02-25 17:00:00,2026-02-25 22:00:00,completed
1017,43,1,2026-02-26 08:15:00,2026-02-26 16:15:00,2026-02-26 08:15:00,2026-02-26 16:15:00,completed
1018,43,1,2026-02-26 16:15:00,2026-02-26 22:00:00,2026-02-26 16:15:00,2026-02-26 22:00:00,completed
1019,43,1,2026-02-27 08:00:00,2026-02-27 16:00:00,2026-02-27 08:00:00,2026-02-27 16:00:00,completed
1020,44,3,2026-05-05 17:00:00,2026-05-05 21:00:00,2026-05-05 17:00:00,2026-05-05 21:00:00,completed
1021,44,3,2026-05-06 09:00:00,2026-05-06 17:00:00,2026-05-06 09:00:00,2026-05-06 17:00:00,completed
1022,44,3,2026-05-06 17:00:00,2026-05-06 21:00:00,2026-05-06 17:00:00,2026-05-06 21:00:00,completed
1023,44,3,2026-05-07 09:00:00,2026-05-07 17:00:00,2026-05-07 09:00:00,2026-05-07 17:00:00,completed
1024,44,3,2026-05-07 17:00:00,2026-05-07 21:00:00,2026-05-07 17:00:00,2026-05-07 21:00:00,completed
1025,44,3,2026-05-08 09:00:00,2026-05-08 17:00:00,2026-05-08 09:00:00,2026-05-08 17:00:00,completed
1026,44,3,2026-05-08 17:00:00,2026-05-08 21:00:00,2026-05-08 17:00:00,2026-05-08 21:00:00,completed
1027,44,3,2026-05-09 09:15:00,2026-05-09 17:15:00,2026-05-09 09:15:00,2026-05-09 17:15:00,completed
1028,5,3,2026-05-09 17:00:00,2026-05-09 21:00:00,2026-05-09 17:00:00,2026-05-09 21:00:00,completed
1029,44,3,2026-05-10 09:15:00,2026-05-10 17:15:00,2026-05-10 09:15:00,2026-05-10 17:15:00,completed
1030,44,3,2025-11-19 09:00:00,2025-11-19 15:00:00,,,cancelled
1031,5,3,2026-05-10 17:00:00,2026-05-10 21:00:00,2026-05-10 17:00:00,2026-05-10 21:00:00,completed
1032,44,3,2026-05-11 09:00:00,2026-05-11 17:00:00,2026-05-11 09:00:00,2026-05-11 17:00:00,completed
1033,44,3,2026-05-11 17:00:00,2026-05-11 21:00:00,2026-05-11 17:00:00,2026-05-11 21:00:00,completed
1034,44,3,2026-05-12 09:00:00,2026-05-12 17:00:00,2026-05-12 09:00:00,2026-05-12 17:00:00,completed
1035,44,3,2026-05-12 17:00:00,2026-05-12 21:00:00,2026-05-12 17:00:00,2026-05-12 21:00:00,completed
1036,44,3,2026-05-13 09:00:00,2026-05-13 17:00:00,2026-05-13 09:00:00,2026-05-13 17:00:00,completed
1037,44,3,2026-05-13 17:00:00,2026-05-13 21:00:00,2026-05-13 17:00:00,2026-05-13 21:00:00,completed
1038,44,3,2026-01-22 09:00:00,2026-01-22 17:00:00,,,cancelled
1039,44,3,2026-05-14 09:00:00,2026-05-14 17:00:00,2026-05-14 09:00:00,2026-05-14 17:00:00,completed
1040,44,3,2025-11-15 09:00:00,2025-11-15 17:00:00,2025-11-15 09:00:00,2025-11-15 17:00:00,completed
1041,44,3,2026-05-14 17:00:00,2026-05-14 21:00:00,2026-05-14 17:00:00,2026-05-14 21:00:00,completed
1042,44,3,2026-05-15 09:00:00,2026-05-15 17:00:00,2026-05-15 09:00:00,2026-05-15 17:00:00,completed
1043,44,3,2026-05-15 17:00:00,2026-05-15 21:00:00,2026-05-15 17:00:00,2026-05-15 21:00:00,completed
1044,44,3,2026-05-16 09:00:00,2026-05-16 17:00:00,2026-05-16 09:00:00,2026-05-16 17:00:00,completed
1045,44,3,2026-05-16 17:00:00,2026-05-16 21:00:00,2026-05-16 17:00:00,2026-05-16 21:00:00,completed
1046,44,3,2026-05-17 09:00:00,2026-05-17 17:00:00,2026-05-17 09:00:00,2026-05-17 17:00:00,completed
1047,44,3,2026-05-17 17:00:00,2026-05-17 21:00:00,2026-05-17 17:00:00,2026-05-17 21:00:00,completed
1048,44,3,2026-05-18 09:00:00,2026-05-18 17:00:00,2026-05-18 09:00:00,2026-05-18 17:00:00,completed
1049,44,3,2026-05-18 17:00:00,2026-05-18 21:00:00,2026-05-18 17:00:00,2026-05-18 21:00:00,completed
1050,44,3,2026-05-19 09:00:00,2026-05-19 17:00:00,2026-05-19 09:00:00,2026-05-19 17:00:00,completed
1051,44,3,2025-12-01 10:00:00,2025-12-01 18:00:00,,,cancelled
1052,44,3,2026-05-19 17:00:00,2026-05-19 21:00:00,2026-05-19 17:00:00,2026-05-19 21:00:00,completed
1053,44,3,2026-05-20 09:00:00,2026-05-20 17:00:00,2026-05-20 09:00:00,2026-05-20 17:00:00,completed
1054,44,3,2026-05-20 17:00:00,2026-05-20 21:00:00,2026-05-20 17:00:00,2026-05-20 21:00:00,completed
1055,45,2,2025-12-16 14:00:00,2025-12-16 18:00:00,,,cancelled
1056,45,2,2026-04-14 16:30:00,2026-04-14 21:00:00,2026-04-14 16:30:00,2026-04-14 21:00:00,completed
1057,45,2,2026-04-15 08:00:00,2026-04-15 16:00:00,2026-04-15 08:00:00,2026-04-15 16:00:00,completed
1058,45,2,2026-04-15 16:15:00,2026-04-15 21:00:00,2026-04-15 16:15:00,2026-04-15 21:00:00,completed
1059,45,2,2026-04-16 08:00:00,2026-04-16 16:00:00,2026-04-16 08:00:00,2026-04-16 16:00:00,completed
1060,45,2,2025-11-17 16:15:00,2025-11-17 21:00:00,2025-11-17 16:15:00,2025-11-17 21:00:00,completed
1061,45,2,2026-04-16 16:00:00,2026-04-16 21:00:00,2026-04-16 16:00:00,2026-04-16 21:00:00,completed
1062,45,2,2026-04-17 08:15:00,2026-04-17 16:15:00,2026-04-17 08:15:00,2026-04-17 16:15:00,completed
1063,45,2,2026-04-17 16:45:00,2026-04-17 21:00:00,2026-04-17 16:45:00,2026-04-17 21:00:00,completed
1064,45,2,2026-04-18 08:15:00,2026-04-18 16:15:00,2026-04-18 08:15:00,2026-04-18 16:15:00,completed
1065,45,2,2026-07-31 08:00:00,2026-07-31 16:00:00,2026-07-31 08:00:00,2026-07-31 16:00:00,completed
1066,45,2,2026-04-18 16:15:00,2026-04-18 21:00:00,2026-04-18 16:15:00,2026-04-18 21:00:00,completed
1067,45,2,2026-04-19 08:00:00,2026-04-19 16:00:00,2026-04-19 08:00:00,2026-04-19 16:00:00,completed
1068,45,2,2026-04-19 16:15:00,2026-04-19 21:00:00,2026-04-19 16:15:00,2026-04-19 21:00:00,completed
1069,45,2,2026-04-20 08:00:00,2026-04-20 16:00:00,2026-04-20 08:00:00,2026-04-20 16:00:00,completed
1070,45,2,2026-04-20 16:00:00,2026-04-20 21:00:00,2026-04-20 16:00:00,2026-04-20 21:00:00,completed
1071,45,2,2026-07-31 16:00:00,2026-07-31 21:00:00,2026-07-31 16:00:00,2026-07-31 21:00:00,completed
1072,45,2,2026-04-18 13:00:00,2026-04-18 19:00:00,,,cancelled
1073,45,2,2026-04-21 08:00:00,2026-04-21 16:00:00,2026-04-21 08:00:00,2026-04-21 16:00:00,completed
1074,45,2,2026-04-21 16:15:00,2026-04-21 21:00:00,2026-04-21 16:15:00,2026-04-21 21:00:00,completed
1075,45,2,2026-04-22 08:30:00,2026-04-22 16:30:00,2026-04-22 08:30:00,2026-04-22 16:30:00,completed
1076,45,2,2026-04-22 17:00:00,2026-04-22 21:00:00,2026-04-22 17:00:00,2026-04-22 21:00:00,completed
1077,45,2,2026-04-23 08:00:00,2026-04-23 16:00:00,2026-04-23 08:00:00,2026-04-23 16:00:00,completed
1078,45,2,2025-11-14 09:00:00,2025-11-14 17:00:00,,,cancelled
1079,45,2,2026-04-23 16:00:00,2026-04-23 21:00:00,2026-04-23 16:00:00,2026-04-23 21:00:00,completed
1080,45,2,2026-02-27 13:00:00,2026-02-27 17:00:00,,,cancelled
1081,45,2,2026-04-24 08:15:00,2026-04-24 16:15:00,2026-04-24 08:15:00,2026-04-24 16:15:00,completed
1082,45,2,2026-04-24 16:15:00,2026-04-24 21:00:00,2026-04-24 16:15:00,2026-04-24 21:00:00,completed
1083,46,2,2026-04-25 08:00:00,2026-04-25 16:00:00,2026-04-25 08:00:00,2026-04-25 16:00:00,completed
1084,46,2,2026-04-25 16:00:00,2026-04-25 21:00:00,2026-04-25 16:00:00,2026-04-25 21:00:00,completed
1085,46,2,2026-04-26 08:00:00,2026-04-26 16:00:00,2026-04-26 08:00:00,2026-04-26 16:00:00,completed
1086,46,2,2026-04-26 16:30:00,2026-04-26 21:00:00,2026-04-26 16:30:00,2026-04-26 21:00:00,completed
1087,46,2,2026-04-27 08:00:00,2026-04-27 16:00:00,2026-04-27 08:00:00,2026-04-27 16:00:00,completed
1088,46,2,2025-11-18 08:45:00,2025-11-18 16:45:00,2025-11-18 08:45:00,2025-11-18 16:45:00,completed
1089,46,2,2026-04-27 16:15:00,2026-04-27 21:00:00,2026-04-27 16:15:00,2026-04-27 21:00:00,completed
1090,46,2,2026-04-28 08:00:00,2026-04-28 16:00:00,2026-04-28 08:00:00,2026-04-28 16:00:00,completed
1091,46,2,2026-04-28 16:00:00,2026-04-28 21:00:00,2026-04-28 16:00:00,2026-04-28 21:00:00,completed
1092,46,2,2025-11-25 12:00:00,2025-11-25 20:00:00,,,cancelled
1093,46,2,2025-11-04 10:00:00,2025-11-04 18:00:00,,,cancelled
1094,46,2,2026-04-29 08:00:00,2026-04-29 16:00:00,2026-04-29 08:00:00,2026-04-29 16:00:00,completed
1095,46,2,2026-06-05 13:00:00,2026-06-05 21:00:00,,,cancelled
1096,46,2,2026-04-29 16:45:00,2026-04-29 21:00:00,2026-04-29 16:45:00,2026-04-29 21:00:00,completed
1097,46,2,2026-04-30 08:30:00,2026-04-30 16:30:00,2026-04-30 08:30:00,2026-04-30 16:30:00,completed
1098,46,2,2026-04-24 11:00:00,2026-04-24 19:00:00,,,missed
1099,46,2,2026-04-30 16:45:00,2026-04-30 21:00:00,2026-04-30 16:45:00,2026-04-30 21:00:00,completed
1100,46,2,2026-04-16 13:00:00,2026-04-16 21:00:00,,,cancelled
1101,46,2,2026-05-01 08:00:00,2026-05-01 16:00:00,2026-05-01 08:00:00,2026-05-01 16:00:00,completed
1102,46,2,2025-11-18 16:45:00,2025-11-18 21:00:00,2025-11-18 16:45:00,2025-11-18 21:00:00,completed
1103,46,2,2026-05-01 16:30:00,2026-05-01 21:00:00,2026-05-01 16:30:00,2026-05-01 21:00:00,completed
1104,46,2,2026-05-02 08:00:00,2026-05-02 16:00:00,2026-05-02 08:00:00,2026-05-02 16:00:00,completed
1105,46,2,2026-05-02 16:45:00,2026-05-02 21:00:00,2026-05-02 16:45:00,2026-05-02 21:00:00,completed
1106,46,2,2026-03-21 13:00:00,2026-03-21 17:00:00,,,cancelled
1107,46,2,2026-05-03 08:15:00,2026-05-03 16:15:00,2026-05-03 08:15:00,2026-05-03 16:15:00,completed
1108,46,2,2025-11-19 08:00:00,2025-11-19 16:00:00,2025-11-19 08:00:00,2025-11-19 16:00:00,completed
1109,46,2,2026-05-03 16:30:00,2026-05-03 21:00:00,2026-05-03 16:30:00,2026-05-03 21:00:00,completed
1110,46,2,2026-05-04 08:15:00,2026-05-04 16:15:00,2026-05-04 08:15:00,2026-05-04 16:15:00,completed
1111,46,2,2026-06-06 09:00:00,2026-06-06 17:00:00,,,missed
1112,46,2,2026-04-29 10:00:00,2026-04-29 18:00:00,,,cancelled
1113,46,2,2026-05-04 16:30:00,2026-05-04 21:00:00,2026-05-04 16:30:00,2026-05-04 21:00:00,completed
1114,46,2,2026-05-05 08:00:00,2026-05-05 16:00:00,2026-05-05 08:00:00,2026-05-05 16:00:00,completed
1115,46,2,2026-05-05 16:15:00,2026-05-05 21:00:00,2026-05-05 16:15:00,2026-05-05 21:00:00,completed
1116,46,2,2026-05-06 09:00:00,2026-05-06 17:00:00,2026-05-06 09:00:00,2026-05-06 17:00:00,completed
1117,46,2,2025-12-05 13:00:00,2025-12-05 17:00:00,,,cancelled
1118,46,2,2026-05-06 17:00:00,2026-05-06 21:00:00,2026-05-06 17:00:00,2026-05-06 21:00:00,completed
1119,47,3,2026-05-21 09:00:00,2026-05-21 17:00:00,2026-05-21 09:00:00,2026-05-21 17:00:00,completed
1120,47,3,2026-05-21 17:00:00,2026-05-21 21:00:00,2026-05-21 17:00:00,2026-05-21 21:00:00,completed
1121,47,3,2025-11-15 17:00:00,2025-11-15 21:00:00,2025-11-15 17:00:00,2025-11-15 21:00:00,completed
1122,47,3,2026-05-22 09:15:00,2026-05-22 17:15:00,2026-05-22 09:15:00,2026-05-22 17:15:00,completed
1123,47,3,2025-11-24 13:00:00,2025-11-24 19:00:00,,,cancelled
1124,5,3,2026-05-22 17:00:00,2026-05-22 21:00:00,2026-05-22 17:00:00,2026-05-22 21:00:00,completed
1125,47,3,2026-06-06 12:00:00,2026-06-06 16:00:00,,,missed
1126,47,3,2025-11-16 09:00:00,2025-11-16 17:00:00,2025-11-16 09:00:00,2025-11-16 17:00:00,completed
1127,47,3,2025-11-12 14:00:00,2025-11-12 18:00:00,,,cancelled
1128,47,3,2026-05-23 09:00:00,2026-05-23 17:00:00,2026-05-23 09:00:00,2026-05-23 17:00:00,completed
1129,47,3,2026-05-23 17:00:00,2026-05-23 21:00:00,2026-05-23 17:00:00,2026-05-23 21:00:00,completed
1130,47,3,2026-04-23 12:00:00,2026-04-23 20:00:00,,,cancelled
1131,47,3,2026-05-24 09:00:00,2026-05-24 17:00:00,2026-05-24 09:00:00,2026-05-24 17:00:00,completed
1132,47,3,2026-05-24 17:00:00,2026-05-24 21:00:00,2026-05-24 17:00:00,2026-05-24 21:00:00,completed
1133,47,3,2026-05-25 09:30:00,2026-05-25 17:30:00,2026-05-25 09:30:00,2026-05-25 17:30:00,completed
1134,5,3,2026-05-25 17:00:00,2026-05-25 21:00:00,2026-05-25 17:00:00,2026-05-25 21:00:00,completed
1135,47,3,2026-05-26 09:00:00,2026-05-26 17:00:00,2026-05-26 09:00:00,2026-05-26 17:00:00,completed
1136,47,3,2025-11-16 17:00:00,2025-11-16 21:00:00,2025-11-16 17:00:00,2025-11-16 21:00:00,completed
1137,47,3,2026-05-26 17:00:00,2026-05-26 21:00:00,2026-05-26 17:00:00,2026-05-26 21:00:00,completed
1138,47,3,2026-05-27 09:00:00,2026-05-27 17:00:00,2026-05-27 09:00:00,2026-05-27 17:00:00,completed
1139,47,3,2026-05-27 17:00:00,2026-05-27 21:00:00,2026-05-27 17:00:00,2026-05-27 21:00:00,completed
1140,47,3,2026-05-28 09:00:00,2026-05-28 17:00:00,2026-05-28 09:00:00,2026-05-28 17:00:00,completed
1141,47,3,2025-12-29 09:00:00,2025-12-29 17:00:00,,,cancelled
1142,47,3,2025-11-08 09:00:00,2025-11-08 17:00:00,,,cancelled
1143,47,3,2026-05-28 17:00:00,2026-05-28 21:00:00,2026-05-28 17:00:00,2026-05-28 21:00:00,completed
1144,48,3,2025-11-17 09:00:00,2025-11-17 17:00:00,2025-11-17 09:00:00,2025-11-17 17:00:00,completed
1145,48,3,2026-05-29 09:00:00,2026-05-29 17:00:00,2026-05-29 09:00:00,2026-05-29 17:00:00,completed
1146,48,3,2026-05-29 17:00:00,2026-05-29 21:00:00,2026-05-29 17:00:00,2026-05-29 21:00:00,completed
1147,48,3,2026-05-30 09:00:00,2026-05-30 17:00:00,2026-05-30 09:00:00,2026-05-30 17:00:00,completed
1148,48,3,2026-01-01 09:00:00,2026-01-01 13:00:00,,,cancelled
1149,48,3,2026-05-30 17:00:00,2026-05-30 21:00:00,2026-05-30 17:00:00,2026-05-30 21:00:00,completed
1150,48,3,2026-07-11 11:00:00,2026-07-11 15:00:00,,,cancelled
1151,48,3,2026-05-31 09:00:00,2026-05-31 17:00:00,2026-05-31 09:00:00,2026-05-31 17:00:00,completed
1152,48,3,2026-05-31 17:00:00,2026-05-31 21:00:00,2026-05-31 17:00:00,2026-05-31 21:00:00,completed
1153,48,3,2026-06-01 09:00:00,2026-06-01 17:00:00,2026-06-01 09:00:00,2026-06-01 17:00:00,completed
1154,48,3,2026-06-01 17:00:00,2026-06-01 21:00:00,2026-06-01 17:00:00,2026-06-01 21:00:00,completed
1155,48,3,2026-06-02 09:00:00,2026-06-02 17:00:00,2026-06-02 09:00:00,2026-06-02 17:00:00,completed
1156,48,3,2026-01-28 09:00:00,2026-01-28 17:00:00,,,cancelled
1157,48,3,2026-06-02 17:00:00,2026-06-02 21:00:00,2026-06-02 17:00:00,2026-06-02 21:00:00,completed
1158,48,3,2026-06-03 09:00:00,2026-06-03 17:00:00,2026-06-03 09:00:00,2026-06-03 17:00:00,completed
1159,48,3,2026-06-03 17:00:00,2026-06-03 21:00:00,2026-06-03 17:00:00,2026-06-03 21:00:00,completed
1160,48,3,2026-06-04 09:00:00,2026-06-04 17:00:00,2026-06-04 09:00:00,2026-06-04 17:00:00,completed
1161,48,3,2026-06-04 17:00:00,2026-06-04 21:00:00,2026-06-04 17:00:00,2026-06-04 21:00:00,completed
1162,48,3,2026-06-05 09:00:00,2026-06-05 17:00:00,2026-06-05 09:00:00,2026-06-05 17:00:00,completed
1163,48,3,2026-06-05 17:00:00,2026-06-05 21:00:00,2026-06-05 17:00:00,2026-06-05 21:00:00,completed
1164,48,3,2026-06-06 09:00:00,2026-06-06 17:00:00,2026-06-06 09:00:00,2026-06-06 17:00:00,completed
1165,48,3,2026-06-06 17:00:00,2026-06-06 21:00:00,2026-06-06 17:00:00,2026-06-06 21:00:00,completed
1166,48,3,2026-06-07 09:30:00,2026-06-07 17:30:00,2026-06-07 09:30:00,2026-06-07 17:30:00,completed
1167,5,3,2026-06-07 17:00:00,2026-06-07 21:00:00,2026-06-07 17:00:00,2026-06-07 21:00:00,completed
1168,48,3,2026-02-27 09:00:00,2026-02-27 15:00:00,,,missed
1169,48,3,2026-06-08 09:00:00,2026-06-08 17:00:00,2026-06-08 09:00:00,2026-06-08 17:00:00,completed
1170,48,3,2026-06-08 17:00:00,2026-06-08 21:00:00,2026-06-08 17:00:00,2026-06-08 21:00:00,completed
1171,48,3,2026-04-08 13:00:00,2026-04-08 17:00:00,,,cancelled
1172,67,1,2026-02-27 16:15:00,2026-02-27 22:00:00,2026-02-27 16:15:00,2026-02-27 22:00:00,completed
1173,67,1,2026-02-28 08:15:00,2026-02-28 16:15:00,2026-02-28 08:15:00,2026-02-28 16:15:00,completed
1174,49,1,2026-05-25 08:00:00,2026-05-25 16:00:00,2026-05-25 08:00:00,2026-05-25 16:00:00,completed
1175,67,1,2026-02-28 16:15:00,2026-02-28 22:00:00,2026-02-28 16:15:00,2026-02-28 22:00:00,completed
1176,67,1,2026-03-01 08:00:00,2026-03-01 16:00:00,2026-03-01 08:00:00,2026-03-01 16:00:00,completed
1177,67,1,2026-03-01 16:00:00,2026-03-01 22:00:00,2026-03-01 16:00:00,2026-03-01 22:00:00,completed
1178,67,1,2026-03-02 08:00:00,2026-03-02 16:00:00,2026-03-02 08:00:00,2026-03-02 16:00:00,completed
1179,49,1,2026-05-25 16:00:00,2026-05-25 22:00:00,2026-05-25 16:00:00,2026-05-25 22:00:00,completed
1180,67,1,2026-03-02 16:30:00,2026-03-02 22:00:00,2026-03-02 16:30:00,2026-03-02 22:00:00,completed
1181,67,1,2026-03-03 08:00:00,2026-03-03 16:00:00,2026-03-03 08:00:00,2026-03-03 16:00:00,completed
1182,67,1,2026-03-03 16:15:00,2026-03-03 22:00:00,2026-03-03 16:15:00,2026-03-03 22:00:00,completed
1183,67,1,2026-03-04 08:00:00,2026-03-04 16:00:00,2026-03-04 08:00:00,2026-03-04 16:00:00,completed
1184,49,1,2026-05-26 08:00:00,2026-05-26 16:00:00,2026-05-26 08:00:00,2026-05-26 16:00:00,completed
1185,67,1,2026-03-04 16:15:00,2026-03-04 22:00:00,2026-03-04 16:15:00,2026-03-04 22:00:00,completed
1186,67,1,2026-03-05 08:15:00,2026-03-05 16:15:00,2026-03-05 08:15:00,2026-03-05 16:15:00,completed
1187,67,1,2026-03-05 16:15:00,2026-03-05 22:00:00,2026-03-05 16:15:00,2026-03-05 22:00:00,completed
1188,67,1,2026-03-06 08:15:00,2026-03-06 16:15:00,2026-03-06 08:15:00,2026-03-06 16:15:00,completed
1189,67,1,2026-03-06 16:30:00,2026-03-06 22:00:00,2026-03-06 16:30:00,2026-03-06 22:00:00,completed
1190,67,1,2026-03-07 08:00:00,2026-03-07 16:00:00,2026-03-07 08:00:00,2026-03-07 16:00:00,completed
1191,67,1,2026-03-07 16:45:00,2026-03-07 22:00:00,2026-03-07 16:45:00,2026-03-07 22:00:00,completed
1192,49,1,2026-05-26 16:15:00,2026-05-26 22:00:00,2026-05-26 16:15:00,2026-05-26 22:00:00,completed
1193,49,1,2026-05-27 08:00:00,2026-05-27 16:00:00,2026-05-27 08:00:00,2026-05-27 16:00:00,completed
1194,67,1,2025-11-13 16:15:00,2025-11-13 22:00:00,2025-11-13 16:15:00,2025-11-13 22:00:00,completed
1195,67,1,2026-03-08 08:15:00,2026-03-08 16:15:00,2026-03-08 08:15:00,2026-03-08 16:15:00,completed
1196,67,1,2025-11-14 08:00:00,2025-11-14 16:00:00,2025-11-14 08:00:00,2025-11-14 16:00:00,completed
1197,67,1,2025-11-14 16:30:00,2025-11-14 22:00:00,2025-11-14 16:30:00,2025-11-14 22:00:00,completed
1198,67,1,2026-03-08 16:45:00,2026-03-08 22:00:00,2026-03-08 16:45:00,2026-03-08 22:00:00,completed
1199,49,1,2026-03-09 09:00:00,2026-03-09 17:00:00,2026-03-09 09:00:00,2026-03-09 17:00:00,completed
1200,67,1,2025-11-15 08:00:00,2025-11-15 16:00:00,2025-11-15 08:00:00,2025-11-15 16:00:00,completed
1201,49,1,2026-03-09 17:30:00,2026-03-09 22:00:00,2026-03-09 17:30:00,2026-03-09 22:00:00,completed
1202,49,1,2026-03-10 08:30:00,2026-03-10 16:30:00,2026-03-10 08:30:00,2026-03-10 16:30:00,completed
1203,49,1,2026-03-10 17:45:00,2026-03-10 22:00:00,2026-03-10 17:45:00,2026-03-10 22:00:00,completed
1204,49,1,2026-03-11 08:15:00,2026-03-11 16:15:00,2026-03-11 08:15:00,2026-03-11 16:15:00,completed
1205,49,1,2026-03-11 16:15:00,2026-03-11 22:00:00,2026-03-11 16:15:00,2026-03-11 22:00:00,completed
1206,50,1,2026-03-12 08:15:00,2026-03-12 16:15:00,2026-03-12 08:15:00,2026-03-12 16:15:00,completed
1207,50,1,2026-03-12 16:30:00,2026-03-12 22:00:00,2026-03-12 16:30:00,2026-03-12 22:00:00,completed
1208,50,1,2026-03-13 08:30:00,2026-03-13 16:30:00,2026-03-13 08:30:00,2026-03-13 16:30:00,completed
1209,50,1,2026-05-06 16:00:00,2026-05-06 22:00:00,2026-05-06 16:00:00,2026-05-06 22:00:00,completed
1210,67,1,2025-11-15 16:00:00,2025-11-15 22:00:00,2025-11-15 16:00:00,2025-11-15 22:00:00,completed
1211,50,1,2026-03-13 16:30:00,2026-03-13 22:00:00,2026-03-13 16:30:00,2026-03-13 22:00:00,completed
1212,50,1,2026-03-14 08:00:00,2026-03-14 16:00:00,2026-03-14 08:00:00,2026-03-14 16:00:00,completed
1213,50,1,2026-03-14 16:15:00,2026-03-14 22:00:00,2026-03-14 16:15:00,2026-03-14 22:00:00,completed
1214,50,1,2026-03-15 08:15:00,2026-03-15 16:15:00,2026-03-15 08:15:00,2026-03-15 16:15:00,completed
1215,50,1,2026-03-15 16:45:00,2026-03-15 22:00:00,2026-03-15 16:45:00,2026-03-15 22:00:00,completed
1216,50,1,2026-03-16 08:45:00,2026-03-16 16:45:00,2026-03-16 08:45:00,2026-03-16 16:45:00,completed
1217,50,1,2026-03-16 16:45:00,2026-03-16 22:00:00,2026-03-16 16:45:00,2026-03-16 22:00:00,completed
1218,50,1,2026-03-17 08:30:00,2026-03-17 16:30:00,2026-03-17 08:30:00,2026-03-17 16:30:00,completed
1219,50,1,2026-03-17 16:45:00,2026-03-17 22:00:00,2026-03-17 16:45:00,2026-03-17 22:00:00,completed
1220,50,1,2026-03-18 08:15:00,2026-03-18 16:15:00,2026-03-18 08:15:00,2026-03-18 16:15:00,completed
1221,50,1,2026-03-18 16:15:00,2026-03-18 22:00:00,2026-03-18 16:15:00,2026-03-18 22:00:00,completed
1222,50,1,2026-03-19 08:00:00,2026-03-19 16:00:00,2026-03-19 08:00:00,2026-03-19 16:00:00,completed
1223,50,1,2026-03-19 16:30:00,2026-03-19 22:00:00,2026-03-19 16:30:00,2026-03-19 22:00:00,completed
1224,50,1,2026-03-20 08:15:00,2026-03-20 16:15:00,2026-03-20 08:15:00,2026-03-20 16:15:00,completed
1225,50,1,2026-03-20 16:15:00,2026-03-20 22:00:00,2026-03-20 16:15:00,2026-03-20 22:00:00,completed
1226,50,1,2026-05-07 08:15:00,2026-05-07 16:15:00,2026-05-07 08:15:00,2026-05-07 16:15:00,completed
1227,50,1,2026-03-21 08:00:00,2026-03-21 16:00:00,2026-03-21 08:00:00,2026-03-21 16:00:00,completed
1228,50,1,2026-03-21 16:15:00,2026-03-21 22:00:00,2026-03-21 16:15:00,2026-03-21 22:00:00,completed
1229,51,2,2026-05-07 08:00:00,2026-05-07 16:00:00,2026-05-07 08:00:00,2026-05-07 16:00:00,completed
1230,51,2,2026-02-22 11:00:00,2026-02-22 19:00:00,,,cancelled
1231,51,2,2026-05-07 16:00:00,2026-05-07 21:00:00,2026-05-07 16:00:00,2026-05-07 21:00:00,completed
1232,51,2,2026-05-08 08:00:00,2026-05-08 16:00:00,2026-05-08 08:00:00,2026-05-08 16:00:00,completed
1233,51,2,2026-05-08 16:15:00,2026-05-08 21:00:00,2026-05-08 16:15:00,2026-05-08 21:00:00,completed
1234,51,2,2026-03-20 09:00:00,2026-03-20 17:00:00,,,cancelled
1235,51,2,2026-05-09 08:00:00,2026-05-09 16:00:00,2026-05-09 08:00:00,2026-05-09 16:00:00,completed
1236,51,2,2026-04-19 13:00:00,2026-04-19 21:00:00,,,missed
1237,13,2,2025-11-19 16:15:00,2025-11-19 21:00:00,2025-11-19 16:15:00,2025-11-19 21:00:00,completed
1238,51,2,2026-05-09 16:00:00,2026-05-09 21:00:00,2026-05-09 16:00:00,2026-05-09 21:00:00,completed
1239,51,2,2026-05-10 09:00:00,2026-05-10 17:00:00,2026-05-10 09:00:00,2026-05-10 17:00:00,completed
1240,51,2,2026-07-30 11:00:00,2026-07-30 19:00:00,,,cancelled
1241,51,2,2026-05-10 17:00:00,2026-05-10 21:00:00,2026-05-10 17:00:00,2026-05-10 21:00:00,completed
1242,51,2,2026-05-11 08:00:00,2026-05-11 16:00:00,2026-05-11 08:00:00,2026-05-11 16:00:00,completed
1243,51,2,2026-05-11 16:00:00,2026-05-11 21:00:00,2026-05-11 16:00:00,2026-05-11 21:00:00,completed
1244,51,2,2026-05-12 08:45:00,2026-05-12 16:45:00,2026-05-12 08:45:00,2026-05-12 16:45:00,completed
1245,51,2,2026-05-12 17:00:00,2026-05-12 21:00:00,2026-05-12 17:00:00,2026-05-12 21:00:00,completed
1246,51,2,2026-04-14 11:00:00,2026-04-14 19:00:00,,,cancelled
1247,51,2,2026-05-13 08:00:00,2026-05-13 16:00:00,2026-05-13 08:00:00,2026-05-13 16:00:00,completed
1248,51,2,2026-05-13 16:00:00,2026-05-13 21:00:00,2026-05-13 16:00:00,2026-05-13 21:00:00,completed
1249,51,2,2026-02-27 08:00:00,2026-02-27 16:00:00,,,missed
1250,51,2,2026-01-27 14:00:00,2026-01-27 18:00:00,,,missed
1251,51,2,2026-05-14 08:15:00,2026-05-14 16:15:00,2026-05-14 08:15:00,2026-05-14 16:15:00,completed
1252,51,2,2026-05-14 16:30:00,2026-05-14 21:00:00,2026-05-14 16:30:00,2026-05-14 21:00:00,completed
1253,51,2,2026-05-15 08:30:00,2026-05-15 16:30:00,2026-05-15 08:30:00,2026-05-15 16:30:00,completed
1254,51,2,2026-05-15 17:00:00,2026-05-15 21:00:00,2026-05-15 17:00:00,2026-05-15 21:00:00,completed
1255,51,2,2026-05-16 08:00:00,2026-05-16 16:00:00,2026-05-16 08:00:00,2026-05-16 16:00:00,completed
1256,51,2,2026-05-16 16:45:00,2026-05-16 21:00:00,2026-05-16 16:45:00,2026-05-16 21:00:00,completed
1257,51,2,2026-05-17 08:00:00,2026-05-17 16:00:00,2026-05-17 08:00:00,2026-05-17 16:00:00,completed
1258,51,2,2026-05-17 16:30:00,2026-05-17 21:00:00,2026-05-17 16:30:00,2026-05-17 21:00:00,completed
1259,51,2,2026-05-18 08:00:00,2026-05-18 16:00:00,2026-05-18 08:00:00,2026-05-18 16:00:00,completed
1260,51,2,2026-05-18 16:00:00,2026-05-18 21:00:00,2026-05-18 16:00:00,2026-05-18 21:00:00,completed
1261,51,2,2026-04-30 13:00:00,2026-04-30 21:00:00,,,cancelled
1262,51,2,2026-05-19 08:00:00,2026-05-19 16:00:00,2026-05-19 08:00:00,2026-05-19 16:00:00,completed
1263,51,2,2026-04-14 09:00:00,2026-04-14 17:00:00,,,cancelled
1264,51,2,2026-05-19 16:00:00,2026-05-19 21:00:00,2026-05-19 16:00:00,2026-05-19 21:00:00,completed
1265,52,1,2026-05-27 16:00:00,2026-05-27 22:00:00,2026-05-27 16:00:00,2026-05-27 22:00:00,completed
1266,52,1,2026-03-22 08:00:00,2026-03-22 16:00:00,2026-03-22 08:00:00,2026-03-22 16:00:00,completed
1267,52,1,2026-03-22 16:00:00,2026-03-22 22:00:00,2026-03-22 16:00:00,2026-03-22 22:00:00,completed
1268,52,1,2026-03-23 08:00:00,2026-03-23 16:00:00,2026-03-23 08:00:00,2026-03-23 16:00:00,completed
1269,52,1,2026-03-23 16:00:00,2026-03-23 22:00:00,2026-03-23 16:00:00,2026-03-23 22:00:00,completed
1270,52,1,2026-05-28 08:00:00,2026-05-28 16:00:00,2026-05-28 08:00:00,2026-05-28 16:00:00,completed
1271,52,1,2026-03-24 08:15:00,2026-03-24 16:15:00,2026-03-24 08:15:00,2026-03-24 16:15:00,completed
1272,52,1,2026-03-24 16:15:00,2026-03-24 22:00:00,2026-03-24 16:15:00,2026-03-24 22:00:00,completed
1273,52,1,2026-05-28 16:15:00,2026-05-28 22:00:00,2026-05-28 16:15:00,2026-05-28 22:00:00,completed
1274,52,1,2026-03-25 08:15:00,2026-03-25 16:15:00,2026-03-25 08:15:00,2026-03-25 16:15:00,completed
1275,52,1,2025-11-16 08:15:00,2025-11-16 16:15:00,2025-11-16 08:15:00,2025-11-16 16:15:00,completed
1276,52,1,2026-03-25 17:00:00,2026-03-25 22:00:00,2026-03-25 17:00:00,2026-03-25 22:00:00,completed
1277,52,1,2026-05-29 08:15:00,2026-05-29 16:15:00,2026-05-29 08:15:00,2026-05-29 16:15:00,completed
1278,52,1,2026-03-26 08:15:00,2026-03-26 16:15:00,2026-03-26 08:15:00,2026-03-26 16:15:00,completed
1279,52,1,2026-03-26 16:15:00,2026-03-26 22:00:00,2026-03-26 16:15:00,2026-03-26 22:00:00,completed
1280,52,1,2026-03-27 08:00:00,2026-03-27 16:00:00,2026-03-27 08:00:00,2026-03-27 16:00:00,completed
1281,52,1,2026-03-27 16:15:00,2026-03-27 22:00:00,2026-03-27 16:15:00,2026-03-27 22:00:00,completed
1282,52,1,2026-03-28 08:30:00,2026-03-28 16:30:00,2026-03-28 08:30:00,2026-03-28 16:30:00,completed
1283,52,1,2026-03-28 16:45:00,2026-03-28 22:00:00,2026-03-28 16:45:00,2026-03-28 22:00:00,completed
1284,52,1,2026-03-29 08:00:00,2026-03-29 16:00:00,2026-03-29 08:00:00,2026-03-29 16:00:00,completed
1285,52,1,2026-03-29 16:15:00,2026-03-29 22:00:00,2026-03-29 16:15:00,2026-03-29 22:00:00,completed
1286,52,1,2026-03-30 09:00:00,2026-03-30 17:00:00,2026-03-30 09:00:00,2026-03-30 17:00:00,completed
1287,52,1,2026-05-07 16:15:00,2026-05-07 22:00:00,2026-05-07 16:15:00,2026-05-07 22:00:00,completed
1288,52,1,2026-03-30 17:15:00,2026-03-30 22:00:00,2026-03-30 17:15:00,2026-03-30 22:00:00,completed
1289,52,1,2026-03-31 08:15:00,2026-03-31 16:15:00,2026-03-31 08:15:00,2026-03-31 16:15:00,completed
1290,53,3,2026-06-09 09:00:00,2026-06-09 17:00:00,2026-06-09 09:00:00,2026-06-09 17:00:00,completed
1291,53,3,2026-06-09 17:00:00,2026-06-09 21:00:00,2026-06-09 17:00:00,2026-06-09 21:00:00,completed
1292,53,3,2026-06-10 09:00:00,2026-06-10 17:00:00,2026-06-10 09:00:00,2026-06-10 17:00:00,completed
1293,53,3,2026-06-10 17:00:00,2026-06-10 21:00:00,2026-06-10 17:00:00,2026-06-10 21:00:00,completed
1294,53,3,2026-06-11 09:15:00,2026-06-11 17:15:00,2026-06-11 09:15:00,2026-06-11 17:15:00,completed
1295,5,3,2026-06-11 17:00:00,2026-06-11 21:00:00,2026-06-11 17:00:00,2026-06-11 21:00:00,completed
1296,53,3,2026-06-12 09:15:00,2026-06-12 17:15:00,2026-06-12 09:15:00,2026-06-12 17:15:00,completed
1297,5,3,2026-06-12 17:00:00,2026-06-12 21:00:00,2026-06-12 17:00:00,2026-06-12 21:00:00,completed
1298,53,3,2026-06-13 09:00:00,2026-06-13 17:00:00,2026-06-13 09:00:00,2026-06-13 17:00:00,completed
1299,53,3,2026-06-13 17:00:00,2026-06-13 21:00:00,2026-06-13 17:00:00,2026-06-13 21:00:00,completed
1300,53,3,2026-04-19 12:00:00,2026-04-19 20:00:00,,,missed
1301,53,3,2026-06-14 09:00:00,2026-06-14 17:00:00,2026-06-14 09:00:00,2026-06-14 17:00:00,completed
1302,53,3,2026-06-14 17:00:00,2026-06-14 21:00:00,2026-06-14 17:00:00,2026-06-14 21:00:00,completed
1303,53,3,2026-06-15 09:00:00,2026-06-15 17:00:00,2026-06-15 09:00:00,2026-06-15 17:00:00,completed
1304,53,3,2026-06-15 17:00:00,2026-06-15 21:00:00,2026-06-15 17:00:00,2026-06-15 21:00:00,completed
1305,53,3,2026-06-16 09:15:00,2026-06-16 17:15:00,2026-06-16 09:15:00,2026-06-16 17:15:00,completed
1306,5,3,2026-06-16 17:00:00,2026-06-16 21:00:00,2026-06-16 17:00:00,2026-06-16 21:00:00,completed
1307,53,3,2026-06-17 09:00:00,2026-06-17 17:00:00,2026-06-17 09:00:00,2026-06-17 17:00:00,completed
1308,53,3,2026-06-17 17:00:00,2026-06-17 21:00:00,2026-06-17 17:00:00,2026-06-17 21:00:00,completed
1309,53,3,2026-06-18 09:00:00,2026-06-18 17:00:00,2026-06-18 09:00:00,2026-06-18 17:00:00,completed
1310,53,3,2026-06-18 17:00:00,2026-06-18 21:00:00,2026-06-18 17:00:00,2026-06-18 21:00:00,completed
1311,53,3,2026-06-19 09:00:00,2026-06-19 17:00:00,2026-06-19 09:00:00,2026-06-19 17:00:00,completed
1312,53,3,2026-06-19 17:00:00,2026-06-19 21:00:00,2026-06-19 17:00:00,2026-06-19 21:00:00,completed
1313,53,3,2026-05-27 12:00:00,2026-05-27 20:00:00,,,cancelled
1314,53,3,2026-06-20 09:00:00,2026-06-20 17:00:00,2026-06-20 09:00:00,2026-06-20 17:00:00,completed
1315,53,3,2026-06-20 17:00:00,2026-06-20 21:00:00,2026-06-20 17:00:00,2026-06-20 21:00:00,completed
1316,53,3,2025-11-17 17:00:00,2025-11-17 21:00:00,2025-11-17 17:00:00,2025-11-17 21:00:00,completed
1317,53,3,2026-06-21 09:00:00,2026-06-21 17:00:00,2026-06-21 09:00:00,2026-06-21 17:00:00,completed
1318,53,3,2026-03-17 11:00:00,2026-03-17 15:00:00,,,missed
1319,53,3,2026-06-21 17:00:00,2026-06-21 21:00:00,2026-06-21 17:00:00,2026-06-21 21:00:00,completed
1320,54,3,2026-06-22 09:00:00,2026-06-22 17:00:00,2026-06-22 09:00:00,2026-06-22 17:00:00,completed
1321,54,3,2026-06-22 17:00:00,2026-06-22 21:00:00,2026-06-22 17:00:00,2026-06-22 21:00:00,completed
1322,54,3,2026-06-23 09:00:00,2026-06-23 17:00:00,2026-06-23 09:00:00,2026-06-23 17:00:00,completed
1323,54,3,2026-06-23 17:00:00,2026-06-23 21:00:00,2026-06-23 17:00:00,2026-06-23 21:00:00,completed
1324,54,3,2026-06-24 09:00:00,2026-06-24 17:00:00,2026-06-24 09:00:00,2026-06-24 17:00:00,completed
1325,54,3,2025-11-18 09:00:00,2025-11-18 17:00:00,2025-11-18 09:00:00,2025-11-18 17:00:00,completed
1326,54,3,2026-06-24 17:00:00,2026-06-24 21:00:00,2026-06-24 17:00:00,2026-06-24 21:00:00,completed
1327,54,3,2026-06-25 09:00:00,2026-06-25 17:00:00,2026-06-25 09:00:00,2026-06-25 17:00:00,completed
1328,54,3,2026-06-25 17:00:00,2026-06-25 21:00:00,2026-06-25 17:00:00,2026-06-25 21:00:00,completed
1329,54,3,2026-06-26 09:00:00,2026-06-26 17:00:00,2026-06-26 09:00:00,2026-06-26 17:00:00,completed
1330,54,3,2026-06-26 17:00:00,2026-06-26 21:00:00,2026-06-26 17:00:00,2026-06-26 21:00:00,completed
1331,54,3,2026-06-27 09:00:00,2026-06-27 17:00:00,2026-06-27 09:00:00,2026-06-27 17:00:00,completed
1332,54,3,2026-06-27 17:00:00,2026-06-27 21:00:00,2026-06-27 17:00:00,2026-06-27 21:00:00,completed
1333,54,3,2026-06-28 09:00:00,2026-06-28 17:00:00,2026-06-28 09:00:00,2026-06-28 17:00:00,completed
1334,54,3,2026-06-28 17:00:00,2026-06-28 21:00:00,2026-06-28 17:00:00,2026-06-28 21:00:00,completed
1335,54,3,2026-06-29 09:00:00,2026-06-29 17:00:00,2026-06-29 09:00:00,2026-06-29 17:00:00,completed
1336,54,3,2026-06-29 17:00:00,2026-06-29 21:00:00,2026-06-29 17:00:00,2026-06-29 21:00:00,completed
1337,54,3,2026-06-30 09:00:00,2026-06-30 17:00:00,2026-06-30 09:00:00,2026-06-30 17:00:00,completed
1338,54,3,2026-06-30 17:00:00,2026-06-30 21:00:00,2026-06-30 17:00:00,2026-06-30 21:00:00,completed
1339,54,3,2026-07-01 09:00:00,2026-07-01 17:00:00,2026-07-01 09:00:00,2026-07-01 17:00:00,completed
1340,54,3,2026-07-01 17:00:00,2026-07-01 21:00:00,2026-07-01 17:00:00,2026-07-01 21:00:00,completed
1341,54,3,2026-07-02 09:00:00,2026-07-02 17:00:00,2026-07-02 09:00:00,2026-07-02 17:00:00,completed
1342,54,3,2026-02-21 11:00:00,2026-02-21 19:00:00,,,missed
1343,55,2,2026-05-20 08:00:00,2026-05-20 16:00:00,2026-05-20 08:00:00,2026-05-20 16:00:00,completed
1344,55,2,2026-07-30 10:00:00,2026-07-30 16:00:00,,,missed
1345,55,2,2026-05-20 16:45:00,2026-05-20 21:00:00,2026-05-20 16:45:00,2026-05-20 21:00:00,completed
1346,55,2,2026-05-21 08:00:00,2026-05-21 16:00:00,2026-05-21 08:00:00,2026-05-21 16:00:00,completed
1347,55,2,2026-05-21 16:00:00,2026-05-21 21:00:00,2026-05-21 16:00:00,2026-05-21 21:00:00,completed
1348,55,2,2026-05-22 08:00:00,2026-05-22 16:00:00,2026-05-22 08:00:00,2026-05-22 16:00:00,completed
1349,55,2,2026-05-22 16:00:00,2026-05-22 21:00:00,2026-05-22 16:00:00,2026-05-22 21:00:00,completed
1350,55,2,2026-05-23 08:00:00,2026-05-23 16:00:00,2026-05-23 08:00:00,2026-05-23 16:00:00,completed
1351,55,2,2025-11-20 08:15:00,2025-11-20 16:15:00,2025-11-20 08:15:00,2025-11-20 16:15:00,completed
1352,55,2,2026-05-23 16:00:00,2026-05-23 21:00:00,2026-05-23 16:00:00,2026-05-23 21:00:00,completed
1353,55,2,2025-11-20 16:45:00,2025-11-20 21:00:00,2025-11-20 16:45:00,2025-11-20 21:00:00,completed
1354,55,2,2026-05-24 08:00:00,2026-05-24 16:00:00,2026-05-24 08:00:00,2026-05-24 16:00:00,completed
1355,55,2,2026-03-30 13:00:00,2026-03-30 19:00:00,,,missed
1356,55,2,2026-05-24 16:00:00,2026-05-24 21:00:00,2026-05-24 16:00:00,2026-05-24 21:00:00,completed
1357,55,2,2026-05-25 08:15:00,2026-05-25 16:15:00,2026-05-25 08:15:00,2026-05-25 16:15:00,completed
1358,55,2,2026-01-09 13:00:00,2026-01-09 21:00:00,,,cancelled
1359,55,2,2026-07-21 10:00:00,2026-07-21 14:00:00,,,missed
1360,55,2,2026-05-25 16:30:00,2026-05-25 21:00:00,2026-05-25 16:30:00,2026-05-25 21:00:00,completed
1361,55,2,2025-11-16 11:00:00,2025-11-16 15:00:00,,,missed
1362,55,2,2026-05-26 08:00:00,2026-05-26 16:00:00,2026-05-26 08:00:00,2026-05-26 16:00:00,completed
1363,55,2,2026-05-26 16:15:00,2026-05-26 21:00:00,2026-05-26 16:15:00,2026-05-26 21:00:00,completed
1364,55,2,2026-05-27 08:00:00,2026-05-27 16:00:00,2026-05-27 08:00:00,2026-05-27 16:00:00,completed
1365,55,2,2026-05-27 16:15:00,2026-05-27 21:00:00,2026-05-27 16:15:00,2026-05-27 21:00:00,completed
1366,55,2,2026-05-28 08:15:00,2026-05-28 16:15:00,2026-05-28 08:15:00,2026-05-28 16:15:00,completed
1367,55,2,2026-05-28 17:00:00,2026-05-28 21:00:00,2026-05-28 17:00:00,2026-05-28 21:00:00,completed
1368,55,2,2025-11-07 09:00:00,2025-11-07 17:00:00,,,missed
1369,55,2,2026-07-27 11:00:00,2026-07-27 15:00:00,,,cancelled
1370,55,2,2026-05-29 08:00:00,2026-05-29 16:00:00,2026-05-29 08:00:00,2026-05-29 16:00:00,completed
1371,55,2,2025-11-21 08:15:00,2025-11-21 16:15:00,2025-11-21 08:15:00,2025-11-21 16:15:00,completed
1372,56,3,2025-11-18 17:00:00,2025-11-18 21:00:00,2025-11-18 17:00:00,2025-11-18 21:00:00,completed
1373,56,3,2026-07-02 17:00:00,2026-07-02 21:00:00,2026-07-02 17:00:00,2026-07-02 21:00:00,completed
1374,56,3,2026-07-03 09:00:00,2026-07-03 17:00:00,2026-07-03 09:00:00,2026-07-03 17:00:00,completed
1375,56,3,2026-04-26 09:00:00,2026-04-26 13:00:00,,,missed
1376,56,3,2026-07-03 17:00:00,2026-07-03 21:00:00,2026-07-03 17:00:00,2026-07-03 21:00:00,completed
1377,56,3,2026-07-04 09:00:00,2026-07-04 17:00:00,2026-07-04 09:00:00,2026-07-04 17:00:00,completed
1378,56,3,2026-07-04 17:00:00,2026-07-04 21:00:00,2026-07-04 17:00:00,2026-07-04 21:00:00,completed
1379,56,3,2026-07-05 09:00:00,2026-07-05 17:00:00,2026-07-05 09:00:00,2026-07-05 17:00:00,completed
1380,56,3,2026-07-05 17:00:00,2026-07-05 21:00:00,2026-07-05 17:00:00,2026-07-05 21:00:00,completed
1381,56,3,2026-07-06 09:00:00,2026-07-06 17:00:00,2026-07-06 09:00:00,2026-07-06 17:00:00,completed
1382,56,3,2025-11-19 09:00:00,2025-11-19 17:00:00,2025-11-19 09:00:00,2025-11-19 17:00:00,completed
1383,56,3,2026-07-06 17:00:00,2026-07-06 21:00:00,2026-07-06 17:00:00,2026-07-06 21:00:00,completed
1384,56,3,2026-06-29 13:00:00,2026-06-29 17:00:00,,,cancelled
1385,56,3,2026-07-07 09:00:00,2026-07-07 17:00:00,2026-07-07 09:00:00,2026-07-07 17:00:00,completed
1386,56,3,2026-07-07 17:00:00,2026-07-07 21:00:00,2026-07-07 17:00:00,2026-07-07 21:00:00,completed
1387,56,3,2026-07-08 09:00:00,2026-07-08 17:00:00,2026-07-08 09:00:00,2026-07-08 17:00:00,completed
1388,56,3,2026-07-08 17:00:00,2026-07-08 21:00:00,2026-07-08 17:00:00,2026-07-08 21:00:00,completed
1389,56,3,2026-07-09 09:00:00,2026-07-09 17:00:00,2026-07-09 09:00:00,2026-07-09 17:00:00,completed
1390,56,3,2026-07-09 17:00:00,2026-07-09 21:00:00,2026-07-09 17:00:00,2026-07-09 21:00:00,completed
1391,56,3,2026-03-15 13:00:00,2026-03-15 21:00:00,,,missed
1392,56,3,2026-07-10 09:00:00,2026-07-10 17:00:00,2026-07-10 09:00:00,2026-07-10 17:00:00,completed
1393,56,3,2026-07-10 17:00:00,2026-07-10 21:00:00,2026-07-10 17:00:00,2026-07-10 21:00:00,completed
1394,56,3,2026-07-11 09:15:00,2026-07-11 17:15:00,2026-07-11 09:15:00,2026-07-11 17:15:00,completed
1395,56,3,2025-11-19 17:00:00,2025-11-19 21:00:00,2025-11-19 17:00:00,2025-11-19 21:00:00,completed
1396,5,3,2026-07-11 17:00:00,2026-07-11 21:00:00,2026-07-11 17:00:00,2026-07-11 21:00:00,completed
1397,56,3,2026-07-12 09:00:00,2026-07-12 17:00:00,2026-07-12 09:00:00,2026-07-12 17:00:00,completed
1398,58,3,2026-07-12 17:00:00,2026-07-12 21:00:00,2026-07-12 17:00:00,2026-07-12 21:00:00,completed
1399,58,3,2026-07-13 09:00:00,2026-07-13 17:00:00,2026-07-13 09:00:00,2026-07-13 17:00:00,completed
1400,58,3,2026-07-13 17:00:00,2026-07-13 21:00:00,2026-07-13 17:00:00,2026-07-13 21:00:00,completed
1401,58,3,2026-07-14 09:00:00,2026-07-14 17:00:00,2026-07-14 09:00:00,2026-07-14 17:00:00,completed
1402,58,3,2026-07-14 17:00:00,2026-07-14 21:00:00,2026-07-14 17:00:00,2026-07-14 21:00:00,completed
1403,58,3,2026-07-15 09:15:00,2026-07-15 17:15:00,2026-07-15 09:15:00,2026-07-15 17:15:00,completed
1404,5,3,2026-07-15 17:00:00,2026-07-15 21:00:00,2026-07-15 17:00:00,2026-07-15 21:00:00,completed
1405,58,3,2026-07-16 09:00:00,2026-07-16 17:00:00,2026-07-16 09:00:00,2026-07-16 17:00:00,completed
1406,58,3,2026-07-16 17:00:00,2026-07-16 21:00:00,2026-07-16 17:00:00,2026-07-16 21:00:00,completed
1407,58,3,2026-07-17 09:00:00,2026-07-17 17:00:00,2026-07-17 09:00:00,2026-07-17 17:00:00,completed
1408,58,3,2026-07-17 17:00:00,2026-07-17 21:00:00,2026-07-17 17:00:00,2026-07-17 21:00:00,completed
1409,58,3,2026-07-18 09:00:00,2026-07-18 17:00:00,2026-07-18 09:00:00,2026-07-18 17:00:00,completed
1410,58,3,2026-07-18 17:00:00,2026-07-18 21:00:00,2026-07-18 17:00:00,2026-07-18 21:00:00,completed
1411,58,3,2026-02-10 09:00:00,2026-02-10 17:00:00,,,cancelled
1412,58,3,2026-07-19 09:00:00,2026-07-19 17:00:00,2026-07-19 09:00:00,2026-07-19 17:00:00,completed
1413,58,3,2026-07-19 17:00:00,2026-07-19 21:00:00,2026-07-19 17:00:00,2026-07-19 21:00:00,completed
1414,58,3,2026-07-20 09:00:00,2026-07-20 17:00:00,2026-07-20 09:00:00,2026-07-20 17:00:00,completed
1415,58,3,2025-11-20 09:15:00,2025-11-20 17:15:00,2025-11-20 09:15:00,2025-11-20 17:15:00,completed
1416,58,3,2026-07-20 17:00:00,2026-07-20 21:00:00,2026-07-20 17:00:00,2026-07-20 21:00:00,completed
1417,58,3,2026-07-21 09:00:00,2026-07-21 17:00:00,2026-07-21 09:00:00,2026-07-21 17:00:00,completed
1418,58,3,2026-07-21 17:00:00,2026-07-21 21:00:00,2026-07-21 17:00:00,2026-07-21 21:00:00,completed
1419,58,3,2026-07-22 09:00:00,2026-07-22 17:00:00,2026-07-22 09:00:00,2026-07-22 17:00:00,completed
1420,58,3,2026-07-22 17:00:00,2026-07-22 21:00:00,2026-07-22 17:00:00,2026-07-22 21:00:00,completed
1421,58,3,2026-07-23 09:00:00,2026-07-23 17:00:00,2026-07-23 09:00:00,2026-07-23 17:00:00,completed
1422,58,3,2026-07-23 17:00:00,2026-07-23 21:00:00,2026-07-23 17:00:00,2026-07-23 21:00:00,completed
1423,58,3,2026-07-24 09:15:00,2026-07-24 17:15:00,2026-07-24 09:15:00,2026-07-24 17:15:00,completed
1424,58,3,2026-04-05 11:00:00,2026-04-05 19:00:00,,,cancelled
1425,5,3,2025-11-20 17:00:00,2025-11-20 21:00:00,2025-11-20 17:00:00,2025-11-20 21:00:00,completed
1426,5,3,2026-07-24 17:00:00,2026-07-24 21:00:00,2026-07-24 17:00:00,2026-07-24 21:00:00,completed
1427,58,3,2026-07-25 09:15:00,2026-07-25 17:15:00,2026-07-25 09:15:00,2026-07-25 17:15:00,completed
1428,58,3,2025-11-21 09:00:00,2025-11-21 17:00:00,2025-11-21 09:00:00,2025-11-21 17:00:00,completed
1429,5,3,2026-07-25 17:00:00,2026-07-25 21:00:00,2026-07-25 17:00:00,2026-07-25 21:00:00,completed
1430,58,3,2026-07-26 09:00:00,2026-07-26 17:00:00,2026-07-26 09:00:00,2026-07-26 17:00:00,completed
1431,58,3,2026-07-26 17:00:00,2026-07-26 21:00:00,2026-07-26 17:00:00,2026-07-26 21:00:00,completed
1432,58,3,2025-11-21 17:00:00,2025-11-21 21:00:00,2025-11-21 17:00:00,2025-11-21 21:00:00,completed
1433,60,2,2026-05-29 16:30:00,2026-05-29 21:00:00,2026-05-29 16:30:00,2026-05-29 21:00:00,completed
1434,60,2,2026-05-30 08:15:00,2026-05-30 16:15:00,2026-05-30 08:15:00,2026-05-30 16:15:00,completed
1435,60,2,2026-07-21 09:00:00,2026-07-21 17:00:00,,,cancelled
1436,60,2,2026-05-30 17:00:00,2026-05-30 21:00:00,2026-05-30 17:00:00,2026-05-30 21:00:00,completed
1437,60,2,2026-05-31 08:00:00,2026-05-31 16:00:00,2026-05-31 08:00:00,2026-05-31 16:00:00,completed
1438,60,2,2026-05-31 16:15:00,2026-05-31 21:00:00,2026-05-31 16:15:00,2026-05-31 21:00:00,completed
1439,60,2,2026-06-01 08:15:00,2026-06-01 16:15:00,2026-06-01 08:15:00,2026-06-01 16:15:00,completed
1440,60,2,2026-06-01 16:30:00,2026-06-01 21:00:00,2026-06-01 16:30:00,2026-06-01 21:00:00,completed
1441,60,2,2026-06-02 08:15:00,2026-06-02 16:15:00,2026-06-02 08:15:00,2026-06-02 16:15:00,completed
1442,60,2,2026-06-02 16:15:00,2026-06-02 21:00:00,2026-06-02 16:15:00,2026-06-02 21:00:00,completed
1443,60,2,2026-06-03 08:15:00,2026-06-03 16:15:00,2026-06-03 08:15:00,2026-06-03 16:15:00,completed
1444,60,2,2026-06-03 16:30:00,2026-06-03 21:00:00,2026-06-03 16:30:00,2026-06-03 21:00:00,completed
1445,60,2,2025-11-21 17:00:00,2025-11-21 21:00:00,2025-11-21 17:00:00,2025-11-21 21:00:00,completed
1446,60,2,2026-06-04 08:00:00,2026-06-04 16:00:00,2026-06-04 08:00:00,2026-06-04 16:00:00,completed
1447,60,2,2026-06-04 16:45:00,2026-06-04 21:00:00,2026-06-04 16:45:00,2026-06-04 21:00:00,completed
1448,60,2,2026-06-05 08:00:00,2026-06-05 16:00:00,2026-06-05 08:00:00,2026-06-05 16:00:00,completed
1449,60,2,2026-06-05 16:15:00,2026-06-05 21:00:00,2026-06-05 16:15:00,2026-06-05 21:00:00,completed
1450,60,2,2026-06-06 08:45:00,2026-06-06 16:45:00,2026-06-06 08:45:00,2026-06-06 16:45:00,completed
1451,60,2,2026-06-06 17:00:00,2026-06-06 21:00:00,2026-06-06 17:00:00,2026-06-06 21:00:00,completed
1452,60,2,2026-06-07 08:15:00,2026-06-07 16:15:00,2026-06-07 08:15:00,2026-06-07 16:15:00,completed
1453,60,2,2026-06-07 16:30:00,2026-06-07 21:00:00,2026-06-07 16:30:00,2026-06-07 21:00:00,completed
1454,60,2,2026-06-08 08:00:00,2026-06-08 16:00:00,2026-06-08 08:00:00,2026-06-08 16:00:00,completed
1455,60,2,2026-06-08 16:00:00,2026-06-08 21:00:00,2026-06-08 16:00:00,2026-06-08 21:00:00,completed
1456,61,3,2026-07-27 09:00:00,2026-07-27 17:00:00,2026-07-27 09:00:00,2026-07-27 17:00:00,completed
1457,61,3,2026-07-27 17:00:00,2026-07-27 21:00:00,2026-07-27 17:00:00,2026-07-27 21:00:00,completed
1458,61,3,2026-07-28 09:15:00,2026-07-28 17:15:00,2026-07-28 09:15:00,2026-07-28 17:15:00,completed
1459,5,3,2026-07-28 17:00:00,2026-07-28 21:00:00,2026-07-28 17:00:00,2026-07-28 21:00:00,completed
1460,61,3,2026-07-29 09:00:00,2026-07-29 17:00:00,2026-07-29 09:00:00,2026-07-29 17:00:00,completed
1461,61,3,2026-07-29 17:00:00,2026-07-29 21:00:00,2026-07-29 17:00:00,2026-07-29 21:00:00,completed
1462,61,3,2026-07-30 09:15:00,2026-07-30 17:15:00,2026-07-30 09:15:00,2026-07-30 17:15:00,completed
1463,61,3,2026-04-07 11:00:00,2026-04-07 19:00:00,,,cancelled
1464,5,3,2026-07-30 17:00:00,2026-07-30 21:00:00,2026-07-30 17:00:00,2026-07-30 21:00:00,completed
1465,61,3,2026-07-31 09:00:00,2026-07-31 17:00:00,2026-07-31 09:00:00,2026-07-31 17:00:00,completed
1466,61,3,2026-07-31 17:00:00,2026-07-31 21:00:00,2026-07-31 17:00:00,2026-07-31 21:00:00,completed
1467,61,3,2026-01-04 10:00:00,2026-01-04 16:00:00,2026-01-04 10:19:00,2026-01-04 16:17:00,completed
1468,61,3,2025-12-26 09:00:00,2025-12-26 15:00:00,2025-12-26 09:00:00,2025-12-26 15:17:00,completed
1469,61,3,2026-02-03 14:00:00,2026-02-03 18:00:00,2026-02-03 14:18:00,2026-02-03 18:01:00,completed
1470,61,3,2026-04-07 11:00:00,2026-04-07 19:00:00,,,cancelled
1471,61,3,2026-03-20 11:00:00,2026-03-20 15:00:00,,,cancelled
1472,61,3,2026-07-16 10:00:00,2026-07-16 14:00:00,2026-07-16 09:54:00,2026-07-16 14:09:00,completed
1473,61,3,2026-05-15 13:00:00,2026-05-15 21:00:00,2026-05-15 13:02:00,2026-05-15 21:00:00,completed
1474,61,3,2026-05-02 13:00:00,2026-05-02 19:00:00,2026-05-02 13:20:00,2026-05-02 19:02:00,completed
1475,61,3,2025-11-22 09:00:00,2025-11-22 17:00:00,2025-11-22 09:00:00,2025-11-22 17:00:00,completed
1476,61,3,2026-02-02 11:00:00,2026-02-02 17:00:00,2026-02-02 10:57:00,2026-02-02 16:56:00,completed
1477,61,3,2025-11-22 17:00:00,2025-11-22 21:00:00,2025-11-22 17:00:00,2025-11-22 21:00:00,completed
1478,61,3,2025-11-24 13:00:00,2025-11-24 21:00:00,2025-11-24 12:49:00,2025-11-24 21:00:00,completed
1479,61,3,2026-05-20 11:00:00,2026-05-20 15:00:00,,,cancelled
1480,61,3,2026-03-31 12:00:00,2026-03-31 16:00:00,2026-03-31 12:15:00,2026-03-31 15:53:00,completed
1481,61,3,2026-01-18 12:00:00,2026-01-18 16:00:00,2026-01-18 11:54:00,2026-01-18 15:56:00,completed
1482,61,3,2025-12-04 13:00:00,2025-12-04 21:00:00,2025-12-04 12:51:00,2025-12-04 21:00:00,completed
1483,61,3,2026-07-11 13:00:00,2026-07-11 17:00:00,2026-07-11 12:53:00,2026-07-11 17:03:00,completed
1484,61,3,2026-01-09 12:00:00,2026-01-09 16:00:00,2026-01-09 11:55:00,2026-01-09 16:11:00,completed
1485,62,3,2026-02-15 12:00:00,2026-02-15 18:00:00,,,cancelled
1486,62,3,2026-06-27 14:00:00,2026-06-27 20:00:00,,,cancelled
1487,62,3,2026-05-30 13:00:00,2026-05-30 21:00:00,2026-05-30 12:50:00,2026-05-30 21:00:00,completed
1488,62,3,2026-01-04 14:00:00,2026-01-04 20:00:00,2026-01-04 14:12:00,2026-01-04 20:17:00,completed
1489,62,3,2026-07-01 10:00:00,2026-07-01 16:00:00,2026-07-01 10:10:00,2026-07-01 15:52:00,completed
1490,62,3,2025-12-17 12:00:00,2025-12-17 18:00:00,2025-12-17 11:59:00,2025-12-17 18:03:00,completed
1491,62,3,2025-11-23 09:00:00,2025-11-23 17:00:00,2025-11-23 09:00:00,2025-11-23 17:00:00,completed
1492,62,3,2026-06-06 12:00:00,2026-06-06 16:00:00,2026-06-06 12:08:00,2026-06-06 15:52:00,completed
1493,62,3,2025-12-24 10:00:00,2025-12-24 16:00:00,2025-12-24 10:19:00,2025-12-24 16:05:00,completed
1494,62,3,2026-05-14 13:00:00,2026-05-14 21:00:00,,,cancelled
1495,62,3,2025-11-10 11:00:00,2025-11-10 19:00:00,2025-11-10 11:11:00,2025-11-10 19:03:00,completed
1496,62,3,2026-06-20 11:00:00,2026-06-20 15:00:00,2026-06-20 11:14:00,2026-06-20 15:19:00,completed
1497,62,3,2025-11-04 09:00:00,2025-11-04 15:00:00,2025-11-04 09:00:00,2025-11-04 15:05:00,completed
1498,62,3,2025-11-02 12:00:00,2025-11-02 18:00:00,2025-11-02 12:07:00,2025-11-02 18:04:00,completed
1499,62,3,2026-03-04 09:00:00,2026-03-04 13:00:00,2026-03-04 09:20:00,2026-03-04 13:02:00,completed
1500,62,3,2026-04-25 13:00:00,2026-04-25 21:00:00,2026-04-25 12:56:00,2026-04-25 21:00:00,completed
1501,62,3,2026-02-19 09:00:00,2026-02-19 15:00:00,2026-02-19 09:05:00,2026-02-19 14:55:00,completed
1502,62,3,2026-02-15 11:00:00,2026-02-15 17:00:00,,,missed
1503,62,3,2026-03-06 09:00:00,2026-03-06 15:00:00,2026-03-06 09:10:00,2026-03-06 14:59:00,completed
1504,62,3,2025-12-28 10:00:00,2025-12-28 16:00:00,2025-12-28 10:05:00,2025-12-28 16:13:00,completed
1505,62,3,2026-06-27 13:00:00,2026-06-27 17:00:00,,,missed
1506,62,3,2026-01-08 13:00:00,2026-01-08 17:00:00,2026-01-08 13:06:00,2026-01-08 17:00:00,completed
1507,62,3,2025-11-29 11:00:00,2025-11-29 19:00:00,2025-11-29 11:06:00,2025-11-29 19:00:00,completed
1508,62,3,2026-04-29 11:00:00,2026-04-29 17:00:00,2026-04-29 11:19:00,2026-04-29 17:02:00,completed
1509,62,3,2026-04-01 12:00:00,2026-04-01 18:00:00,2026-04-01 11:59:00,2026-04-01 18:11:00,completed
1510,62,3,2026-06-30 12:00:00,2026-06-30 20:00:00,,,cancelled
1511,62,3,2026-04-16 09:00:00,2026-04-16 13:00:00,2026-04-16 09:00:00,2026-04-16 12:59:00,completed
1512,62,3,2026-05-14 09:00:00,2026-05-14 15:00:00,2026-05-14 09:04:00,2026-05-14 15:20:00,completed
1513,63,2,2026-01-06 12:00:00,2026-01-06 20:00:00,,,cancelled
1514,63,2,2025-11-22 08:15:00,2025-11-22 16:15:00,2025-11-22 08:15:00,2025-11-22 16:15:00,completed
1515,63,2,2026-06-09 08:00:00,2026-06-09 16:00:00,2026-06-09 08:00:00,2026-06-09 16:00:00,completed
1516,63,2,2026-06-09 16:00:00,2026-06-09 21:00:00,2026-06-09 16:00:00,2026-06-09 21:00:00,completed
1517,63,2,2026-06-10 08:00:00,2026-06-10 16:00:00,2026-06-10 08:00:00,2026-06-10 16:00:00,completed
1518,63,2,2026-06-10 16:00:00,2026-06-10 21:00:00,2026-06-10 16:00:00,2026-06-10 21:00:00,completed
1519,63,2,2026-06-11 08:00:00,2026-06-11 16:00:00,2026-06-11 08:00:00,2026-06-11 16:00:00,completed
1520,63,2,2026-06-11 16:15:00,2026-06-11 21:00:00,2026-06-11 16:15:00,2026-06-11 21:00:00,completed
1521,63,2,2026-06-12 08:30:00,2026-06-12 16:30:00,2026-06-12 08:30:00,2026-06-12 16:30:00,completed
1522,63,2,2026-06-12 16:30:00,2026-06-12 21:00:00,2026-06-12 16:30:00,2026-06-12 21:00:00,completed
1523,63,2,2026-02-11 11:00:00,2026-02-11 15:00:00,,,missed
1524,63,2,2025-11-21 13:00:00,2025-11-21 17:00:00,,,cancelled
1525,63,2,2026-06-13 08:15:00,2026-06-13 16:15:00,2026-06-13 08:15:00,2026-06-13 16:15:00,completed
1526,63,2,2026-06-13 16:30:00,2026-06-13 21:00:00,2026-06-13 16:30:00,2026-06-13 21:00:00,completed
1527,63,2,2026-06-14 08:00:00,2026-06-14 16:00:00,2026-06-14 08:00:00,2026-06-14 16:00:00,completed
1528,63,2,2026-04-15 13:00:00,2026-04-15 19:00:00,,,cancelled
1529,63,2,2026-06-14 16:15:00,2026-06-14 21:00:00,2026-06-14 16:15:00,2026-06-14 21:00:00,completed
1530,63,2,2026-06-15 08:00:00,2026-06-15 16:00:00,2026-06-15 08:00:00,2026-06-15 16:00:00,completed
1531,63,2,2025-12-11 08:00:00,2025-12-11 12:00:00,,,missed
1532,63,2,2026-05-28 11:00:00,2026-05-28 19:00:00,,,missed
1533,63,2,2025-11-22 16:30:00,2025-11-22 21:00:00,2025-11-22 16:30:00,2025-11-22 21:00:00,completed
1534,63,2,2026-06-15 16:15:00,2026-06-15 21:00:00,2026-06-15 16:15:00,2026-06-15 21:00:00,completed
1535,63,2,2026-06-16 08:00:00,2026-06-16 16:00:00,2026-06-16 08:00:00,2026-06-16 16:00:00,completed
1536,63,2,2026-06-16 16:30:00,2026-06-16 21:00:00,2026-06-16 16:30:00,2026-06-16 21:00:00,completed
1537,63,2,2026-06-17 09:00:00,2026-06-17 17:00:00,2026-06-17 09:00:00,2026-06-17 17:00:00,completed
1538,63,2,2026-06-17 17:00:00,2026-06-17 21:00:00,2026-06-17 17:00:00,2026-06-17 21:00:00,completed
1539,63,2,2026-06-18 08:00:00,2026-06-18 16:00:00,2026-06-18 08:00:00,2026-06-18 16:00:00,completed
1540,64,3,2026-04-22 12:00:00,2026-04-22 18:00:00,2026-04-22 11:50:00,2026-04-22 18:12:00,completed
1541,64,3,2026-07-15 13:00:00,2026-07-15 17:00:00,2026-07-15 13:11:00,2026-07-15 17:08:00,completed
1542,64,3,2026-06-09 12:00:00,2026-06-09 20:00:00,2026-06-09 11:54:00,2026-06-09 19:55:00,completed
1543,64,3,2026-06-27 11:00:00,2026-06-27 17:00:00,2026-06-27 10:53:00,2026-06-27 17:16:00,completed
1544,64,3,2026-02-05 14:00:00,2026-02-05 18:00:00,2026-02-05 13:55:00,2026-02-05 18:12:00,completed
1545,64,3,2026-04-30 11:00:00,2026-04-30 15:00:00,2026-04-30 11:20:00,2026-04-30 15:07:00,completed
1546,64,3,2025-11-23 17:00:00,2025-11-23 21:00:00,2025-11-23 17:00:00,2025-11-23 21:00:00,completed
1547,64,3,2026-03-14 09:00:00,2026-03-14 13:00:00,,,missed
1548,64,3,2026-07-22 12:00:00,2026-07-22 20:00:00,2026-07-22 11:58:00,2026-07-22 19:55:00,completed
1549,64,3,2026-03-04 09:00:00,2026-03-04 17:00:00,2026-03-04 09:00:00,2026-03-04 17:03:00,completed
1550,64,3,2026-03-28 13:00:00,2026-03-28 19:00:00,2026-03-28 13:11:00,2026-03-28 19:07:00,completed
1551,64,3,2026-01-20 14:00:00,2026-01-20 20:00:00,2026-01-20 14:05:00,2026-01-20 20:13:00,completed
1552,64,3,2026-07-12 11:00:00,2026-07-12 19:00:00,2026-07-12 11:11:00,2026-07-12 19:01:00,completed
1553,64,3,2026-04-24 11:00:00,2026-04-24 19:00:00,,,missed
1554,64,3,2026-05-09 10:00:00,2026-05-09 18:00:00,,,cancelled
1555,64,3,2025-11-25 10:00:00,2025-11-25 16:00:00,2025-11-25 10:04:00,2025-11-25 16:06:00,completed
1556,64,3,2026-05-09 09:00:00,2026-05-09 17:00:00,2026-05-09 09:00:00,2026-05-09 17:13:00,completed
1557,64,3,2026-04-11 12:00:00,2026-04-11 20:00:00,2026-04-11 11:50:00,2026-04-11 19:50:00,completed
1558,64,3,2026-01-08 09:00:00,2026-01-08 13:00:00,2026-01-08 09:00:00,2026-01-08 12:46:00,completed
1559,64,3,2026-03-19 11:00:00,2026-03-19 17:00:00,,,cancelled
1560,64,3,2025-12-04 13:00:00,2025-12-04 17:00:00,2025-12-04 13:17:00,2025-12-04 16:52:00,completed
1561,13,2,2025-11-23 08:15:00,2025-11-23 16:15:00,2025-11-23 08:15:00,2025-11-23 16:15:00,completed
1562,65,2,2026-06-18 16:00:00,2026-06-18 21:00:00,2026-06-18 16:00:00,2026-06-18 21:00:00,completed
1563,65,2,2026-07-14 11:00:00,2026-07-14 17:00:00,,,cancelled
1564,65,2,2026-06-19 08:15:00,2026-06-19 16:15:00,2026-06-19 08:15:00,2026-06-19 16:15:00,completed
1565,65,2,2026-06-19 16:30:00,2026-06-19 21:00:00,2026-06-19 16:30:00,2026-06-19 21:00:00,completed
1566,65,2,2026-06-20 08:00:00,2026-06-20 16:00:00,2026-06-20 08:00:00,2026-06-20 16:00:00,completed
1567,65,2,2026-07-15 09:00:00,2026-07-15 13:00:00,,,cancelled
1568,65,2,2026-06-20 16:15:00,2026-06-20 21:00:00,2026-06-20 16:15:00,2026-06-20 21:00:00,completed
1569,65,2,2026-06-21 08:15:00,2026-06-21 16:15:00,2026-06-21 08:15:00,2026-06-21 16:15:00,completed
1570,65,2,2026-06-21 16:45:00,2026-06-21 21:00:00,2026-06-21 16:45:00,2026-06-21 21:00:00,completed
1571,65,2,2026-06-21 14:00:00,2026-06-21 18:00:00,,,cancelled
1572,65,2,2026-06-05 14:00:00,2026-06-05 18:00:00,,,cancelled
1573,65,2,2026-06-22 08:00:00,2026-06-22 16:00:00,2026-06-22 08:00:00,2026-06-22 16:00:00,completed
1574,65,2,2026-06-07 13:00:00,2026-06-07 21:00:00,,,cancelled
1575,65,2,2026-06-22 16:00:00,2026-06-22 21:00:00,2026-06-22 16:00:00,2026-06-22 21:00:00,completed
1576,65,2,2026-06-23 08:00:00,2026-06-23 16:00:00,2026-06-23 08:00:00,2026-06-23 16:00:00,completed
1577,65,2,2026-06-23 16:15:00,2026-06-23 21:00:00,2026-06-23 16:15:00,2026-06-23 21:00:00,completed
1578,65,2,2026-06-24 08:00:00,2026-06-24 16:00:00,2026-06-24 08:00:00,2026-06-24 16:00:00,completed
1579,13,2,2025-11-23 16:45:00,2025-11-23 21:00:00,2025-11-23 16:45:00,2025-11-23 21:00:00,completed
1580,65,2,2026-06-24 16:30:00,2026-06-24 21:00:00,2026-06-24 16:30:00,2026-06-24 21:00:00,completed
1581,65,2,2026-06-25 08:15:00,2026-06-25 16:15:00,2026-06-25 08:15:00,2026-06-25 16:15:00,completed
1582,65,2,2026-06-25 16:45:00,2026-06-25 21:00:00,2026-06-25 16:45:00,2026-06-25 21:00:00,completed
1583,65,2,2026-06-07 14:00:00,2026-06-07 20:00:00,,,cancelled
1584,65,2,2026-06-26 08:30:00,2026-06-26 16:30:00,2026-06-26 08:30:00,2026-06-26 16:30:00,completed
1585,65,2,2026-06-26 16:30:00,2026-06-26 21:00:00,2026-06-26 16:30:00,2026-06-26 21:00:00,completed
1586,65,2,2026-06-27 08:00:00,2026-06-27 16:00:00,2026-06-27 08:00:00,2026-06-27 16:00:00,completed
1587,65,2,2026-06-27 16:00:00,2026-06-27 21:00:00,2026-06-27 16:00:00,2026-06-27 21:00:00,completed
1588,65,2,2026-06-28 08:00:00,2026-06-28 16:00:00,2026-06-28 08:00:00,2026-06-28 16:00:00,completed
1589,66,1,2026-03-31 16:30:00,2026-03-31 22:00:00,2026-03-31 16:30:00,2026-03-31 22:00:00,completed
1590,66,1,2026-04-01 08:00:00,2026-04-01 16:00:00,2026-04-01 08:00:00,2026-04-01 16:00:00,completed
1591,66,1,2026-04-01 16:15:00,2026-04-01 22:00:00,2026-04-01 16:15:00,2026-04-01 22:00:00,completed
1592,66,1,2026-04-02 08:00:00,2026-04-02 16:00:00,2026-04-02 08:00:00,2026-04-02 16:00:00,completed
1593,66,1,2026-04-02 16:00:00,2026-04-02 22:00:00,2026-04-02 16:00:00,2026-04-02 22:00:00,completed
1594,66,1,2026-05-08 08:15:00,2026-05-08 16:15:00,2026-05-08 08:15:00,2026-05-08 16:15:00,completed
1595,66,1,2026-04-03 08:15:00,2026-04-03 16:15:00,2026-04-03 08:15:00,2026-04-03 16:15:00,completed
1596,66,1,2026-04-03 16:45:00,2026-04-03 22:00:00,2026-04-03 16:45:00,2026-04-03 22:00:00,completed
1597,66,1,2026-04-04 08:00:00,2026-04-04 16:00:00,2026-04-04 08:00:00,2026-04-04 16:00:00,completed
1598,66,1,2026-04-04 16:30:00,2026-04-04 22:00:00,2026-04-04 16:30:00,2026-04-04 22:00:00,completed
1599,66,1,2026-04-05 08:00:00,2026-04-05 16:00:00,2026-04-05 08:00:00,2026-04-05 16:00:00,completed
1600,66,1,2026-04-05 16:00:00,2026-04-05 22:00:00,2026-04-05 16:00:00,2026-04-05 22:00:00,completed
1601,66,1,2026-04-06 08:15:00,2026-04-06 16:15:00,2026-04-06 08:15:00,2026-04-06 16:15:00,completed
1602,66,1,2026-04-06 16:30:00,2026-04-06 22:00:00,2026-04-06 16:30:00,2026-04-06 22:00:00,completed
1603,66,1,2025-11-16 17:00:00,2025-11-16 22:00:00,2025-11-16 17:00:00,2025-11-16 22:00:00,completed
1604,66,1,2026-05-29 16:30:00,2026-05-29 22:00:00,2026-05-29 16:30:00,2026-05-29 22:00:00,completed
1605,66,1,2026-04-07 08:00:00,2026-04-07 16:00:00,2026-04-07 08:00:00,2026-04-07 16:00:00,completed
1606,66,1,2025-11-17 08:00:00,2025-11-17 16:00:00,2025-11-17 08:00:00,2025-11-17 16:00:00,completed
1607,66,1,2026-04-07 16:00:00,2026-04-07 22:00:00,2026-04-07 16:00:00,2026-04-07 22:00:00,completed
1608,66,1,2026-04-08 08:00:00,2026-04-08 16:00:00,2026-04-08 08:00:00,2026-04-08 16:00:00,completed
1609,66,1,2026-05-30 08:15:00,2026-05-30 16:15:00,2026-05-30 08:15:00,2026-05-30 16:15:00,completed
1610,66,1,2026-05-30 17:15:00,2026-05-30 22:00:00,2026-05-30 17:15:00,2026-05-30 22:00:00,completed
1611,66,1,2026-04-08 16:15:00,2026-04-08 22:00:00,2026-04-08 16:15:00,2026-04-08 22:00:00,completed
1612,66,1,2026-05-31 08:00:00,2026-05-31 16:00:00,2026-05-31 08:00:00,2026-05-31 16:00:00,completed
1613,66,1,2026-04-09 08:30:00,2026-04-09 16:30:00,2026-04-09 08:30:00,2026-04-09 16:30:00,completed
1614,66,1,2026-05-31 16:00:00,2026-05-31 22:00:00,2026-05-31 16:00:00,2026-05-31 22:00:00,completed
1615,66,1,2026-06-01 08:00:00,2026-06-01 16:00:00,2026-06-01 08:00:00,2026-06-01 16:00:00,completed
1616,66,1,2026-04-09 16:30:00,2026-04-09 22:00:00,2026-04-09 16:30:00,2026-04-09 22:00:00,completed
1617,66,1,2026-04-10 08:00:00,2026-04-10 16:00:00,2026-04-10 08:00:00,2026-04-10 16:00:00,completed
1618,67,1,2026-04-10 16:15:00,2026-04-10 22:00:00,2026-04-10 16:15:00,2026-04-10 22:00:00,completed
1619,67,1,2026-06-01 16:15:00,2026-06-01 22:00:00,2026-06-01 16:15:00,2026-06-01 22:00:00,completed
1620,67,1,2026-05-08 16:15:00,2026-05-08 22:00:00,2026-05-08 16:15:00,2026-05-08 22:00:00,completed
1621,67,1,2026-04-11 08:15:00,2026-04-11 16:15:00,2026-04-11 08:15:00,2026-04-11 16:15:00,completed
1622,67,1,2026-04-11 16:30:00,2026-04-11 22:00:00,2026-04-11 16:30:00,2026-04-11 22:00:00,completed
1623,67,1,2026-04-12 08:15:00,2026-04-12 16:15:00,2026-04-12 08:15:00,2026-04-12 16:15:00,completed
1624,67,1,2026-04-12 16:15:00,2026-04-12 22:00:00,2026-04-12 16:15:00,2026-04-12 22:00:00,completed
1625,67,1,2026-04-13 08:45:00,2026-04-13 16:45:00,2026-04-13 08:45:00,2026-04-13 16:45:00,completed
1626,67,1,2026-04-13 17:00:00,2026-04-13 22:00:00,2026-04-13 17:00:00,2026-04-13 22:00:00,completed
1627,67,1,2026-04-14 08:45:00,2026-04-14 16:45:00,2026-04-14 08:45:00,2026-04-14 16:45:00,completed
1628,67,1,2026-04-14 16:45:00,2026-04-14 22:00:00,2026-04-14 16:45:00,2026-04-14 22:00:00,completed
1629,67,1,2026-04-15 08:00:00,2026-04-15 16:00:00,2026-04-15 08:00:00,2026-04-15 16:00:00,completed
1630,67,1,2026-04-15 16:15:00,2026-04-15 22:00:00,2026-04-15 16:15:00,2026-04-15 22:00:00,completed
1631,67,1,2026-04-16 08:00:00,2026-04-16 16:00:00,2026-04-16 08:00:00,2026-04-16 16:00:00,completed
1632,67,1,2026-04-16 16:45:00,2026-04-16 22:00:00,2026-04-16 16:45:00,2026-04-16 22:00:00,completed
1633,67,1,2026-04-17 08:15:00,2026-04-17 16:15:00,2026-04-17 08:15:00,2026-04-17 16:15:00,completed
1634,67,1,2026-04-17 16:45:00,2026-04-17 22:00:00,2026-04-17 16:45:00,2026-04-17 22:00:00,completed
1635,67,1,2026-04-18 08:00:00,2026-04-18 16:00:00,2026-04-18 08:00:00,2026-04-18 16:00:00,completed
1636,67,1,2026-04-18 16:45:00,2026-04-18 22:00:00,2026-04-18 16:45:00,2026-04-18 22:00:00,completed
1637,67,1,2026-04-19 08:00:00,2026-04-19 16:00:00,2026-04-19 08:00:00,2026-04-19 16:00:00,completed
1638,67,1,2026-04-19 16:45:00,2026-04-19 22:00:00,2026-04-19 16:45:00,2026-04-19 22:00:00,completed
1639,67,1,2026-04-20 08:00:00,2026-04-20 16:00:00,2026-04-20 08:00:00,2026-04-20 16:00:00,completed
1640,67,1,2026-04-20 16:00:00,2026-04-20 22:00:00,2026-04-20 16:00:00,2026-04-20 22:00:00,completed
1641,67,1,2026-06-02 08:00:00,2026-06-02 16:00:00,2026-06-02 08:00:00,2026-06-02 16:00:00,completed
1642,67,1,2026-04-21 08:15:00,2026-04-21 16:15:00,2026-04-21 08:15:00,2026-04-21 16:15:00,completed
1643,67,1,2026-04-21 16:45:00,2026-04-21 22:00:00,2026-04-21 16:45:00,2026-04-21 22:00:00,completed
1644,67,1,2026-04-22 08:00:00,2026-04-22 16:00:00,2026-04-22 08:00:00,2026-04-22 16:00:00,completed
1645,67,1,2026-04-22 16:30:00,2026-04-22 22:00:00,2026-04-22 16:30:00,2026-04-22 22:00:00,completed
1646,67,1,2026-04-23 08:00:00,2026-04-23 16:00:00,2026-04-23 08:00:00,2026-04-23 16:00:00,completed
1647,67,1,2026-04-23 16:00:00,2026-04-23 22:00:00,2026-04-23 16:00:00,2026-04-23 22:00:00,completed
1648,67,1,2026-04-24 08:00:00,2026-04-24 16:00:00,2026-04-24 08:00:00,2026-04-24 16:00:00,completed
1649,67,1,2026-04-24 16:00:00,2026-04-24 22:00:00,2026-04-24 16:00:00,2026-04-24 22:00:00,completed
1650,67,1,2026-04-25 08:15:00,2026-04-25 16:15:00,2026-04-25 08:15:00,2026-04-25 16:15:00,completed
1651,67,1,2026-04-25 16:15:00,2026-04-25 22:00:00,2026-04-25 16:15:00,2026-04-25 22:00:00,completed
1652,67,1,2026-04-26 08:00:00,2026-04-26 16:00:00,2026-04-26 08:00:00,2026-04-26 16:00:00,completed
1653,68,2,2026-06-28 16:15:00,2026-06-28 21:00:00,2026-06-28 16:15:00,2026-06-28 21:00:00,completed
1654,68,2,2026-06-29 08:00:00,2026-06-29 16:00:00,2026-06-29 08:00:00,2026-06-29 16:00:00,completed
1655,68,2,2026-06-29 16:00:00,2026-06-29 21:00:00,2026-06-29 16:00:00,2026-06-29 21:00:00,completed
1656,68,2,2026-06-30 08:00:00,2026-06-30 16:00:00,2026-06-30 08:00:00,2026-06-30 16:00:00,completed
1657,68,2,2026-06-30 16:00:00,2026-06-30 21:00:00,2026-06-30 16:00:00,2026-06-30 21:00:00,completed
1658,68,2,2026-07-01 08:00:00,2026-07-01 16:00:00,2026-07-01 08:00:00,2026-07-01 16:00:00,completed
1659,68,2,2026-07-01 16:30:00,2026-07-01 21:00:00,2026-07-01 16:30:00,2026-07-01 21:00:00,completed
1660,68,2,2026-07-02 08:30:00,2026-07-02 16:30:00,2026-07-02 08:30:00,2026-07-02 16:30:00,completed
1661,68,2,2026-07-02 16:45:00,2026-07-02 21:00:00,2026-07-02 16:45:00,2026-07-02 21:00:00,completed
1662,68,2,2026-07-03 08:00:00,2026-07-03 16:00:00,2026-07-03 08:00:00,2026-07-03 16:00:00,completed
1663,68,2,2026-07-03 16:00:00,2026-07-03 21:00:00,2026-07-03 16:00:00,2026-07-03 21:00:00,completed
1664,68,2,2026-07-04 08:00:00,2026-07-04 16:00:00,2026-07-04 08:00:00,2026-07-04 16:00:00,completed
1665,68,2,2026-07-04 16:00:00,2026-07-04 21:00:00,2026-07-04 16:00:00,2026-07-04 21:00:00,completed
1666,68,2,2026-07-05 08:00:00,2026-07-05 16:00:00,2026-07-05 08:00:00,2026-07-05 16:00:00,completed
1667,68,2,2026-07-05 16:15:00,2026-07-05 21:00:00,2026-07-05 16:15:00,2026-07-05 21:00:00,completed
1668,68,2,2026-07-06 08:00:00,2026-07-06 16:00:00,2026-07-06 08:00:00,2026-07-06 16:00:00,completed
1669,68,2,2026-07-06 16:00:00,2026-07-06 21:00:00,2026-07-06 16:00:00,2026-07-06 21:00:00,completed
1670,68,2,2025-11-24 08:00:00,2025-11-24 16:00:00,2025-11-24 08:00:00,2025-11-24 16:00:00,completed
1671,68,2,2025-11-24 16:00:00,2025-11-24 21:00:00,2025-11-24 16:00:00,2025-11-24 21:00:00,completed
1672,68,2,2025-11-25 08:45:00,2025-11-25 16:45:00,2025-11-25 08:45:00,2025-11-25 16:45:00,completed
1673,68,2,2025-11-25 17:00:00,2025-11-25 21:00:00,2025-11-25 17:00:00,2025-11-25 21:00:00,completed
1674,68,2,2026-07-07 08:15:00,2026-07-07 16:15:00,2026-07-07 08:15:00,2026-07-07 16:15:00,completed
1675,68,2,2026-07-07 16:15:00,2026-07-07 21:00:00,2026-07-07 16:15:00,2026-07-07 21:00:00,completed
1676,68,2,2026-07-08 08:00:00,2026-07-08 16:00:00,2026-07-08 08:00:00,2026-07-08 16:00:00,completed
1677,68,2,2026-02-03 13:00:00,2026-02-03 21:00:00,,,cancelled
1678,68,2,2026-07-08 16:15:00,2026-07-08 21:00:00,2026-07-08 16:15:00,2026-07-08 21:00:00,completed
1679,68,2,2026-07-09 09:15:00,2026-07-09 17:15:00,2026-07-09 09:15:00,2026-07-09 17:15:00,completed
1680,13,2,2026-07-09 17:00:00,2026-07-09 21:00:00,2026-07-09 17:00:00,2026-07-09 21:00:00,completed
1681,68,2,2026-06-18 09:00:00,2026-06-18 17:00:00,,,cancelled
1682,68,2,2026-07-10 08:30:00,2026-07-10 16:30:00,2026-07-10 08:30:00,2026-07-10 16:30:00,completed
1683,68,2,2026-07-10 17:00:00,2026-07-10 21:00:00,2026-07-10 17:00:00,2026-07-10 21:00:00,completed
1684,69,3,2026-07-25 12:00:00,2026-07-25 16:00:00,2026-07-25 12:03:00,2026-07-25 16:14:00,completed
1685,69,3,2026-02-21 10:00:00,2026-02-21 14:00:00,2026-02-21 10:18:00,2026-02-21 14:04:00,completed
1686,69,3,2026-07-24 13:00:00,2026-07-24 19:00:00,,,cancelled
1687,69,3,2026-03-17 14:00:00,2026-03-17 20:00:00,2026-03-17 13:51:00,2026-03-17 19:54:00,completed
1688,69,3,2025-11-03 13:00:00,2025-11-03 21:00:00,2025-11-03 13:10:00,2025-11-03 21:00:00,completed
1689,69,3,2026-01-18 12:00:00,2026-01-18 20:00:00,2026-01-18 12:07:00,2026-01-18 20:17:00,completed
1690,69,3,2026-01-31 13:00:00,2026-01-31 19:00:00,2026-01-31 13:12:00,2026-01-31 18:50:00,completed
1691,69,3,2025-11-27 09:00:00,2025-11-27 13:00:00,2025-11-27 09:00:00,2025-11-27 12:59:00,completed
1692,69,3,2026-05-25 14:00:00,2026-05-25 20:00:00,2026-05-25 14:01:00,2026-05-25 19:51:00,completed
1693,69,3,2026-01-25 10:00:00,2026-01-25 14:00:00,2026-01-25 10:06:00,2026-01-25 13:59:00,completed
1694,69,3,2026-01-26 11:00:00,2026-01-26 17:00:00,,,cancelled
1695,69,3,2026-01-26 10:00:00,2026-01-26 18:00:00,2026-01-26 09:59:00,2026-01-26 18:14:00,completed
1696,69,3,2026-02-18 10:00:00,2026-02-18 14:00:00,2026-02-18 10:19:00,2026-02-18 14:17:00,completed
1697,69,3,2026-01-21 09:00:00,2026-01-21 13:00:00,2026-01-21 09:16:00,2026-01-21 13:14:00,completed
1698,69,3,2026-04-19 09:00:00,2026-04-19 15:00:00,,,cancelled
1699,69,3,2025-11-24 09:00:00,2025-11-24 17:00:00,2025-11-24 09:00:00,2025-11-24 17:00:00,completed
1700,69,3,2025-12-17 10:00:00,2025-12-17 18:00:00,2025-12-17 09:57:00,2025-12-17 18:07:00,completed
1701,69,3,2026-02-04 12:00:00,2026-02-04 16:00:00,2026-02-04 12:00:00,2026-02-04 15:56:00,completed
1702,69,3,2026-05-21 13:00:00,2026-05-21 21:00:00,2026-05-21 13:01:00,2026-05-21 21:00:00,completed
1703,69,3,2026-01-22 11:00:00,2026-01-22 19:00:00,2026-01-22 11:11:00,2026-01-22 19:13:00,completed
1704,69,3,2026-04-17 09:00:00,2026-04-17 13:00:00,2026-04-17 09:00:00,2026-04-17 12:48:00,completed
1705,69,3,2025-11-24 17:00:00,2025-11-24 21:00:00,2025-11-24 17:00:00,2025-11-24 21:00:00,completed
1706,69,3,2026-07-20 13:00:00,2026-07-20 17:00:00,,,cancelled
1707,70,3,2025-12-18 09:00:00,2025-12-18 13:00:00,2025-12-18 09:00:00,2025-12-18 13:21:00,completed
1708,70,3,2026-03-28 09:00:00,2026-03-28 15:00:00,2026-03-28 09:00:00,2026-03-28 15:14:00,completed
1709,70,3,2026-05-22 11:00:00,2026-05-22 17:00:00,2026-05-22 11:15:00,2026-05-22 16:54:00,completed
1710,70,3,2026-05-17 11:00:00,2026-05-17 19:00:00,2026-05-17 11:19:00,2026-05-17 18:53:00,completed
1711,70,3,2026-03-28 12:00:00,2026-03-28 20:00:00,,,cancelled
1712,70,3,2026-01-06 09:00:00,2026-01-06 13:00:00,,,cancelled
1713,70,3,2026-02-19 14:00:00,2026-02-19 18:00:00,2026-02-19 14:14:00,2026-02-19 18:12:00,completed
1714,70,3,2026-05-06 10:00:00,2026-05-06 18:00:00,,,cancelled
1715,70,3,2025-12-05 09:00:00,2025-12-05 13:00:00,2025-12-05 09:00:00,2025-12-05 13:00:00,completed
1716,70,3,2026-06-20 10:00:00,2026-06-20 18:00:00,2026-06-20 10:16:00,2026-06-20 17:54:00,completed
1717,70,3,2026-04-26 10:00:00,2026-04-26 16:00:00,2026-04-26 09:53:00,2026-04-26 15:52:00,completed
1718,70,3,2026-05-25 10:00:00,2026-05-25 14:00:00,2026-05-25 10:02:00,2026-05-25 14:07:00,completed
1719,70,3,2026-06-24 13:00:00,2026-06-24 21:00:00,,,cancelled
1720,70,3,2026-06-22 10:00:00,2026-06-22 14:00:00,2026-06-22 10:08:00,2026-06-22 14:03:00,completed
1721,70,3,2026-06-20 11:00:00,2026-06-20 19:00:00,,,cancelled
1722,70,3,2026-02-07 12:00:00,2026-02-07 20:00:00,2026-02-07 12:02:00,2026-02-07 20:14:00,completed
1723,70,3,2026-04-03 09:00:00,2026-04-03 15:00:00,2026-04-03 09:02:00,2026-04-03 15:19:00,completed
1724,70,3,2025-11-05 09:00:00,2025-11-05 15:00:00,2025-11-05 09:00:00,2025-11-05 14:55:00,completed
1725,70,3,2026-07-17 12:00:00,2026-07-17 20:00:00,2026-07-17 11:53:00,2026-07-17 20:07:00,completed
1726,70,3,2026-03-04 09:00:00,2026-03-04 13:00:00,2026-03-04 09:00:00,2026-03-04 13:09:00,completed
1727,70,3,2026-01-07 12:00:00,2026-01-07 20:00:00,2026-01-07 11:59:00,2026-01-07 20:00:00,completed
1728,70,3,2025-11-16 12:00:00,2025-11-16 20:00:00,2025-11-16 12:04:00,2025-11-16 20:07:00,completed
1729,70,3,2026-06-18 11:00:00,2026-06-18 15:00:00,2026-06-18 11:05:00,2026-06-18 14:53:00,completed
1730,70,3,2026-02-18 14:00:00,2026-02-18 20:00:00,2026-02-18 14:03:00,2026-02-18 20:10:00,completed
1731,70,3,2025-12-06 12:00:00,2025-12-06 20:00:00,,,cancelled
1732,71,3,2026-07-03 12:00:00,2026-07-03 18:00:00,,,cancelled
1733,71,3,2026-03-31 09:00:00,2026-03-31 17:00:00,2026-03-31 09:00:00,2026-03-31 17:13:00,completed
1734,71,3,2025-12-29 09:00:00,2025-12-29 13:00:00,2025-12-29 09:15:00,2025-12-29 13:10:00,completed
1735,71,3,2025-11-23 11:00:00,2025-11-23 15:00:00,2025-11-23 10:57:00,2025-11-23 15:16:00,completed
1736,71,3,2026-05-31 11:00:00,2026-05-31 15:00:00,2026-05-31 11:03:00,2026-05-31 14:55:00,completed
1737,71,3,2025-11-07 09:00:00,2025-11-07 15:00:00,2025-11-07 09:07:00,2025-11-07 15:00:00,completed
1738,71,3,2026-05-25 13:00:00,2026-05-25 17:00:00,2026-05-25 13:07:00,2026-05-25 16:59:00,completed
1739,71,3,2026-07-25 11:00:00,2026-07-25 19:00:00,2026-07-25 11:15:00,2026-07-25 18:59:00,completed
1740,71,3,2026-03-16 09:00:00,2026-03-16 13:00:00,2026-03-16 09:00:00,2026-03-16 13:14:00,completed
1741,71,3,2026-05-24 09:00:00,2026-05-24 13:00:00,2026-05-24 09:00:00,2026-05-24 13:21:00,completed
1742,71,3,2026-01-19 09:00:00,2026-01-19 15:00:00,2026-01-19 09:00:00,2026-01-19 15:20:00,completed
1743,71,3,2026-06-18 13:00:00,2026-06-18 21:00:00,2026-06-18 13:05:00,2026-06-18 21:00:00,completed
1744,71,3,2026-04-05 12:00:00,2026-04-05 16:00:00,2026-04-05 12:00:00,2026-04-05 16:16:00,completed
1745,71,3,2025-11-23 11:00:00,2025-11-23 17:00:00,,,cancelled
1746,71,3,2025-11-25 09:00:00,2025-11-25 17:00:00,2025-11-25 09:00:00,2025-11-25 17:00:00,completed
1747,71,3,2025-11-25 17:00:00,2025-11-25 21:00:00,2025-11-25 17:00:00,2025-11-25 21:00:00,completed
1748,71,3,2026-03-10 09:00:00,2026-03-10 15:00:00,2026-03-10 09:00:00,2026-03-10 14:58:00,completed
1749,71,3,2026-05-28 11:00:00,2026-05-28 17:00:00,,,cancelled
1750,71,3,2026-03-10 14:00:00,2026-03-10 18:00:00,,,cancelled
1751,71,3,2025-12-29 13:00:00,2025-12-29 21:00:00,,,cancelled
1752,71,3,2025-11-26 09:00:00,2025-11-26 17:00:00,2025-11-26 09:00:00,2025-11-26 17:00:00,completed
1753,71,3,2026-01-06 12:00:00,2026-01-06 20:00:00,2026-01-06 11:56:00,2026-01-06 19:53:00,completed
1754,71,3,2026-06-27 09:00:00,2026-06-27 17:00:00,2026-06-27 09:00:00,2026-06-27 16:57:00,completed
1755,71,3,2026-03-16 12:00:00,2026-03-16 18:00:00,,,cancelled
1756,71,3,2025-12-25 11:00:00,2025-12-25 15:00:00,2025-12-25 11:14:00,2025-12-25 15:20:00,completed
1757,71,3,2026-01-25 12:00:00,2026-01-25 18:00:00,2026-01-25 11:55:00,2026-01-25 18:06:00,completed
1758,71,3,2025-12-26 09:00:00,2025-12-26 17:00:00,2025-12-26 09:04:00,2025-12-26 17:01:00,completed
1759,71,3,2025-11-26 17:00:00,2025-11-26 21:00:00,2025-11-26 17:00:00,2025-11-26 21:00:00,completed
1760,71,3,2026-01-06 14:00:00,2026-01-06 18:00:00,,,cancelled
1761,71,3,2025-11-15 09:00:00,2025-11-15 15:00:00,2025-11-15 09:11:00,2025-11-15 15:15:00,completed
1762,71,3,2026-05-28 10:00:00,2026-05-28 14:00:00,2026-05-28 09:56:00,2026-05-28 13:59:00,completed
1763,71,3,2026-02-05 13:00:00,2026-02-05 19:00:00,2026-02-05 13:11:00,2026-02-05 19:16:00,completed
1764,71,3,2026-06-27 14:00:00,2026-06-27 20:00:00,,,cancelled
1765,71,3,2026-07-07 10:00:00,2026-07-07 18:00:00,2026-07-07 10:18:00,2026-07-07 18:08:00,completed
1766,71,3,2026-03-09 09:00:00,2026-03-09 13:00:00,2026-03-09 09:00:00,2026-03-09 13:21:00,completed
1767,71,3,2026-05-07 14:00:00,2026-05-07 20:00:00,,,missed
1768,72,1,2026-04-26 17:00:00,2026-04-26 22:00:00,2026-04-26 17:00:00,2026-04-26 22:00:00,completed
1769,72,1,2026-04-27 08:30:00,2026-04-27 16:30:00,2026-04-27 08:30:00,2026-04-27 16:30:00,completed
1770,72,1,2026-04-27 17:00:00,2026-04-27 22:00:00,2026-04-27 17:00:00,2026-04-27 22:00:00,completed
1771,72,1,2025-11-17 16:00:00,2025-11-17 22:00:00,2025-11-17 16:00:00,2025-11-17 22:00:00,completed
1772,72,1,2025-11-18 08:30:00,2025-11-18 16:30:00,2025-11-18 08:30:00,2025-11-18 16:30:00,completed
1773,72,1,2026-06-02 16:15:00,2026-06-02 22:00:00,2026-06-02 16:15:00,2026-06-02 22:00:00,completed
1774,72,1,2026-04-28 08:00:00,2026-04-28 16:00:00,2026-04-28 08:00:00,2026-04-28 16:00:00,completed
1775,72,1,2025-11-18 17:00:00,2025-11-18 22:00:00,2025-11-18 17:00:00,2025-11-18 22:00:00,completed
1776,72,1,2026-04-28 16:15:00,2026-04-28 22:00:00,2026-04-28 16:15:00,2026-04-28 22:00:00,completed
1777,72,1,2026-04-29 08:00:00,2026-04-29 16:00:00,2026-04-29 08:00:00,2026-04-29 16:00:00,completed
1778,72,1,2026-04-29 16:15:00,2026-04-29 22:00:00,2026-04-29 16:15:00,2026-04-29 22:00:00,completed
1779,72,1,2026-04-30 08:00:00,2026-04-30 16:00:00,2026-04-30 08:00:00,2026-04-30 16:00:00,completed
1780,72,1,2026-04-30 16:30:00,2026-04-30 22:00:00,2026-04-30 16:30:00,2026-04-30 22:00:00,completed
1781,72,1,2026-05-01 08:30:00,2026-05-01 16:30:00,2026-05-01 08:30:00,2026-05-01 16:30:00,completed
1782,72,1,2026-05-01 16:45:00,2026-05-01 22:00:00,2026-05-01 16:45:00,2026-05-01 22:00:00,completed
1783,72,1,2025-11-19 08:00:00,2025-11-19 16:00:00,2025-11-19 08:00:00,2025-11-19 16:00:00,completed
1784,72,1,2026-05-02 08:15:00,2026-05-02 16:15:00,2026-05-02 08:15:00,2026-05-02 16:15:00,completed
1785,72,1,2026-05-02 16:30:00,2026-05-02 22:00:00,2026-05-02 16:30:00,2026-05-02 22:00:00,completed
1786,72,1,2026-05-09 08:15:00,2026-05-09 16:15:00,2026-05-09 08:15:00,2026-05-09 16:15:00,completed
1787,75,3,2026-07-28 11:00:00,2026-07-28 19:00:00,2026-07-28 10:53:00,2026-07-28 19:12:00,completed
1788,75,3,2025-12-09 13:00:00,2025-12-09 21:00:00,2025-12-09 13:18:00,2025-12-09 21:00:00,completed
1789,75,3,2025-11-23 12:00:00,2025-11-23 20:00:00,,,cancelled
1790,75,3,2026-04-09 09:00:00,2026-04-09 17:00:00,2026-04-09 09:20:00,2026-04-09 16:58:00,completed
1791,75,3,2025-12-22 13:00:00,2025-12-22 19:00:00,2025-12-22 12:58:00,2025-12-22 19:01:00,completed
1792,75,3,2025-12-21 09:00:00,2025-12-21 15:00:00,2025-12-21 09:15:00,2025-12-21 15:12:00,completed
1793,75,3,2026-03-23 10:00:00,2026-03-23 14:00:00,2026-03-23 10:12:00,2026-03-23 14:01:00,completed
1794,75,3,2025-11-23 11:00:00,2025-11-23 19:00:00,2025-11-23 10:54:00,2025-11-23 19:11:00,completed
1795,75,3,2026-01-13 09:00:00,2026-01-13 15:00:00,,,missed
1796,75,3,2026-07-03 09:00:00,2026-07-03 17:00:00,2026-07-03 09:00:00,2026-07-03 16:47:00,completed
1797,75,3,2026-07-25 09:00:00,2026-07-25 15:00:00,2026-07-25 09:00:00,2026-07-25 15:12:00,completed
1798,75,3,2026-01-29 12:00:00,2026-01-29 20:00:00,2026-01-29 12:06:00,2026-01-29 20:11:00,completed
1799,75,3,2026-01-05 12:00:00,2026-01-05 20:00:00,2026-01-05 12:15:00,2026-01-05 19:59:00,completed
1800,75,3,2026-02-10 13:00:00,2026-02-10 21:00:00,,,cancelled
1801,75,3,2026-04-10 09:00:00,2026-04-10 17:00:00,2026-04-10 09:13:00,2026-04-10 17:00:00,completed
1802,75,3,2026-05-28 14:00:00,2026-05-28 18:00:00,2026-05-28 13:56:00,2026-05-28 18:20:00,completed
1803,75,3,2025-11-27 09:00:00,2025-11-27 17:00:00,2025-11-27 09:00:00,2025-11-27 17:00:00,completed
1804,75,3,2025-11-09 10:00:00,2025-11-09 16:00:00,2025-11-09 10:16:00,2025-11-09 16:15:00,completed
1805,75,3,2026-07-27 11:00:00,2026-07-27 19:00:00,2026-07-27 10:53:00,2026-07-27 19:06:00,completed
1806,75,3,2026-01-13 13:00:00,2026-01-13 21:00:00,,,cancelled
1807,75,3,2026-01-24 09:00:00,2026-01-24 15:00:00,2026-01-24 09:00:00,2026-01-24 14:57:00,completed
1808,75,3,2026-07-29 09:00:00,2026-07-29 15:00:00,2026-07-29 09:00:00,2026-07-29 15:06:00,completed
1809,75,3,2026-03-18 13:00:00,2026-03-18 19:00:00,2026-03-18 13:18:00,2026-03-18 19:15:00,completed
1810,75,3,2025-12-19 11:00:00,2025-12-19 15:00:00,2025-12-19 11:02:00,2025-12-19 15:12:00,completed
1811,75,3,2026-07-09 12:00:00,2026-07-09 18:00:00,2026-07-09 12:08:00,2026-07-09 18:09:00,completed
1812,75,3,2026-03-11 09:00:00,2026-03-11 17:00:00,2026-03-11 09:00:00,2026-03-11 16:40:00,completed
1813,75,3,2026-02-23 09:00:00,2026-02-23 15:00:00,2026-02-23 09:00:00,2026-02-23 15:01:00,completed
1814,75,3,2026-01-12 09:00:00,2026-01-12 13:00:00,2026-01-12 09:00:00,2026-01-12 12:36:00,completed
1815,75,3,2026-04-11 10:00:00,2026-04-11 18:00:00,2026-04-11 10:17:00,2026-04-11 18:15:00,completed
1816,75,3,2026-01-30 09:00:00,2026-01-30 13:00:00,2026-01-30 09:00:00,2026-01-30 12:41:00,completed
1817,75,3,2026-07-08 13:00:00,2026-07-08 21:00:00,,,cancelled
1818,75,3,2026-01-17 11:00:00,2026-01-17 19:00:00,2026-01-17 10:59:00,2026-01-17 19:08:00,completed
1819,75,3,2026-02-10 11:00:00,2026-02-10 19:00:00,2026-02-10 11:08:00,2026-02-10 18:54:00,completed
1820,77,3,2026-07-29 13:00:00,2026-07-29 21:00:00,2026-07-29 13:05:00,2026-07-29 21:00:00,completed
1821,77,3,2026-06-07 12:00:00,2026-06-07 20:00:00,,,cancelled
1822,77,3,2026-07-11 11:00:00,2026-07-11 19:00:00,2026-07-11 10:51:00,2026-07-11 19:14:00,completed
1823,77,3,2026-05-15 12:00:00,2026-05-15 18:00:00,2026-05-15 12:20:00,2026-05-15 18:16:00,completed
1824,77,3,2026-06-18 10:00:00,2026-06-18 16:00:00,2026-06-18 10:10:00,2026-06-18 16:17:00,completed
1825,77,3,2026-04-29 13:00:00,2026-04-29 19:00:00,2026-04-29 13:08:00,2026-04-29 18:54:00,completed
1826,77,3,2026-04-01 11:00:00,2026-04-01 19:00:00,2026-04-01 11:07:00,2026-04-01 18:54:00,completed
1827,77,3,2026-05-13 12:00:00,2026-05-13 18:00:00,2026-05-13 12:17:00,2026-05-13 18:05:00,completed
1828,77,3,2026-04-03 10:00:00,2026-04-03 16:00:00,2026-04-03 09:59:00,2026-04-03 16:09:00,completed
1829,77,3,2025-11-27 17:00:00,2025-11-27 21:00:00,2025-11-27 17:00:00,2025-11-27 21:00:00,completed
1830,77,3,2025-12-15 09:00:00,2025-12-15 17:00:00,,,cancelled
1831,77,3,2026-06-23 10:00:00,2026-06-23 18:00:00,2026-06-23 09:53:00,2026-06-23 18:09:00,completed
1832,77,3,2025-12-18 09:00:00,2025-12-18 17:00:00,2025-12-18 09:04:00,2025-12-18 17:00:00,completed
1833,77,3,2026-05-08 14:00:00,2026-05-08 18:00:00,2026-05-08 14:09:00,2026-05-08 18:20:00,completed
1834,77,3,2026-07-22 12:00:00,2026-07-22 20:00:00,2026-07-22 11:57:00,2026-07-22 20:16:00,completed
1835,77,3,2026-03-03 13:00:00,2026-03-03 17:00:00,2026-03-03 12:54:00,2026-03-03 16:54:00,completed
1836,77,3,2025-11-28 09:00:00,2025-11-28 17:00:00,2025-11-28 09:00:00,2025-11-28 17:00:00,completed
1837,77,3,2026-01-20 14:00:00,2026-01-20 20:00:00,2026-01-20 14:04:00,2026-01-20 20:07:00,completed
1838,77,3,2026-03-10 12:00:00,2026-03-10 18:00:00,2026-03-10 11:59:00,2026-03-10 18:02:00,completed
1839,77,3,2026-02-11 09:00:00,2026-02-11 17:00:00,2026-02-11 09:00:00,2026-02-11 17:08:00,completed
1840,77,3,2025-11-28 17:00:00,2025-11-28 21:00:00,2025-11-28 17:00:00,2025-11-28 21:00:00,completed
1841,77,3,2026-05-04 11:00:00,2026-05-04 15:00:00,2026-05-04 11:00:00,2026-05-04 14:57:00,completed
1842,77,3,2025-11-24 09:00:00,2025-11-24 13:00:00,2025-11-24 09:00:00,2025-11-24 12:45:00,completed
1843,77,3,2026-03-25 09:00:00,2026-03-25 15:00:00,2026-03-25 09:10:00,2026-03-25 14:56:00,completed
1844,77,3,2026-01-27 12:00:00,2026-01-27 18:00:00,2026-01-27 12:10:00,2026-01-27 18:00:00,completed
1845,77,3,2026-04-27 10:00:00,2026-04-27 14:00:00,2026-04-27 09:54:00,2026-04-27 14:19:00,completed
1846,77,3,2026-02-09 09:00:00,2026-02-09 13:00:00,2026-02-09 09:00:00,2026-02-09 13:09:00,completed
1847,77,3,2026-04-11 13:00:00,2026-04-11 21:00:00,2026-04-11 13:11:00,2026-04-11 21:00:00,completed
1848,77,3,2026-04-26 09:00:00,2026-04-26 15:00:00,2026-04-26 09:00:00,2026-04-26 15:03:00,completed
1849,77,3,2026-06-07 11:00:00,2026-06-07 19:00:00,2026-06-07 10:58:00,2026-06-07 18:51:00,completed
1850,78,3,2026-06-13 11:00:00,2026-06-13 17:00:00,2026-06-13 10:55:00,2026-06-13 17:03:00,completed
1851,78,3,2026-06-17 12:00:00,2026-06-17 18:00:00,2026-06-17 12:17:00,2026-06-17 17:55:00,completed
1852,78,3,2026-05-29 09:00:00,2026-05-29 15:00:00,2026-05-29 09:00:00,2026-05-29 15:13:00,completed
1853,78,3,2026-02-25 09:00:00,2026-02-25 17:00:00,2026-02-25 09:00:00,2026-02-25 16:55:00,completed
1854,78,3,2025-12-07 11:00:00,2025-12-07 17:00:00,2025-12-07 11:13:00,2025-12-07 17:03:00,completed
1855,78,3,2026-03-03 14:00:00,2026-03-03 20:00:00,2026-03-03 13:53:00,2026-03-03 19:56:00,completed
1856,78,3,2026-05-07 11:00:00,2026-05-07 15:00:00,2026-05-07 11:04:00,2026-05-07 15:08:00,completed
1857,78,3,2025-12-23 09:00:00,2025-12-23 15:00:00,2025-12-23 09:13:00,2025-12-23 15:07:00,completed
1858,78,3,2026-06-08 13:00:00,2026-06-08 19:00:00,2026-06-08 13:12:00,2026-06-08 19:18:00,completed
1859,78,3,2026-05-22 11:00:00,2026-05-22 19:00:00,,,missed
1860,78,3,2026-07-29 11:00:00,2026-07-29 15:00:00,2026-07-29 10:55:00,2026-07-29 15:14:00,completed
1861,78,3,2026-01-07 10:00:00,2026-01-07 14:00:00,2026-01-07 10:04:00,2026-01-07 14:07:00,completed
1862,78,3,2026-03-21 13:00:00,2026-03-21 19:00:00,2026-03-21 12:50:00,2026-03-21 19:09:00,completed
1863,78,3,2025-12-28 11:00:00,2025-12-28 15:00:00,,,missed
1864,78,3,2025-11-29 09:15:00,2025-11-29 17:15:00,2025-11-29 09:15:00,2025-11-29 17:15:00,completed
1865,78,3,2026-05-06 09:00:00,2026-05-06 17:00:00,2026-05-06 09:00:00,2026-05-06 17:17:00,completed
1866,78,3,2026-04-12 11:00:00,2026-04-12 15:00:00,2026-04-12 11:06:00,2026-04-12 14:55:00,completed
1867,5,3,2025-11-29 17:00:00,2025-11-29 21:00:00,2025-11-29 17:00:00,2025-11-29 21:00:00,completed
1868,78,3,2026-02-04 09:00:00,2026-02-04 17:00:00,2026-02-04 09:00:00,2026-02-04 16:59:00,completed
1869,78,3,2026-03-07 12:00:00,2026-03-07 20:00:00,2026-03-07 12:14:00,2026-03-07 20:01:00,completed
1870,78,3,2026-05-19 10:00:00,2026-05-19 14:00:00,2026-05-19 10:12:00,2026-05-19 13:50:00,completed
1871,78,3,2025-11-30 09:00:00,2025-11-30 17:00:00,2025-11-30 09:00:00,2025-11-30 17:00:00,completed
1872,78,3,2026-06-25 09:00:00,2026-06-25 13:00:00,2026-06-25 09:00:00,2026-06-25 12:57:00,completed
1873,80,2,2025-12-10 12:00:00,2025-12-10 16:00:00,,,cancelled
1874,80,2,2026-07-11 08:00:00,2026-07-11 16:00:00,2026-07-11 08:00:00,2026-07-11 16:00:00,completed
1875,80,2,2026-07-11 16:15:00,2026-07-11 21:00:00,2026-07-11 16:15:00,2026-07-11 21:00:00,completed
1876,80,2,2026-07-12 08:00:00,2026-07-12 16:00:00,2026-07-12 08:00:00,2026-07-12 16:00:00,completed
1877,80,2,2026-07-12 17:00:00,2026-07-12 21:00:00,2026-07-12 17:00:00,2026-07-12 21:00:00,completed
1878,80,2,2026-07-13 08:00:00,2026-07-13 16:00:00,2026-07-13 08:00:00,2026-07-13 16:00:00,completed
1879,80,2,2026-07-13 16:00:00,2026-07-13 21:00:00,2026-07-13 16:00:00,2026-07-13 21:00:00,completed
1880,80,2,2025-12-15 13:00:00,2025-12-15 19:00:00,,,missed
1881,80,2,2026-07-14 08:45:00,2026-07-14 16:45:00,2026-07-14 08:45:00,2026-07-14 16:45:00,completed
1882,80,2,2026-07-14 16:45:00,2026-07-14 21:00:00,2026-07-14 16:45:00,2026-07-14 21:00:00,completed
1883,80,2,2026-03-25 08:00:00,2026-03-25 16:00:00,,,cancelled
1884,80,2,2026-05-01 09:00:00,2026-05-01 15:00:00,,,missed
1885,80,2,2026-07-15 08:00:00,2026-07-15 16:00:00,2026-07-15 08:00:00,2026-07-15 16:00:00,completed
1886,80,2,2026-07-15 16:00:00,2026-07-15 21:00:00,2026-07-15 16:00:00,2026-07-15 21:00:00,completed
1887,80,2,2026-07-16 08:00:00,2026-07-16 16:00:00,2026-07-16 08:00:00,2026-07-16 16:00:00,completed
1888,80,2,2026-07-16 16:00:00,2026-07-16 21:00:00,2026-07-16 16:00:00,2026-07-16 21:00:00,completed
1889,80,2,2026-07-17 08:00:00,2026-07-17 16:00:00,2026-07-17 08:00:00,2026-07-17 16:00:00,completed
1890,80,2,2026-07-17 16:00:00,2026-07-17 21:00:00,2026-07-17 16:00:00,2026-07-17 21:00:00,completed
1891,80,2,2026-07-18 08:00:00,2026-07-18 16:00:00,2026-07-18 08:00:00,2026-07-18 16:00:00,completed
1892,80,2,2026-07-18 16:00:00,2026-07-18 21:00:00,2026-07-18 16:00:00,2026-07-18 21:00:00,completed
1893,80,2,2026-07-19 08:00:00,2026-07-19 16:00:00,2026-07-19 08:00:00,2026-07-19 16:00:00,completed
1894,80,2,2026-07-19 16:00:00,2026-07-19 21:00:00,2026-07-19 16:00:00,2026-07-19 21:00:00,completed
1895,80,2,2026-07-20 08:45:00,2026-07-20 16:45:00,2026-07-20 08:45:00,2026-07-20 16:45:00,completed
1896,80,2,2026-07-20 17:00:00,2026-07-20 21:00:00,2026-07-20 17:00:00,2026-07-20 21:00:00,completed
1897,49,1,2026-06-03 08:00:00,2026-06-03 16:00:00,2026-06-03 08:00:00,2026-06-03 16:00:00,completed
1898,49,1,2026-06-03 16:30:00,2026-06-03 22:00:00,2026-06-03 16:30:00,2026-06-03 22:00:00,completed
1899,49,1,2026-06-04 08:00:00,2026-06-04 16:00:00,2026-06-04 08:00:00,2026-06-04 16:00:00,completed
1900,49,1,2026-06-04 16:00:00,2026-06-04 22:00:00,2026-06-04 16:00:00,2026-06-04 22:00:00,completed
1901,49,1,2026-06-05 08:45:00,2026-06-05 16:45:00,2026-06-05 08:45:00,2026-06-05 16:45:00,completed
1902,49,1,2026-06-05 17:00:00,2026-06-05 22:00:00,2026-06-05 17:00:00,2026-06-05 22:00:00,completed
1903,49,1,2026-06-06 08:00:00,2026-06-06 16:00:00,2026-06-06 08:00:00,2026-06-06 16:00:00,completed
1904,49,1,2026-06-06 16:15:00,2026-06-06 22:00:00,2026-06-06 16:15:00,2026-06-06 22:00:00,completed
1905,49,1,2026-06-07 10:00:00,2026-06-07 18:00:00,2026-06-07 10:00:00,2026-06-07 18:00:00,completed
1906,49,1,2026-06-07 18:00:00,2026-06-07 22:00:00,2026-06-07 18:00:00,2026-06-07 22:00:00,completed
1907,49,1,2026-06-08 08:00:00,2026-06-08 16:00:00,2026-06-08 08:00:00,2026-06-08 16:00:00,completed
1908,49,1,2026-06-08 16:15:00,2026-06-08 22:00:00,2026-06-08 16:15:00,2026-06-08 22:00:00,completed
1909,49,1,2026-06-09 08:15:00,2026-06-09 16:15:00,2026-06-09 08:15:00,2026-06-09 16:15:00,completed
1910,49,1,2026-06-09 16:30:00,2026-06-09 22:00:00,2026-06-09 16:30:00,2026-06-09 22:00:00,completed
1911,49,1,2026-06-10 08:00:00,2026-06-10 16:00:00,2026-06-10 08:00:00,2026-06-10 16:00:00,completed
1912,49,1,2026-06-10 16:00:00,2026-06-10 22:00:00,2026-06-10 16:00:00,2026-06-10 22:00:00,completed
1913,49,1,2026-06-11 08:00:00,2026-06-11 16:00:00,2026-06-11 08:00:00,2026-06-11 16:00:00,completed
1914,49,1,2026-06-11 16:00:00,2026-06-11 22:00:00,2026-06-11 16:00:00,2026-06-11 22:00:00,completed
1915,49,1,2026-06-12 08:00:00,2026-06-12 16:00:00,2026-06-12 08:00:00,2026-06-12 16:00:00,completed
1916,49,1,2026-06-12 16:30:00,2026-06-12 22:00:00,2026-06-12 16:30:00,2026-06-12 22:00:00,completed
1917,49,1,2026-06-13 08:30:00,2026-06-13 16:30:00,2026-06-13 08:30:00,2026-06-13 16:30:00,completed
1918,49,1,2026-06-13 16:30:00,2026-06-13 22:00:00,2026-06-13 16:30:00,2026-06-13 22:00:00,completed
1919,49,1,2026-06-14 08:15:00,2026-06-14 16:15:00,2026-06-14 08:15:00,2026-06-14 16:15:00,completed
1920,49,1,2026-06-14 16:15:00,2026-06-14 22:00:00,2026-06-14 16:15:00,2026-06-14 22:00:00,completed
1921,49,1,2026-06-15 08:45:00,2026-06-15 16:45:00,2026-06-15 08:45:00,2026-06-15 16:45:00,completed
1922,49,1,2026-06-15 16:45:00,2026-06-15 22:00:00,2026-06-15 16:45:00,2026-06-15 22:00:00,completed
1923,49,1,2026-06-16 08:30:00,2026-06-16 16:30:00,2026-06-16 08:30:00,2026-06-16 16:30:00,completed
1924,49,1,2026-06-16 17:00:00,2026-06-16 22:00:00,2026-06-16 17:00:00,2026-06-16 22:00:00,completed
1925,49,1,2026-06-17 08:00:00,2026-06-17 16:00:00,2026-06-17 08:00:00,2026-06-17 16:00:00,completed
1926,49,1,2026-06-17 16:15:00,2026-06-17 22:00:00,2026-06-17 16:15:00,2026-06-17 22:00:00,completed
1927,49,1,2026-06-18 08:30:00,2026-06-18 16:30:00,2026-06-18 08:30:00,2026-06-18 16:30:00,completed
1928,49,1,2026-06-18 16:45:00,2026-06-18 22:00:00,2026-06-18 16:45:00,2026-06-18 22:00:00,completed
1929,49,1,2026-06-19 08:15:00,2026-06-19 16:15:00,2026-06-19 08:15:00,2026-06-19 16:15:00,completed
1930,49,1,2026-06-19 16:15:00,2026-06-19 22:00:00,2026-06-19 16:15:00,2026-06-19 22:00:00,completed
1931,49,1,2026-06-20 08:30:00,2026-06-20 16:30:00,2026-06-20 08:30:00,2026-06-20 16:30:00,completed
1932,49,1,2026-06-20 16:30:00,2026-06-20 22:00:00,2026-06-20 16:30:00,2026-06-20 22:00:00,completed
1933,49,1,2026-06-21 08:00:00,2026-06-21 16:00:00,2026-06-21 08:00:00,2026-06-21 16:00:00,completed
1934,49,1,2026-06-21 16:15:00,2026-06-21 22:00:00,2026-06-21 16:15:00,2026-06-21 22:00:00,completed
1935,49,1,2026-06-22 08:00:00,2026-06-22 16:00:00,2026-06-22 08:00:00,2026-06-22 16:00:00,completed
1936,49,1,2026-06-22 16:15:00,2026-06-22 22:00:00,2026-06-22 16:15:00,2026-06-22 22:00:00,completed
1937,49,1,2026-06-23 08:15:00,2026-06-23 16:15:00,2026-06-23 08:15:00,2026-06-23 16:15:00,completed
1938,49,1,2026-06-23 16:30:00,2026-06-23 22:00:00,2026-06-23 16:30:00,2026-06-23 22:00:00,completed
1939,49,1,2026-06-24 08:15:00,2026-06-24 16:15:00,2026-06-24 08:15:00,2026-06-24 16:15:00,completed
1940,49,1,2026-06-24 16:15:00,2026-06-24 22:00:00,2026-06-24 16:15:00,2026-06-24 22:00:00,completed
1941,49,1,2026-06-25 08:15:00,2026-06-25 16:15:00,2026-06-25 08:15:00,2026-06-25 16:15:00,completed
1942,49,1,2026-06-25 16:30:00,2026-06-25 22:00:00,2026-06-25 16:30:00,2026-06-25 22:00:00,completed
1943,49,1,2026-06-26 08:15:00,2026-06-26 16:15:00,2026-06-26 08:15:00,2026-06-26 16:15:00,completed
1944,49,1,2026-06-26 16:30:00,2026-06-26 22:00:00,2026-06-26 16:30:00,2026-06-26 22:00:00,completed
1945,49,1,2026-06-27 08:45:00,2026-06-27 16:45:00,2026-06-27 08:45:00,2026-06-27 16:45:00,completed
1946,49,1,2026-06-27 16:45:00,2026-06-27 22:00:00,2026-06-27 16:45:00,2026-06-27 22:00:00,completed
1947,49,1,2026-06-28 08:15:00,2026-06-28 16:15:00,2026-06-28 08:15:00,2026-06-28 16:15:00,completed
1948,49,1,2026-06-28 16:15:00,2026-06-28 22:00:00,2026-06-28 16:15:00,2026-06-28 22:00:00,completed
1949,49,1,2026-06-29 08:15:00,2026-06-29 16:15:00,2026-06-29 08:15:00,2026-06-29 16:15:00,completed
1950,49,1,2026-06-29 17:30:00,2026-06-29 22:00:00,2026-06-29 17:30:00,2026-06-29 22:00:00,completed
1951,49,1,2026-06-30 08:00:00,2026-06-30 16:00:00,2026-06-30 08:00:00,2026-06-30 16:00:00,completed
1952,49,1,2026-06-30 16:00:00,2026-06-30 22:00:00,2026-06-30 16:00:00,2026-06-30 22:00:00,completed
1953,49,1,2026-07-01 08:00:00,2026-07-01 16:00:00,2026-07-01 08:00:00,2026-07-01 16:00:00,completed
1954,49,1,2026-07-01 16:00:00,2026-07-01 22:00:00,2026-07-01 16:00:00,2026-07-01 22:00:00,completed
1955,49,1,2026-07-02 08:00:00,2026-07-02 16:00:00,2026-07-02 08:00:00,2026-07-02 16:00:00,completed
1956,49,1,2026-07-02 16:00:00,2026-07-02 22:00:00,2026-07-02 16:00:00,2026-07-02 22:00:00,completed
1957,49,1,2026-07-03 08:00:00,2026-07-03 16:00:00,2026-07-03 08:00:00,2026-07-03 16:00:00,completed
1958,49,1,2026-07-03 16:00:00,2026-07-03 22:00:00,2026-07-03 16:00:00,2026-07-03 22:00:00,completed
1959,49,1,2026-07-04 08:00:00,2026-07-04 16:00:00,2026-07-04 08:00:00,2026-07-04 16:00:00,completed
1960,49,1,2026-07-04 16:15:00,2026-07-04 22:00:00,2026-07-04 16:15:00,2026-07-04 22:00:00,completed
1961,49,1,2026-07-05 08:00:00,2026-07-05 16:00:00,2026-07-05 08:00:00,2026-07-05 16:00:00,completed
1962,49,1,2026-07-05 16:30:00,2026-07-05 22:00:00,2026-07-05 16:30:00,2026-07-05 22:00:00,completed
1963,49,1,2026-07-06 08:00:00,2026-07-06 16:00:00,2026-07-06 08:00:00,2026-07-06 16:00:00,completed
1964,49,1,2026-07-06 16:30:00,2026-07-06 22:00:00,2026-07-06 16:30:00,2026-07-06 22:00:00,completed
1965,49,1,2026-07-07 08:30:00,2026-07-07 16:30:00,2026-07-07 08:30:00,2026-07-07 16:30:00,completed
1966,49,1,2026-07-07 16:45:00,2026-07-07 22:00:00,2026-07-07 16:45:00,2026-07-07 22:00:00,completed
1967,49,1,2026-07-08 08:30:00,2026-07-08 16:30:00,2026-07-08 08:30:00,2026-07-08 16:30:00,completed
1968,49,1,2026-07-08 16:30:00,2026-07-08 22:00:00,2026-07-08 16:30:00,2026-07-08 22:00:00,completed
1969,49,1,2026-07-09 08:30:00,2026-07-09 16:30:00,2026-07-09 08:30:00,2026-07-09 16:30:00,completed
1970,49,1,2026-07-09 16:30:00,2026-07-09 22:00:00,2026-07-09 16:30:00,2026-07-09 22:00:00,completed
1971,49,1,2026-07-10 08:15:00,2026-07-10 16:15:00,2026-07-10 08:15:00,2026-07-10 16:15:00,completed
1972,49,1,2026-07-10 16:15:00,2026-07-10 22:00:00,2026-07-10 16:15:00,2026-07-10 22:00:00,completed
1973,49,1,2026-07-11 08:45:00,2026-07-11 16:45:00,2026-07-11 08:45:00,2026-07-11 16:45:00,completed
1974,49,1,2026-07-11 17:15:00,2026-07-11 22:00:00,2026-07-11 17:15:00,2026-07-11 22:00:00,completed
1975,49,1,2026-07-12 08:00:00,2026-07-12 16:00:00,2026-07-12 08:00:00,2026-07-12 16:00:00,completed
1976,49,1,2026-07-12 16:00:00,2026-07-12 22:00:00,2026-07-12 16:00:00,2026-07-12 22:00:00,completed
1977,49,1,2026-07-13 08:30:00,2026-07-13 16:30:00,2026-07-13 08:30:00,2026-07-13 16:30:00,completed
1978,49,1,2026-07-13 16:45:00,2026-07-13 22:00:00,2026-07-13 16:45:00,2026-07-13 22:00:00,completed
1979,49,1,2026-07-14 08:00:00,2026-07-14 16:00:00,2026-07-14 08:00:00,2026-07-14 16:00:00,completed
1980,49,1,2026-07-14 16:15:00,2026-07-14 22:00:00,2026-07-14 16:15:00,2026-07-14 22:00:00,completed
1981,49,1,2026-07-15 08:00:00,2026-07-15 16:00:00,2026-07-15 08:00:00,2026-07-15 16:00:00,completed
1982,49,1,2026-07-15 16:15:00,2026-07-15 22:00:00,2026-07-15 16:15:00,2026-07-15 22:00:00,completed
1983,49,1,2026-07-16 08:00:00,2026-07-16 16:00:00,2026-07-16 08:00:00,2026-07-16 16:00:00,completed
1984,49,1,2026-07-16 17:30:00,2026-07-16 22:00:00,2026-07-16 17:30:00,2026-07-16 22:00:00,completed
1985,49,1,2026-07-17 08:30:00,2026-07-17 16:30:00,2026-07-17 08:30:00,2026-07-17 16:30:00,completed
1986,49,1,2026-07-17 16:30:00,2026-07-17 22:00:00,2026-07-17 16:30:00,2026-07-17 22:00:00,completed
1987,49,1,2026-07-18 08:00:00,2026-07-18 16:00:00,2026-07-18 08:00:00,2026-07-18 16:00:00,completed
1988,49,1,2026-07-18 16:15:00,2026-07-18 22:00:00,2026-07-18 16:15:00,2026-07-18 22:00:00,completed
1989,49,1,2026-07-19 08:00:00,2026-07-19 16:00:00,2026-07-19 08:00:00,2026-07-19 16:00:00,completed
1990,49,1,2026-07-19 16:15:00,2026-07-19 22:00:00,2026-07-19 16:15:00,2026-07-19 22:00:00,completed
1991,49,1,2026-07-20 08:00:00,2026-07-20 16:00:00,2026-07-20 08:00:00,2026-07-20 16:00:00,completed
1992,49,1,2026-07-20 16:00:00,2026-07-20 22:00:00,2026-07-20 16:00:00,2026-07-20 22:00:00,completed
1993,49,1,2026-07-21 08:00:00,2026-07-21 16:00:00,2026-07-21 08:00:00,2026-07-21 16:00:00,completed
1994,49,1,2026-07-21 16:30:00,2026-07-21 22:00:00,2026-07-21 16:30:00,2026-07-21 22:00:00,completed
1995,49,1,2026-07-22 08:00:00,2026-07-22 16:00:00,2026-07-22 08:00:00,2026-07-22 16:00:00,completed
1996,49,1,2026-07-22 16:00:00,2026-07-22 22:00:00,2026-07-22 16:00:00,2026-07-22 22:00:00,completed
1997,49,1,2026-07-23 08:00:00,2026-07-23 16:00:00,2026-07-23 08:00:00,2026-07-23 16:00:00,completed
1998,49,1,2026-07-23 16:15:00,2026-07-23 22:00:00,2026-07-23 16:15:00,2026-07-23 22:00:00,completed
1999,49,1,2026-07-24 08:00:00,2026-07-24 16:00:00,2026-07-24 08:00:00,2026-07-24 16:00:00,completed
2000,49,1,2026-07-24 16:00:00,2026-07-24 22:00:00,2026-07-24 16:00:00,2026-07-24 22:00:00,completed
2001,49,1,2026-07-25 08:30:00,2026-07-25 16:30:00,2026-07-25 08:30:00,2026-07-25 16:30:00,completed
2002,49,1,2026-07-25 16:45:00,2026-07-25 22:00:00,2026-07-25 16:45:00,2026-07-25 22:00:00,completed
2003,49,1,2026-07-26 09:00:00,2026-07-26 17:00:00,2026-07-26 09:00:00,2026-07-26 17:00:00,completed
2004,49,1,2026-07-26 18:00:00,2026-07-26 22:00:00,2026-07-26 18:00:00,2026-07-26 22:00:00,completed
2005,49,1,2026-07-27 08:00:00,2026-07-27 16:00:00,2026-07-27 08:00:00,2026-07-27 16:00:00,completed
2006,49,1,2026-07-27 16:15:00,2026-07-27 22:00:00,2026-07-27 16:15:00,2026-07-27 22:00:00,completed
2007,49,1,2026-07-28 08:00:00,2026-07-28 16:00:00,2026-07-28 08:00:00,2026-07-28 16:00:00,completed
2008,49,1,2026-07-28 16:00:00,2026-07-28 22:00:00,2026-07-28 16:00:00,2026-07-28 22:00:00,completed
2009,49,1,2026-07-29 08:00:00,2026-07-29 16:00:00,2026-07-29 08:00:00,2026-07-29 16:00:00,completed
2010,49,1,2026-07-29 16:00:00,2026-07-29 22:00:00,2026-07-29 16:00:00,2026-07-29 22:00:00,completed
2011,49,1,2026-07-30 08:15:00,2026-07-30 16:15:00,2026-07-30 08:15:00,2026-07-30 16:15:00,completed
2012,49,1,2026-07-30 16:30:00,2026-07-30 22:00:00,2026-07-30 16:30:00,2026-07-30 22:00:00,completed
2013,49,1,2026-07-31 08:15:00,2026-07-31 16:15:00,2026-07-31 08:15:00,2026-07-31 16:15:00,completed
2014,49,1,2026-07-31 16:30:00,2026-07-31 22:00:00,2026-07-31 16:30:00,2026-07-31 22:00:00,completed
