shift_id,employee_id,store_id,scheduled_start,scheduled_end,actual_start,actual_end,shift_status
1,1,1,2025-11-01 09:00:00,2025-11-01 17:00:00,2025-11-01 08:57:00,2025-11-01 17:09:00,completed
2,66,1,2025-11-01 08:00:00,2025-11-01 14:00:00,2025-11-01 07:55:00,2025-11-01 13:53:00,completed
3,17,1,2025-11-01 16:00:00,2025-11-01 22:00:00,2025-11-01 15:56:00,2025-11-01 22:09:00,completed
4,50,1,2025-11-01 10:00:00,2025-11-01 16:00:00,2025-11-01 09:56:00,2025-11-01 16:00:00,completed
5,41,1,2025-11-01 12:00:00,2025-11-01 17:00:00,2025-11-01 12:02:00,2025-11-01 16:48:00,completed
6,63,2,2025-11-01 09:00:00,2025-11-01 17:00:00,2025-11-01 08:59:00,2025-11-01 17:11:00,completed
7,46,2,2025-11-01 08:00:00,2025-11-01 14:00:00,2025-11-01 08:01:00,2025-11-01 14:01:00,completed
8,13,2,2025-11-01 15:00:00,2025-11-01 21:00:00,2025-11-01 14:59:00,2025-11-01 21:00:00,completed
9,80,2,2025-11-01 10:00:00,2025-11-01 16:00:00,2025-11-01 09:59:00,2025-11-01 15:52:00,completed
10,40,2,2025-11-01 12:00:00,2025-11-01 17:00:00,2025-11-01 11:57:00,2025-11-01 17:03:00,completed
11,62,3,2025-11-01 10:00:00,2025-11-01 18:00:00,2025-11-01 10:02:00,2025-11-01 18:00:00,completed
12,34,3,2025-11-01 09:00:00,2025-11-01 15:00:00,2025-11-01 08:57:00,2025-11-01 15:01:00,completed
13,77,3,2025-11-01 15:00:00,2025-11-01 21:00:00,2025-11-01 15:00:00,2025-11-01 20:58:00,completed
14,25,3,2025-11-01 11:00:00,2025-11-01 17:00:00,,,cancelled
15,44,3,2025-11-01 13:00:00,2025-11-01 18:00:00,2025-11-01 13:00:00,2025-11-01 17:53:00,completed
16,67,1,2025-11-02 09:00:00,2025-11-02 17:00:00,2025-11-02 09:05:00,2025-11-02 17:04:00,completed
17,33,1,2025-11-02 08:00:00,2025-11-02 14:00:00,2025-11-02 08:01:00,2025-11-02 13:57:00,completed
18,43,1,2025-11-02 16:00:00,2025-11-02 22:00:00,2025-11-02 16:01:00,2025-11-02 21:53:00,completed
19,14,1,2025-11-02 10:00:00,2025-11-02 16:00:00,2025-11-02 09:59:00,2025-11-02 16:08:00,completed
20,52,1,2025-11-02 12:00:00,2025-11-02 17:00:00,2025-11-02 11:58:00,2025-11-02 17:01:00,completed
21,2,2,2025-11-02 09:00:00,2025-11-02 17:00:00,2025-11-02 08:55:00,2025-11-02 17:08:00,completed
22,38,2,2025-11-02 08:00:00,2025-11-02 14:00:00,2025-11-02 08:02:00,2025-11-02 13:55:00,completed
23,7,2,2025-11-02 15:00:00,2025-11-02 21:00:00,2025-11-02 15:03:00,2025-11-02 20:56:00,completed
24,37,2,2025-11-02 10:00:00,2025-11-02 16:00:00,2025-11-02 10:01:00,2025-11-02 16:05:00,completed
25,19,2,2025-11-02 12:00:00,2025-11-02 17:00:00,2025-11-02 12:00:00,2025-11-02 16:55:00,completed
26,58,3,2025-11-02 10:00:00,2025-11-02 18:00:00,2025-11-02 10:01:00,2025-11-02 17:57:00,completed
27,69,3,2025-11-02 09:00:00,2025-11-02 15:00:00,2025-11-02 09:01:00,2025-11-02 14:56:00,completed
28,35,3,2025-11-02 15:00:00,2025-11-02 21:00:00,2025-11-02 14:59:00,2025-11-02 20:54:00,completed
29,56,3,2025-11-02 11:00:00,2025-11-02 17:00:00,2025-11-02 10:50:00,2025-11-02 17:03:00,completed
30,11,3,2025-11-02 13:00:00,2025-11-02 18:00:00,2025-11-02 13:03:00,2025-11-02 17:54:00,completed
31,1,1,2025-11-03 09:00:00,2025-11-03 17:00:00,2025-11-03 09:00:00,2025-11-03 17:11:00,completed
32,21,1,2025-11-03 08:00:00,2025-11-03 14:00:00,2025-11-03 08:01:00,2025-11-03 13:59:00,completed
33,18,1,2025-11-03 16:00:00,2025-11-03 22:00:00,2025-11-03 15:56:00,2025-11-03 22:00:00,completed
34,6,1,2025-11-03 10:00:00,2025-11-03 16:00:00,2025-11-03 10:07:00,2025-11-03 16:08:00,completed
35,68,2,2025-11-03 09:00:00,2025-11-03 17:00:00,2025-11-03 09:00:00,2025-11-03 17:05:00,completed
36,60,2,2025-11-03 08:00:00,2025-11-03 14:00:00,2025-11-03 07:58:00,2025-11-03 14:02:00,completed
37,24,2,2025-11-03 15:00:00,2025-11-03 21:00:00,2025-11-03 15:01:00,2025-11-03 21:00:00,completed
38,45,2,2025-11-03 10:00:00,2025-11-03 16:00:00,2025-11-03 09:59:00,2025-11-03 16:10:00,completed
39,3,3,2025-11-03 10:00:00,2025-11-03 18:00:00,2025-11-03 10:01:00,2025-11-03 18:06:00,completed
40,54,3,2025-11-03 09:00:00,2025-11-03 15:00:00,2025-11-03 08:55:00,2025-11-03 14:59:00,completed
41,5,3,2025-11-03 15:00:00,2025-11-03 21:00:00,2025-11-03 15:00:00,2025-11-03 20:58:00,completed
42,70,3,2025-11-03 11:00:00,2025-11-03 17:00:00,2025-11-03 10:58:00,2025-11-03 16:49:00,completed
43,67,1,2025-11-04 09:00:00,2025-11-04 17:00:00,2025-11-04 09:00:00,2025-11-04 17:01:00,completed
44,12,1,2025-11-04 08:00:00,2025-11-04 14:00:00,2025-11-04 07:58:00,2025-11-04 14:00:00,completed
45,72,1,2025-11-04 16:00:00,2025-11-04 22:00:00,2025-11-04 16:00:00,2025-11-04 21:57:00,completed
46,14,1,2025-11-04 10:00:00,2025-11-04 16:00:00,2025-11-04 09:59:00,2025-11-04 16:13:00,completed
47,16,2,2025-11-04 09:00:00,2025-11-04 17:00:00,2025-11-04 09:01:00,2025-11-04 16:56:00,completed
48,55,2,2025-11-04 08:00:00,2025-11-04 14:00:00,2025-11-04 08:10:00,2025-11-04 13:55:00,completed
49,32,2,2025-11-04 15:00:00,2025-11-04 21:00:00,2025-11-04 14:59:00,2025-11-04 21:08:00,completed
50,30,2,2025-11-04 10:00:00,2025-11-04 16:00:00,2025-11-04 10:00:00,2025-11-04 16:15:00,completed
51,47,3,2025-11-04 10:00:00,2025-11-04 18:00:00,2025-11-04 09:56:00,2025-11-04 18:15:00,completed
52,31,3,2025-11-04 09:00:00,2025-11-04 15:00:00,,,cancelled
53,20,3,2025-11-04 15:00:00,2025-11-04 21:00:00,2025-11-04 14:58:00,2025-11-04 21:11:00,completed
54,71,3,2025-11-04 11:00:00,2025-11-04 17:00:00,2025-11-04 11:02:00,2025-11-04 16:55:00,completed
55,1,1,2025-11-05 09:00:00,2025-11-05 17:00:00,2025-11-05 09:02:00,2025-11-05 16:59:00,completed
56,41,1,2025-11-05 08:00:00,2025-11-05 14:00:00,2025-11-05 07:58:00,2025-11-05 14:02:00,completed
57,66,1,2025-11-05 16:00:00,2025-11-05 22:00:00,2025-11-05 16:03:00,2025-11-05 22:05:00,completed
58,50,1,2025-11-05 10:00:00,2025-11-05 16:00:00,2025-11-05 10:00:00,2025-11-05 16:04:00,completed
59,2,2,2025-11-05 09:00:00,2025-11-05 17:00:00,2025-11-05 08:56:00,2025-11-05 16:58:00,completed
60,39,2,2025-11-05 08:00:00,2025-11-05 14:00:00,2025-11-05 08:12:00,2025-11-05 14:06:00,completed
61,23,2,2025-11-05 15:00:00,2025-11-05 21:00:00,2025-11-05 15:01:00,2025-11-05 21:04:00,completed
62,37,2,2025-11-05 10:00:00,2025-11-05 16:00:00,2025-11-05 09:57:00,2025-11-05 16:00:00,completed
63,4,3,2025-11-05 10:00:00,2025-11-05 18:00:00,2025-11-05 09:59:00,2025-11-05 17:53:00,completed
64,36,3,2025-11-05 09:00:00,2025-11-05 15:00:00,2025-11-05 08:56:00,2025-11-05 14:59:00,completed
65,8,3,2025-11-05 15:00:00,2025-11-05 21:00:00,2025-11-05 15:00:00,2025-11-05 20:58:00,completed
66,22,3,2025-11-05 11:00:00,2025-11-05 17:00:00,2025-11-05 11:00:00,2025-11-05 16:55:00,completed
67,67,1,2025-11-06 09:00:00,2025-11-06 17:00:00,2025-11-06 09:00:00,2025-11-06 17:00:00,completed
68,33,1,2025-11-06 08:00:00,2025-11-06 14:00:00,2025-11-06 08:02:00,2025-11-06 13:55:00,completed
69,52,1,2025-11-06 16:00:00,2025-11-06 22:00:00,2025-11-06 15:58:00,2025-11-06 22:03:00,completed
70,6,1,2025-11-06 10:00:00,2025-11-06 16:00:00,2025-11-06 10:03:00,2025-11-06 16:00:00,completed
71,63,2,2025-11-06 09:00:00,2025-11-06 17:00:00,2025-11-06 08:57:00,2025-11-06 17:06:00,completed
72,13,2,2025-11-06 08:00:00,2025-11-06 14:00:00,2025-11-06 08:03:00,2025-11-06 13:59:00,completed
73,19,2,2025-11-06 15:00:00,2025-11-06 21:00:00,2025-11-06 14:58:00,2025-11-06 21:01:00,completed
74,80,2,2025-11-06 10:00:00,2025-11-06 16:00:00,2025-11-06 10:01:00,2025-11-06 15:54:00,completed
75,62,3,2025-11-06 10:00:00,2025-11-06 18:00:00,2025-11-06 10:02:00,2025-11-06 17:56:00,completed
76,28,3,2025-11-06 09:00:00,2025-11-06 15:00:00,2025-11-06 08:57:00,2025-11-06 15:02:00,completed
77,64,3,2025-11-06 15:00:00,2025-11-06 21:00:00,2025-11-06 14:59:00,2025-11-06 20:57:00,completed
78,53,3,2025-11-06 11:00:00,2025-11-06 17:00:00,,,cancelled
79,1,1,2025-11-07 09:00:00,2025-11-07 17:00:00,2025-11-07 08:58:00,2025-11-07 17:03:00,completed
80,17,1,2025-11-07 08:00:00,2025-11-07 14:00:00,2025-11-07 07:59:00,2025-11-07 13:52:00,completed
81,43,1,2025-11-07 16:00:00,2025-11-07 22:00:00,2025-11-07 15:57:00,2025-11-07 22:00:00,completed
82,50,1,2025-11-07 10:00:00,2025-11-07 16:00:00,2025-11-07 09:58:00,2025-11-07 15:58:00,completed
83,72,1,2025-11-07 12:00:00,2025-11-07 17:00:00,2025-11-07 12:05:00,2025-11-07 17:00:00,completed
84,2,2,2025-11-07 09:00:00,2025-11-07 17:00:00,2025-11-07 08:59:00,2025-11-07 16:54:00,completed
85,7,2,2025-11-07 08:00:00,2025-11-07 14:00:00,2025-11-07 07:59:00,2025-11-07 13:53:00,completed
86,46,2,2025-11-07 15:00:00,2025-11-07 21:00:00,2025-11-07 14:56:00,2025-11-07 21:04:00,completed
87,37,2,2025-11-07 10:00:00,2025-11-07 16:00:00,2025-11-07 10:02:00,2025-11-07 15:48:00,completed
88,38,2,2025-11-07 12:00:00,2025-11-07 17:00:00,2025-11-07 12:01:00,2025-11-07 16:59:00,completed
89,58,3,2025-11-07 10:00:00,2025-11-07 18:00:00,2025-11-07 10:05:00,2025-11-07 17:54:00,completed
90,75,3,2025-11-07 09:00:00,2025-11-07 15:00:00,2025-11-07 09:00:00,2025-11-07 15:05:00,completed
91,26,3,2025-11-07 15:00:00,2025-11-07 21:00:00,2025-11-07 14:58:00,2025-11-07 20:58:00,completed
92,78,3,2025-11-07 11:00:00,2025-11-07 17:00:00,2025-11-07 11:01:00,2025-11-07 17:03:00,completed
93,69,3,2025-11-07 13:00:00,2025-11-07 18:00:00,2025-11-07 12:56:00,2025-11-07 17:55:00,completed
94,67,1,2025-11-08 09:00:00,2025-11-08 17:00:00,2025-11-08 08:59:00,2025-11-08 17:04:00,completed
95,12,1,2025-11-08 08:00:00,2025-11-08 14:00:00,2025-11-08 07:56:00,2025-11-08 13:59:00,completed
96,18,1,2025-11-08 16:00:00,2025-11-08 22:00:00,2025-11-08 16:03:00,2025-11-08 22:10:00,completed
97,14,1,2025-11-08 10:00:00,2025-11-08 16:00:00,2025-11-08 10:01:00,2025-11-08 16:05:00,completed
98,21,1,2025-11-08 12:00:00,2025-11-08 17:00:00,2025-11-08 12:03:00,2025-11-08 17:03:00,completed
99,16,2,2025-11-08 09:00:00,2025-11-08 17:00:00,2025-11-08 08:58:00,2025-11-08 17:05:00,completed
100,40,2,2025-11-08 08:00:00,2025-11-08 14:00:00,2025-11-08 08:05:00,2025-11-08 14:00:00,completed
101,38,2,2025-11-08 15:00:00,2025-11-08 21:00:00,2025-11-08 15:03:00,2025-11-08 20:48:00,completed
102,45,2,2025-11-08 10:00:00,2025-11-08 16:00:00,2025-11-08 09:59:00,2025-11-08 15:56:00,completed
103,23,2,2025-11-08 12:00:00,2025-11-08 17:00:00,2025-11-08 12:03:00,2025-11-08 16:49:00,completed
104,3,3,2025-11-08 10:00:00,2025-11-08 18:00:00,2025-11-08 10:02:00,2025-11-08 18:02:00,completed
105,44,3,2025-11-08 09:00:00,2025-11-08 15:00:00,2025-11-08 09:01:00,2025-11-08 15:04:00,completed
106,77,3,2025-11-08 15:00:00,2025-11-08 21:00:00,2025-11-08 14:58:00,2025-11-08 20:58:00,completed
107,15,3,2025-11-08 11:00:00,2025-11-08 17:00:00,2025-11-08 11:05:00,2025-11-08 17:05:00,completed
108,34,3,2025-11-08 13:00:00,2025-11-08 18:00:00,2025-11-08 13:03:00,2025-11-08 18:06:00,completed
109,1,1,2025-11-09 09:00:00,2025-11-09 17:00:00,2025-11-09 08:56:00,2025-11-09 17:07:00,completed
110,33,1,2025-11-09 08:00:00,2025-11-09 14:00:00,2025-11-09 08:01:00,2025-11-09 14:00:00,completed
111,17,1,2025-11-09 16:00:00,2025-11-09 22:00:00,2025-11-09 15:58:00,2025-11-09 21:57:00,completed
112,6,1,2025-11-09 10:00:00,2025-11-09 16:00:00,2025-11-09 10:00:00,2025-11-09 15:55:00,completed
113,43,1,2025-11-09 12:00:00,2025-11-09 17:00:00,2025-11-09 11:58:00,2025-11-09 16:58:00,completed
114,68,2,2025-11-09 09:00:00,2025-11-09 17:00:00,2025-11-09 09:02:00,2025-11-09 16:48:00,completed
115,13,2,2025-11-09 08:00:00,2025-11-09 14:00:00,,,missed
116,40,2,2025-11-09 15:00:00,2025-11-09 21:00:00,2025-11-09 14:58:00,2025-11-09 20:58:00,completed
117,30,2,2025-11-09 10:00:00,2025-11-09 16:00:00,2025-11-09 09:59:00,2025-11-09 16:02:00,completed
118,24,2,2025-11-09 12:00:00,2025-11-09 17:00:00,2025-11-09 12:09:00,2025-11-09 17:00:00,completed
119,4,3,2025-11-09 10:00:00,2025-11-09 18:00:00,2025-11-09 10:02:00,2025-11-09 17:58:00,completed
120,11,3,2025-11-09 09:00:00,2025-11-09 15:00:00,2025-11-09 08:59:00,2025-11-09 14:52:00,completed
121,35,3,2025-11-09 15:00:00,2025-11-09 21:00:00,2025-11-09 15:04:00,2025-11-09 21:01:00,completed
122,56,3,2025-11-09 11:00:00,2025-11-09 17:00:00,2025-11-09 11:01:00,2025-11-09 17:03:00,completed
123,34,3,2025-11-09 13:00:00,2025-11-09 18:00:00,,,missed
124,67,1,2025-11-10 09:00:00,2025-11-10 17:00:00,2025-11-10 09:03:00,2025-11-10 17:09:00,completed
125,12,1,2025-11-10 08:00:00,2025-11-10 14:00:00,2025-11-10 07:55:00,2025-11-10 13:56:00,completed
126,52,1,2025-11-10 16:00:00,2025-11-10 22:00:00,2025-11-10 16:00:00,2025-11-10 22:04:00,completed
127,50,1,2025-11-10 10:00:00,2025-11-10 16:00:00,2025-11-10 09:58:00,2025-11-10 15:57:00,completed
128,68,2,2025-11-10 09:00:00,2025-11-10 17:00:00,2025-11-10 09:03:00,2025-11-10 17:03:00,completed
129,55,2,2025-11-10 08:00:00,2025-11-10 14:00:00,2025-11-10 08:00:00,2025-11-10 14:02:00,completed
130,32,2,2025-11-10 15:00:00,2025-11-10 21:00:00,2025-11-10 15:05:00,2025-11-10 21:10:00,completed
131,80,2,2025-11-10 10:00:00,2025-11-10 16:00:00,,,cancelled
132,47,3,2025-11-10 10:00:00,2025-11-10 18:00:00,2025-11-10 10:01:00,2025-11-10 18:02:00,completed
133,64,3,2025-11-10 09:00:00,2025-11-10 15:00:00,2025-11-10 08:56:00,2025-11-10 14:55:00,completed
134,26,3,2025-11-10 15:00:00,2025-11-10 21:00:00,2025-11-10 15:01:00,2025-11-10 20:59:00,completed
135,15,3,2025-11-10 11:00:00,2025-11-10 17:00:00,2025-11-10 10:52:00,2025-11-10 16:58:00,completed
136,1,1,2025-11-11 09:00:00,2025-11-11 17:00:00,2025-11-11 08:57:00,2025-11-11 17:04:00,completed
137,66,1,2025-11-11 08:00:00,2025-11-11 14:00:00,2025-11-11 08:11:00,2025-11-11 14:03:00,completed
138,41,1,2025-11-11 16:00:00,2025-11-11 22:00:00,2025-11-11 16:02:00,2025-11-11 22:04:00,completed
139,6,1,2025-11-11 10:00:00,2025-11-11 16:00:00,2025-11-11 09:56:00,2025-11-11 16:00:00,completed
140,63,2,2025-11-11 09:00:00,2025-11-11 17:00:00,2025-11-11 09:05:00,2025-11-11 16:55:00,completed
141,60,2,2025-11-11 08:00:00,2025-11-11 14:00:00,2025-11-11 08:00:00,2025-11-11 13:55:00,completed
142,39,2,2025-11-11 15:00:00,2025-11-11 21:00:00,2025-11-11 15:03:00,2025-11-11 20:50:00,completed
143,30,2,2025-11-11 10:00:00,2025-11-11 16:00:00,2025-11-11 10:01:00,2025-11-11 16:09:00,completed
144,62,3,2025-11-11 10:00:00,2025-11-11 18:00:00,2025-11-11 09:57:00,2025-11-11 17:55:00,completed
145,36,3,2025-11-11 09:00:00,2025-11-11 15:00:00,,,cancelled
146,31,3,2025-11-11 15:00:00,2025-11-11 21:00:00,2025-11-11 14:59:00,2025-11-11 20:50:00,completed
147,78,3,2025-11-11 11:00:00,2025-11-11 17:00:00,2025-11-11 11:04:00,2025-11-11 17:01:00,completed
148,1,1,2025-11-12 09:00:00,2025-11-12 17:00:00,2025-11-12 09:03:00,2025-11-12 17:02:00,completed
149,72,1,2025-11-12 08:00:00,2025-11-12 14:00:00,2025-11-12 07:58:00,2025-11-12 13:54:00,completed
150,21,1,2025-11-12 16:00:00,2025-11-12 22:00:00,2025-11-12 15:55:00,2025-11-12 21:48:00,completed
151,14,1,2025-11-12 10:00:00,2025-11-12 16:00:00,2025-11-12 09:56:00,2025-11-12 16:01:00,completed
152,16,2,2025-11-12 09:00:00,2025-11-12 17:00:00,2025-11-12 08:58:00,2025-11-12 17:08:00,completed
153,46,2,2025-11-12 08:00:00,2025-11-12 14:00:00,2025-11-12 08:01:00,2025-11-12 14:08:00,completed
154,19,2,2025-11-12 15:00:00,2025-11-12 21:00:00,2025-11-12 15:16:00,2025-11-12 20:58:00,completed
155,45,2,2025-11-12 10:00:00,2025-11-12 16:00:00,2025-11-12 10:02:00,2025-11-12 16:01:00,completed
156,58,3,2025-11-12 10:00:00,2025-11-12 18:00:00,2025-11-12 09:54:00,2025-11-12 18:13:00,completed
157,5,3,2025-11-12 09:00:00,2025-11-12 15:00:00,2025-11-12 09:01:00,2025-11-12 15:02:00,completed
158,54,3,2025-11-12 15:00:00,2025-11-12 21:00:00,2025-11-12 14:57:00,2025-11-12 21:00:00,completed
159,70,3,2025-11-12 11:00:00,2025-11-12 17:00:00,2025-11-12 11:01:00,2025-11-12 16:56:00,completed
160,67,1,2025-11-13 09:00:00,2025-11-13 17:00:00,2025-11-13 09:00:00,2025-11-13 16:57:00,completed
161,18,1,2025-11-13 08:00:00,2025-11-13 14:00:00,2025-11-13 08:02:00,2025-11-13 14:03:00,completed
162,17,1,2025-11-13 16:00:00,2025-11-13 22:00:00,2025-11-13 15:58:00,2025-11-13 22:07:00,completed
163,14,1,2025-11-13 10:00:00,2025-11-13 16:00:00,,,cancelled
164,2,2,2025-11-13 09:00:00,2025-11-13 17:00:00,2025-11-13 09:01:00,2025-11-13 16:57:00,completed
165,24,2,2025-11-13 08:00:00,2025-11-13 14:00:00,2025-11-13 07:56:00,2025-11-13 13:57:00,completed
166,23,2,2025-11-13 15:00:00,2025-11-13 21:00:00,2025-11-13 15:03:00,2025-11-13 20:57:00,completed
167,37,2,2025-11-13 10:00:00,2025-11-13 16:00:00,2025-11-13 09:59:00,2025-11-13 15:55:00,completed
168,4,3,2025-11-13 10:00:00,2025-11-13 18:00:00,2025-11-13 09:58:00,2025-11-13 18:02:00,completed
169,28,3,2025-11-13 09:00:00,2025-11-13 15:00:00,2025-11-13 08:55:00,2025-11-13 15:01:00,completed
170,20,3,2025-11-13 15:00:00,2025-11-13 21:00:00,2025-11-13 15:01:00,2025-11-13 21:10:00,completed
171,53,3,2025-11-13 11:00:00,2025-11-13 17:00:00,2025-11-13 11:01:00,2025-11-13 17:00:00,completed
172,1,1,2025-11-14 09:00:00,2025-11-14 17:00:00,2025-11-14 09:00:00,2025-11-14 17:00:00,completed
173,33,1,2025-11-14 08:00:00,2025-11-14 14:00:00,2025-11-14 07:57:00,2025-11-14 13:56:00,completed
174,43,1,2025-11-14 16:00:00,2025-11-14 22:00:00,2025-11-14 15:58:00,2025-11-14 22:01:00,completed
175,50,1,2025-11-14 10:00:00,2025-11-14 16:00:00,2025-11-14 10:01:00,2025-11-14 16:04:00,completed
176,72,1,2025-11-14 12:00:00,2025-11-14 17:00:00,2025-11-14 11:59:00,2025-11-14 17:00:00,completed
177,2,2,2025-11-14 09:00:00,2025-11-14 17:00:00,2025-11-14 09:01:00,2025-11-14 16:55:00,completed
178,7,2,2025-11-14 08:00:00,2025-11-14 14:00:00,2025-11-14 08:01:00,2025-11-14 14:00:00,completed
179,38,2,2025-11-14 15:00:00,2025-11-14 21:00:00,2025-11-14 15:03:00,2025-11-14 20:53:00,completed
180,37,2,2025-11-14 10:00:00,2025-11-14 16:00:00,2025-11-14 09:55:00,2025-11-14 15:54:00,completed
181,40,2,2025-11-14 12:00:00,2025-11-14 17:00:00,2025-11-14 12:04:00,2025-11-14 16:57:00,completed
182,3,3,2025-11-14 10:00:00,2025-11-14 18:00:00,2025-11-14 10:04:00,2025-11-14 17:58:00,completed
183,8,3,2025-11-14 09:00:00,2025-11-14 15:00:00,2025-11-14 09:08:00,2025-11-14 15:06:00,completed
184,75,3,2025-11-14 15:00:00,2025-11-14 21:00:00,2025-11-14 14:53:00,2025-11-14 21:00:00,completed
185,71,3,2025-11-14 11:00:00,2025-11-14 17:00:00,2025-11-14 11:01:00,2025-11-14 16:55:00,completed
186,11,3,2025-11-14 13:00:00,2025-11-14 18:00:00,2025-11-14 13:03:00,2025-11-14 17:52:00,completed
187,67,1,2025-11-15 09:00:00,2025-11-15 17:00:00,2025-11-15 09:03:00,2025-11-15 17:06:00,completed
188,66,1,2025-11-15 08:00:00,2025-11-15 14:00:00,,,cancelled
189,12,1,2025-11-15 16:00:00,2025-11-15 22:00:00,2025-11-15 15:59:00,2025-11-15 22:00:00,completed
190,6,1,2025-11-15 10:00:00,2025-11-15 16:00:00,2025-11-15 09:57:00,2025-11-15 16:01:00,completed
191,52,1,2025-11-15 12:00:00,2025-11-15 17:00:00,2025-11-15 12:02:00,2025-11-15 17:06:00,completed
192,63,2,2025-11-15 09:00:00,2025-11-15 17:00:00,2025-11-15 09:14:00,2025-11-15 16:58:00,completed
193,13,2,2025-11-15 08:00:00,2025-11-15 14:00:00,2025-11-15 08:04:00,2025-11-15 13:56:00,completed
194,40,2,2025-11-15 15:00:00,2025-11-15 21:00:00,2025-11-15 15:11:00,2025-11-15 20:57:00,completed
195,45,2,2025-11-15 10:00:00,2025-11-15 16:00:00,2025-11-15 09:59:00,2025-11-15 15:59:00,completed
196,23,2,2025-11-15 12:00:00,2025-11-15 17:00:00,2025-11-15 11:58:00,2025-11-15 17:07:00,completed
197,3,3,2025-11-15 10:00:00,2025-11-15 18:00:00,,,cancelled
198,69,3,2025-11-15 09:00:00,2025-11-15 15:00:00,2025-11-15 09:05:00,2025-11-15 14:49:00,completed
199,77,3,2025-11-15 15:00:00,2025-11-15 21:00:00,2025-11-15 15:02:00,2025-11-15 20:51:00,completed
200,25,3,2025-11-15 11:00:00,2025-11-15 17:00:00,2025-11-15 10:58:00,2025-11-15 16:55:00,completed
201,35,3,2025-11-15 13:00:00,2025-11-15 18:00:00,2025-11-15 12:56:00,2025-11-15 18:01:00,completed
202,1,1,2025-11-16 09:00:00,2025-11-16 17:00:00,2025-11-16 09:07:00,2025-11-16 16:58:00,completed
203,21,1,2025-11-16 08:00:00,2025-11-16 14:00:00,2025-11-16 08:02:00,2025-11-16 14:12:00,completed
204,18,1,2025-11-16 16:00:00,2025-11-16 22:00:00,2025-11-16 16:01:00,2025-11-16 22:06:00,completed
205,50,1,2025-11-16 10:00:00,2025-11-16 16:00:00,2025-11-16 10:01:00,2025-11-16 15:59:00,completed
206,41,1,2025-11-16 12:00:00,2025-11-16 17:00:00,2025-11-16 11:59:00,2025-11-16 16:59:00,completed
207,16,2,2025-11-16 09:00:00,2025-11-16 17:00:00,2025-11-16 09:05:00,2025-11-16 17:04:00,completed
208,13,2,2025-11-16 08:00:00,2025-11-16 14:00:00,2025-11-16 08:00:00,2025-11-16 14:00:00,completed
209,38,2,2025-11-16 15:00:00,2025-11-16 21:00:00,2025-11-16 15:02:00,2025-11-16 21:09:00,completed
210,80,2,2025-11-16 10:00:00,2025-11-16 16:00:00,2025-11-16 09:59:00,2025-11-16 15:54:00,completed
211,32,2,2025-11-16 12:00:00,2025-11-16 17:00:00,2025-11-16 12:01:00,2025-11-16 17:01:00,completed
212,47,3,2025-11-16 10:00:00,2025-11-16 18:00:00,2025-11-16 09:58:00,2025-11-16 17:59:00,completed
213,44,3,2025-11-16 09:00:00,2025-11-16 15:00:00,2025-11-16 09:01:00,2025-11-16 15:01:00,completed
214,34,3,2025-11-16 15:00:00,2025-11-16 21:00:00,2025-11-16 15:12:00,2025-11-16 21:08:00,completed
215,22,3,2025-11-16 11:00:00,2025-11-16 17:00:00,2025-11-16 10:58:00,2025-11-16 17:02:00,completed
216,11,3,2025-11-16 13:00:00,2025-11-16 18:00:00,2025-11-16 13:04:00,2025-11-16 17:58:00,completed
217,67,1,2025-11-17 09:00:00,2025-11-17 17:00:00,2025-11-17 09:02:00,2025-11-17 17:01:00,completed
218,12,1,2025-11-17 08:00:00,2025-11-17 14:00:00,2025-11-17 07:58:00,2025-11-17 14:07:00,completed
219,66,1,2025-11-17 16:00:00,2025-11-17 22:00:00,2025-11-17 15:57:00,2025-11-17 22:04:00,completed
220,6,1,2025-11-17 10:00:00,2025-11-17 16:00:00,2025-11-17 09:58:00,2025-11-17 16:04:00,completed
221,68,2,2025-11-17 09:00:00,2025-11-17 17:00:00,2025-11-17 08:57:00,2025-11-17 16:56:00,completed
222,55,2,2025-11-17 08:00:00,2025-11-17 14:00:00,2025-11-17 08:03:00,2025-11-17 13:59:00,completed
223,60,2,2025-11-17 15:00:00,2025-11-17 21:00:00,2025-11-17 15:02:00,2025-11-17 20:56:00,completed
224,30,2,2025-11-17 10:00:00,2025-11-17 16:00:00,2025-11-17 09:59:00,2025-11-17 16:01:00,completed
225,58,3,2025-11-17 10:00:00,2025-11-17 18:00:00,2025-11-17 10:00:00,2025-11-17 17:56:00,completed
226,36,3,2025-11-17 09:00:00,2025-11-17 15:00:00,2025-11-17 09:04:00,2025-11-17 15:01:00,completed
227,64,3,2025-11-17 15:00:00,2025-11-17 21:00:00,2025-11-17 14:59:00,2025-11-17 20:53:00,completed
228,78,3,2025-11-17 11:00:00,2025-11-17 17:00:00,2025-11-17 11:01:00,2025-11-17 16:55:00,completed
229,1,1,2025-11-18 09:00:00,2025-11-18 17:00:00,2025-11-18 09:02:00,2025-11-18 17:05:00,completed
230,18,1,2025-11-18 08:00:00,2025-11-18 14:00:00,2025-11-18 07:58:00,2025-11-18 14:08:00,completed
231,21,1,2025-11-18 16:00:00,2025-11-18 22:00:00,2025-11-18 16:02:00,2025-11-18 21:59:00,completed
232,14,1,2025-11-18 10:00:00,2025-11-18 16:00:00,2025-11-18 09:59:00,2025-11-18 16:03:00,completed
233,16,2,2025-11-18 09:00:00,2025-11-18 17:00:00,2025-11-18 08:58:00,2025-11-18 17:03:00,completed
234,39,2,2025-11-18 08:00:00,2025-11-18 14:00:00,2025-11-18 07:57:00,2025-11-18 14:03:00,completed
235,32,2,2025-11-18 15:00:00,2025-11-18 21:00:00,2025-11-18 14:59:00,2025-11-18 20:59:00,completed
236,45,2,2025-11-18 10:00:00,2025-11-18 16:00:00,2025-11-18 10:00:00,2025-11-18 15:57:00,completed
237,62,3,2025-11-18 10:00:00,2025-11-18 18:00:00,2025-11-18 09:57:00,2025-11-18 18:00:00,completed
238,75,3,2025-11-18 09:00:00,2025-11-18 15:00:00,2025-11-18 09:01:00,2025-11-18 15:11:00,completed
239,5,3,2025-11-18 15:00:00,2025-11-18 21:00:00,2025-11-18 15:02:00,2025-11-18 20:56:00,completed
240,71,3,2025-11-18 11:00:00,2025-11-18 17:00:00,2025-11-18 10:56:00,2025-11-18 17:10:00,completed
241,1,1,2025-11-19 09:00:00,2025-11-19 17:00:00,2025-11-19 09:00:00,2025-11-19 17:07:00,completed
242,43,1,2025-11-19 08:00:00,2025-11-19 14:00:00,2025-11-19 07:58:00,2025-11-19 14:06:00,completed
243,52,1,2025-11-19 16:00:00,2025-11-19 22:00:00,2025-11-19 15:57:00,2025-11-19 22:08:00,completed
244,50,1,2025-11-19 10:00:00,2025-11-19 16:00:00,2025-11-19 10:02:00,2025-11-19 16:02:00,completed
245,63,2,2025-11-19 09:00:00,2025-11-19 17:00:00,2025-11-19 09:05:00,2025-11-19 17:10:00,completed
246,19,2,2025-11-19 08:00:00,2025-11-19 14:00:00,2025-11-19 08:04:00,2025-11-19 13:52:00,completed
247,24,2,2025-11-19 15:00:00,2025-11-19 21:00:00,,,cancelled
248,80,2,2025-11-19 10:00:00,2025-11-19 16:00:00,2025-11-19 09:56:00,2025-11-19 15:54:00,completed
249,4,3,2025-11-19 10:00:00,2025-11-19 18:00:00,2025-11-19 10:01:00,2025-11-19 17:57:00,completed
250,54,3,2025-11-19 09:00:00,2025-11-19 15:00:00,,,missed
251,8,3,2025-11-19 15:00:00,2025-11-19 21:00:00,2025-11-19 15:05:00,2025-11-19 21:03:00,completed
252,56,3,2025-11-19 11:00:00,2025-11-19 17:00:00,2025-11-19 10:57:00,2025-11-19 17:00:00,completed
253,67,1,2025-11-20 09:00:00,2025-11-20 17:00:00,2025-11-20 09:00:00,2025-11-20 16:53:00,completed
254,33,1,2025-11-20 08:00:00,2025-11-20 14:00:00,,,cancelled
255,41,1,2025-11-20 16:00:00,2025-11-20 22:00:00,2025-11-20 15:57:00,2025-11-20 21:59:00,completed
256,14,1,2025-11-20 10:00:00,2025-11-20 16:00:00,2025-11-20 10:01:00,2025-11-20 15:59:00,completed
257,2,2,2025-11-20 09:00:00,2025-11-20 17:00:00,2025-11-20 09:01:00,2025-11-20 16:58:00,completed
258,7,2,2025-11-20 08:00:00,2025-11-20 14:00:00,2025-11-20 08:01:00,2025-11-20 14:00:00,completed
259,46,2,2025-11-20 15:00:00,2025-11-20 21:00:00,2025-11-20 15:03:00,2025-11-20 21:06:00,completed
260,37,2,2025-11-20 10:00:00,2025-11-20 16:00:00,2025-11-20 10:06:00,2025-11-20 16:00:00,completed
261,47,3,2025-11-20 10:00:00,2025-11-20 18:00:00,2025-11-20 10:01:00,2025-11-20 17:50:00,completed
262,31,3,2025-11-20 09:00:00,2025-11-20 15:00:00,2025-11-20 08:56:00,2025-11-20 14:58:00,completed
263,26,3,2025-11-20 15:00:00,2025-11-20 21:00:00,2025-11-20 15:02:00,2025-11-20 20:56:00,completed
264,22,3,2025-11-20 11:00:00,2025-11-20 17:00:00,2025-11-20 11:03:00,2025-11-20 17:05:00,completed
265,1,1,2025-11-21 09:00:00,2025-11-21 17:00:00,2025-11-21 08:59:00,2025-11-21 16:49:00,completed
266,17,1,2025-11-21 08:00:00,2025-11-21 14:00:00,2025-11-21 07:57:00,2025-11-21 13:51:00,completed
267,72,1,2025-11-21 16:00:00,2025-11-21 22:00:00,2025-11-21 15:59:00,2025-11-21 21:56:00,completed
268,6,1,2025-11-21 10:00:00,2025-11-21 16:00:00,2025-11-21 10:10:00,2025-11-21 16:05:00,completed
269,21,1,2025-11-21 12:00:00,2025-11-21 17:00:00,2025-11-21 12:01:00,2025-11-21 17:01:00,completed
270,2,2,2025-11-21 09:00:00,2025-11-21 17:00:00,2025-11-21 09:01:00,2025-11-21 17:03:00,completed
271,23,2,2025-11-21 08:00:00,2025-11-21 14:00:00,2025-11-21 07:59:00,2025-11-21 13:58:00,completed
272,13,2,2025-11-21 15:00:00,2025-11-21 21:00:00,2025-11-21 15:02:00,2025-11-21 20:54:00,completed
273,37,2,2025-11-21 10:00:00,2025-11-21 16:00:00,2025-11-21 09:58:00,2025-11-21 16:03:00,completed
274,38,2,2025-11-21 12:00:00,2025-11-21 17:00:00,2025-11-21 11:57:00,2025-11-21 16:57:00,completed
275,3,3,2025-11-21 10:00:00,2025-11-21 18:00:00,,,cancelled
276,20,3,2025-11-21 09:00:00,2025-11-21 15:00:00,2025-11-21 08:58:00,2025-11-21 15:03:00,completed
277,28,3,2025-11-21 15:00:00,2025-11-21 21:00:00,2025-11-21 14:55:00,2025-11-21 20:56:00,completed
278,15,3,2025-11-21 11:00:00,2025-11-21 17:00:00,2025-11-21 11:01:00,2025-11-21 17:05:00,completed
279,69,3,2025-11-21 13:00:00,2025-11-21 18:00:00,,,cancelled
280,67,1,2025-11-22 09:00:00,2025-11-22 17:00:00,2025-11-22 09:04:00,2025-11-22 16:57:00,completed
281,43,1,2025-11-22 08:00:00,2025-11-22 14:00:00,2025-11-22 08:00:00,2025-11-22 13:57:00,completed
282,33,1,2025-11-22 16:00:00,2025-11-22 22:00:00,2025-11-22 16:00:00,2025-11-22 22:09:00,completed
283,50,1,2025-11-22 10:00:00,2025-11-22 16:00:00,2025-11-22 09:59:00,2025-11-22 16:03:00,completed
284,17,1,2025-11-22 12:00:00,2025-11-22 17:00:00,2025-11-22 12:11:00,2025-11-22 17:05:00,completed
285,68,2,2025-11-22 09:00:00,2025-11-22 17:00:00,2025-11-22 09:03:00,2025-11-22 17:04:00,completed
286,40,2,2025-11-22 08:00:00,2025-11-22 14:00:00,2025-11-22 07:57:00,2025-11-22 14:02:00,completed
287,38,2,2025-11-22 15:00:00,2025-11-22 21:00:00,2025-11-22 15:00:00,2025-11-22 21:09:00,completed
288,30,2,2025-11-22 10:00:00,2025-11-22 16:00:00,2025-11-22 10:01:00,2025-11-22 15:48:00,completed
289,23,2,2025-11-22 12:00:00,2025-11-22 17:00:00,2025-11-22 12:01:00,2025-11-22 17:04:00,completed
290,3,3,2025-11-22 10:00:00,2025-11-22 18:00:00,2025-11-22 10:01:00,2025-11-22 18:07:00,completed
291,44,3,2025-11-22 09:00:00,2025-11-22 15:00:00,,,missed
292,35,3,2025-11-22 15:00:00,2025-11-22 21:00:00,2025-11-22 14:59:00,2025-11-22 20:48:00,completed
293,53,3,2025-11-22 11:00:00,2025-11-22 17:00:00,2025-11-22 11:01:00,2025-11-22 17:01:00,completed
294,77,3,2025-11-22 13:00:00,2025-11-22 18:00:00,2025-11-22 13:04:00,2025-11-22 17:55:00,completed
295,1,1,2025-11-23 09:00:00,2025-11-23 17:00:00,2025-11-23 09:01:00,2025-11-23 17:07:00,completed
296,12,1,2025-11-23 08:00:00,2025-11-23 14:00:00,2025-11-23 07:58:00,2025-11-23 14:04:00,completed
297,72,1,2025-11-23 16:00:00,2025-11-23 22:00:00,2025-11-23 15:59:00,2025-11-23 21:57:00,completed
298,14,1,2025-11-23 10:00:00,2025-11-23 16:00:00,2025-11-23 10:00:00,2025-11-23 16:00:00,completed
299,66,1,2025-11-23 12:00:00,2025-11-23 17:00:00,2025-11-23 11:57:00,2025-11-23 16:59:00,completed
300,63,2,2025-11-23 09:00:00,2025-11-23 17:00:00,2025-11-23 09:00:00,2025-11-23 16:56:00,completed
301,40,2,2025-11-23 08:00:00,2025-11-23 14:00:00,2025-11-23 08:04:00,2025-11-23 14:04:00,completed
302,13,2,2025-11-23 15:00:00,2025-11-23 21:00:00,2025-11-23 15:01:00,2025-11-23 21:05:00,completed
303,45,2,2025-11-23 10:00:00,2025-11-23 16:00:00,2025-11-23 09:57:00,2025-11-23 16:07:00,completed
304,60,2,2025-11-23 12:00:00,2025-11-23 17:00:00,2025-11-23 11:57:00,2025-11-23 17:00:00,completed
305,4,3,2025-11-23 10:00:00,2025-11-23 18:00:00,2025-11-23 10:00:00,2025-11-23 18:06:00,completed
306,11,3,2025-11-23 09:00:00,2025-11-23 15:00:00,2025-11-23 09:02:00,2025-11-23 15:05:00,completed
307,34,3,2025-11-23 15:00:00,2025-11-23 21:00:00,2025-11-23 14:59:00,2025-11-23 21:03:00,completed
308,25,3,2025-11-23 11:00:00,2025-11-23 17:00:00,2025-11-23 11:00:00,2025-11-23 16:56:00,completed
309,69,3,2025-11-23 13:00:00,2025-11-23 18:00:00,2025-11-23 13:01:00,2025-11-23 17:53:00,completed
310,67,1,2025-11-24 09:00:00,2025-11-24 17:00:00,2025-11-24 09:03:00,2025-11-24 16:51:00,completed
311,18,1,2025-11-24 08:00:00,2025-11-24 14:00:00,2025-11-24 07:59:00,2025-11-24 14:02:00,completed
312,52,1,2025-11-24 16:00:00,2025-11-24 22:00:00,2025-11-24 16:00:00,2025-11-24 21:56:00,completed
313,6,1,2025-11-24 10:00:00,2025-11-24 16:00:00,2025-11-24 09:59:00,2025-11-24 15:56:00,completed
314,16,2,2025-11-24 09:00:00,2025-11-24 17:00:00,,,missed
315,39,2,2025-11-24 08:00:00,2025-11-24 14:00:00,2025-11-24 07:59:00,2025-11-24 14:15:00,completed
316,55,2,2025-11-24 15:00:00,2025-11-24 21:00:00,2025-11-24 15:01:00,2025-11-24 21:05:00,completed
317,80,2,2025-11-24 10:00:00,2025-11-24 16:00:00,2025-11-24 09:58:00,2025-11-24 15:50:00,completed
318,47,3,2025-11-24 10:00:00,2025-11-24 18:00:00,2025-11-24 10:00:00,2025-11-24 18:04:00,completed
319,75,3,2025-11-24 09:00:00,2025-11-24 15:00:00,2025-11-24 08:59:00,2025-11-24 14:58:00,completed
320,20,3,2025-11-24 15:00:00,2025-11-24 21:00:00,2025-11-24 14:56:00,2025-11-24 20:54:00,completed
321,70,3,2025-11-24 11:00:00,2025-11-24 17:00:00,,,cancelled
322,1,1,2025-11-25 09:00:00,2025-11-25 17:00:00,2025-11-25 08:58:00,2025-11-25 16:48:00,completed
323,41,1,2025-11-25 08:00:00,2025-11-25 14:00:00,2025-11-25 08:02:00,2025-11-25 13:56:00,completed
324,21,1,2025-11-25 16:00:00,2025-11-25 22:00:00,2025-11-25 16:03:00,2025-11-25 22:04:00,completed
325,14,1,2025-11-25 10:00:00,2025-11-25 16:00:00,2025-11-25 09:59:00,2025-11-25 16:09:00,completed
326,68,2,2025-11-25 09:00:00,2025-11-25 17:00:00,2025-11-25 09:02:00,2025-11-25 17:10:00,completed
327,24,2,2025-11-25 08:00:00,2025-11-25 14:00:00,2025-11-25 08:01:00,2025-11-25 14:01:00,completed
328,60,2,2025-11-25 15:00:00,2025-11-25 21:00:00,2025-11-25 15:01:00,2025-11-25 20:48:00,completed
329,30,2,2025-11-25 10:00:00,2025-11-25 16:00:00,2025-11-25 09:58:00,2025-11-25 15:59:00,completed
330,58,3,2025-11-25 10:00:00,2025-11-25 18:00:00,2025-11-25 09:58:00,2025-11-25 18:07:00,completed
331,54,3,2025-11-25 09:00:00,2025-11-25 15:00:00,2025-11-25 08:55:00,2025-11-25 14:58:00,completed
332,5,3,2025-11-25 15:00:00,2025-11-25 21:00:00,2025-11-25 15:02:00,2025-11-25 21:05:00,completed
333,15,3,2025-11-25 11:00:00,2025-11-25 17:00:00,2025-11-25 10:58:00,2025-11-25 16:57:00,completed
334,1,1,2025-11-26 09:00:00,2025-11-26 17:00:00,2025-11-26 08:59:00,2025-11-26 16:59:00,completed
335,12,1,2025-11-26 08:00:00,2025-11-26 14:00:00,2025-11-26 08:00:00,2025-11-26 13:55:00,completed
336,66,1,2025-11-26 16:00:00,2025-11-26 22:00:00,2025-11-26 16:00:00,2025-11-26 22:06:00,completed
337,50,1,2025-11-26 10:00:00,2025-11-26 16:00:00,2025-11-26 09:58:00,2025-11-26 15:57:00,completed
338,63,2,2025-11-26 09:00:00,2025-11-26 17:00:00,2025-11-26 09:02:00,2025-11-26 17:03:00,completed
339,46,2,2025-11-26 08:00:00,2025-11-26 14:00:00,2025-11-26 08:02:00,2025-11-26 14:01:00,completed
340,32,2,2025-11-26 15:00:00,2025-11-26 21:00:00,2025-11-26 15:00:00,2025-11-26 20:58:00,completed
341,45,2,2025-11-26 10:00:00,2025-11-26 16:00:00,2025-11-26 10:02:00,2025-11-26 16:06:00,completed
342,62,3,2025-11-26 10:00:00,2025-11-26 18:00:00,2025-11-26 10:05:00,2025-11-26 17:56:00,completed
343,8,3,2025-11-26 09:00:00,2025-11-26 15:00:00,2025-11-26 08:53:00,2025-11-26 15:06:00,completed
344,26,3,2025-11-26 15:00:00,2025-11-26 21:00:00,2025-11-26 14:57:00,2025-11-26 21:02:00,completed
345,53,3,2025-11-26 11:00:00,2025-11-26 17:00:00,2025-11-26 10:58:00,2025-11-26 16:51:00,completed
346,67,1,2025-11-27 09:00:00,2025-11-27 17:00:00,2025-11-27 09:00:00,2025-11-27 16:58:00,completed
347,17,1,2025-11-27 08:00:00,2025-11-27 14:00:00,2025-11-27 08:00:00,2025-11-27 13:48:00,completed
348,43,1,2025-11-27 16:00:00,2025-11-27 22:00:00,2025-11-27 15:56:00,2025-11-27 22:00:00,completed
349,6,1,2025-11-27 10:00:00,2025-11-27 16:00:00,2025-11-27 10:02:00,2025-11-27 15:59:00,completed
350,2,2,2025-11-27 09:00:00,2025-11-27 17:00:00,2025-11-27 08:57:00,2025-11-27 16:55:00,completed
351,7,2,2025-11-27 08:00:00,2025-11-27 14:00:00,2025-11-27 07:52:00,2025-11-27 14:03:00,completed
352,19,2,2025-11-27 15:00:00,2025-11-27 21:00:00,2025-11-27 15:03:00,2025-11-27 21:00:00,completed
353,37,2,2025-11-27 10:00:00,2025-11-27 16:00:00,2025-11-27 09:54:00,2025-11-27 16:10:00,completed
354,4,3,2025-11-27 10:00:00,2025-11-27 18:00:00,2025-11-27 10:00:00,2025-11-27 18:03:00,completed
355,36,3,2025-11-27 09:00:00,2025-11-27 15:00:00,2025-11-27 09:01:00,2025-11-27 14:55:00,completed
356,28,3,2025-11-27 15:00:00,2025-11-27 21:00:00,2025-11-27 14:59:00,2025-11-27 21:05:00,completed
357,56,3,2025-11-27 11:00:00,2025-11-27 17:00:00,2025-11-27 10:55:00,2025-11-27 16:53:00,completed
358,1,1,2025-11-28 09:00:00,2025-11-28 17:00:00,2025-11-28 09:03:00,2025-11-28 16:57:00,completed
359,72,1,2025-11-28 08:00:00,2025-11-28 14:00:00,2025-11-28 07:59:00,2025-11-28 13:52:00,completed
360,33,1,2025-11-28 16:00:00,2025-11-28 22:00:00,2025-11-28 16:00:00,2025-11-28 21:55:00,completed
361,14,1,2025-11-28 10:00:00,2025-11-28 16:00:00,2025-11-28 10:00:00,2025-11-28 16:01:00,completed
362,52,1,2025-11-28 12:00:00,2025-11-28 17:00:00,2025-11-28 12:02:00,2025-11-28 17:11:00,completed
363,2,2,2025-11-28 09:00:00,2025-11-28 17:00:00,2025-11-28 09:00:00,2025-11-28 17:09:00,completed
364,23,2,2025-11-28 08:00:00,2025-11-28 14:00:00,2025-11-28 08:01:00,2025-11-28 13:56:00,completed
365,13,2,2025-11-28 15:00:00,2025-11-28 21:00:00,2025-11-28 15:02:00,2025-11-28 20:49:00,completed
366,37,2,2025-11-28 10:00:00,2025-11-28 16:00:00,2025-11-28 10:11:00,2025-11-28 15:53:00,completed
367,38,2,2025-11-28 12:00:00,2025-11-28 17:00:00,2025-11-28 11:57:00,2025-11-28 17:02:00,completed
368,3,3,2025-11-28 10:00:00,2025-11-28 18:00:00,2025-11-28 10:00:00,2025-11-28 18:08:00,completed
369,64,3,2025-11-28 09:00:00,2025-11-28 15:00:00,2025-11-28 09:01:00,2025-11-28 14:50:00,completed
370,31,3,2025-11-28 15:00:00,2025-11-28 21:00:00,2025-11-28 15:00:00,2025-11-28 20:50:00,completed
371,25,3,2025-11-28 11:00:00,2025-11-28 17:00:00,2025-11-28 10:59:00,2025-11-28 16:53:00,completed
372,77,3,2025-11-28 13:00:00,2025-11-28 18:00:00,2025-11-28 13:01:00,2025-11-28 17:57:00,completed
373,67,1,2025-11-29 09:00:00,2025-11-29 17:00:00,2025-11-29 09:01:00,2025-11-29 16:51:00,completed
374,18,1,2025-11-29 08:00:00,2025-11-29 14:00:00,2025-11-29 08:13:00,2025-11-29 14:00:00,completed
375,41,1,2025-11-29 16:00:00,2025-11-29 22:00:00,2025-11-29 16:02:00,2025-11-29 22:01:00,completed
376,50,1,2025-11-29 10:00:00,2025-11-29 16:00:00,,,missed
377,33,1,2025-11-29 12:00:00,2025-11-29 17:00:00,2025-11-29 12:02:00,2025-11-29 17:01:00,completed
378,16,2,2025-11-29 09:00:00,2025-11-29 17:00:00,2025-11-29 08:57:00,2025-11-29 17:01:00,completed
379,40,2,2025-11-29 08:00:00,2025-11-29 14:00:00,2025-11-29 08:01:00,2025-11-29 13:58:00,completed
380,38,2,2025-11-29 15:00:00,2025-11-29 21:00:00,2025-11-29 15:02:00,2025-11-29 21:01:00,completed
381,80,2,2025-11-29 10:00:00,2025-11-29 16:00:00,2025-11-29 10:01:00,2025-11-29 16:03:00,completed
382,23,2,2025-11-29 12:00:00,2025-11-29 17:00:00,2025-11-29 11:58:00,2025-11-29 17:02:00,completed
383,3,3,2025-11-29 10:00:00,2025-11-29 18:00:00,2025-11-29 09:58:00,2025-11-29 18:05:00,completed
384,44,3,2025-11-29 09:00:00,2025-11-29 15:00:00,2025-11-29 08:59:00,2025-11-29 14:57:00,completed
385,35,3,2025-11-29 15:00:00,2025-11-29 21:00:00,2025-11-29 15:02:00,2025-11-29 21:13:00,completed
386,78,3,2025-11-29 11:00:00,2025-11-29 17:00:00,2025-11-29 11:00:00,2025-11-29 16:55:00,completed
387,11,3,2025-11-29 13:00:00,2025-11-29 18:00:00,2025-11-29 13:01:00,2025-11-29 18:03:00,completed
388,1,1,2025-11-30 09:00:00,2025-11-30 17:00:00,2025-11-30 09:00:00,2025-11-30 16:57:00,completed
389,72,1,2025-11-30 08:00:00,2025-11-30 14:00:00,2025-11-30 08:01:00,2025-11-30 13:59:00,completed
390,21,1,2025-11-30 16:00:00,2025-11-30 22:00:00,2025-11-30 16:02:00,2025-11-30 22:11:00,completed
391,6,1,2025-11-30 10:00:00,2025-11-30 16:00:00,2025-11-30 09:58:00,2025-11-30 15:57:00,completed
392,17,1,2025-11-30 12:00:00,2025-11-30 17:00:00,2025-11-30 12:02:00,2025-11-30 16:54:00,completed
393,68,2,2025-11-30 09:00:00,2025-11-30 17:00:00,2025-11-30 09:04:00,2025-11-30 17:05:00,completed
394,40,2,2025-11-30 08:00:00,2025-11-30 14:00:00,2025-11-30 07:56:00,2025-11-30 14:03:00,completed
395,13,2,2025-11-30 15:00:00,2025-11-30 21:00:00,2025-11-30 15:05:00,2025-11-30 21:04:00,completed
396,30,2,2025-11-30 10:00:00,2025-11-30 16:00:00,2025-11-30 09:59:00,2025-11-30 15:50:00,completed
397,55,2,2025-11-30 12:00:00,2025-11-30 17:00:00,2025-11-30 12:00:00,2025-11-30 17:07:00,completed
398,58,3,2025-11-30 10:00:00,2025-11-30 18:00:00,2025-11-30 09:58:00,2025-11-30 18:04:00,completed
399,34,3,2025-11-30 09:00:00,2025-11-30 15:00:00,2025-11-30 08:57:00,2025-11-30 15:07:00,completed
400,69,3,2025-11-30 15:00:00,2025-11-30 21:00:00,2025-11-30 15:00:00,2025-11-30 20:56:00,completed
401,22,3,2025-11-30 11:00:00,2025-11-30 17:00:00,2025-11-30 11:05:00,2025-11-30 17:06:00,completed
402,11,3,2025-11-30 13:00:00,2025-11-30 18:00:00,2025-11-30 12:56:00,2025-11-30 18:04:00,completed
403,67,1,2025-12-01 09:00:00,2025-12-01 17:00:00,2025-12-01 09:03:00,2025-12-01 16:57:00,completed
404,41,1,2025-12-01 08:00:00,2025-12-01 14:00:00,2025-12-01 08:07:00,2025-12-01 14:01:00,completed
405,12,1,2025-12-01 16:00:00,2025-12-01 22:00:00,2025-12-01 15:56:00,2025-12-01 22:08:00,completed
406,6,1,2025-12-01 10:00:00,2025-12-01 16:00:00,,,cancelled
407,63,2,2025-12-01 09:00:00,2025-12-01 17:00:00,2025-12-01 09:05:00,2025-12-01 16:58:00,completed
408,39,2,2025-12-01 08:00:00,2025-12-01 14:00:00,2025-12-01 07:58:00,2025-12-01 14:01:00,completed
409,55,2,2025-12-01 15:00:00,2025-12-01 21:00:00,2025-12-01 14:59:00,2025-12-01 20:59:00,completed
410,30,2,2025-12-01 10:00:00,2025-12-01 16:00:00,2025-12-01 09:58:00,2025-12-01 15:58:00,completed
411,47,3,2025-12-01 10:00:00,2025-12-01 18:00:00,2025-12-01 10:02:00,2025-12-01 17:54:00,completed
412,75,3,2025-12-01 09:00:00,2025-12-01 15:00:00,2025-12-01 08:55:00,2025-12-01 15:05:00,completed
413,8,3,2025-12-01 15:00:00,2025-12-01 21:00:00,2025-12-01 15:03:00,2025-12-01 20:58:00,completed
414,70,3,2025-12-01 11:00:00,2025-12-01 17:00:00,2025-12-01 10:58:00,2025-12-01 17:01:00,completed
415,1,1,2025-12-02 09:00:00,2025-12-02 17:00:00,2025-12-02 09:04:00,2025-12-02 17:10:00,completed
416,18,1,2025-12-02 08:00:00,2025-12-02 14:00:00,2025-12-02 08:05:00,2025-12-02 13:57:00,completed
417,43,1,2025-12-02 16:00:00,2025-12-02 22:00:00,2025-12-02 16:13:00,2025-12-02 22:04:00,completed
418,50,1,2025-12-02 10:00:00,2025-12-02 16:00:00,2025-12-02 09:58:00,2025-12-02 15:59:00,completed
419,68,2,2025-12-02 09:00:00,2025-12-02 17:00:00,2025-12-02 09:04:00,2025-12-02 16:58:00,completed
420,24,2,2025-12-02 08:00:00,2025-12-02 14:00:00,2025-12-02 08:04:00,2025-12-02 14:04:00,completed
421,46,2,2025-12-02 15:00:00,2025-12-02 21:00:00,2025-12-02 15:00:00,2025-12-02 20:55:00,completed
422,80,2,2025-12-02 10:00:00,2025-12-02 16:00:00,2025-12-02 09:59:00,2025-12-02 15:54:00,completed
423,62,3,2025-12-02 10:00:00,2025-12-02 18:00:00,2025-12-02 10:01:00,2025-12-02 17:55:00,completed
424,28,3,2025-12-02 09:00:00,2025-12-02 15:00:00,2025-12-02 09:00:00,2025-12-02 15:08:00,completed
425,26,3,2025-12-02 15:00:00,2025-12-02 21:00:00,2025-12-02 14:58:00,2025-12-02 21:07:00,completed
426,71,3,2025-12-02 11:00:00,2025-12-02 17:00:00,,,cancelled
427,1,1,2025-12-03 09:00:00,2025-12-03 17:00:00,2025-12-03 08:57:00,2025-12-03 16:48:00,completed
428,66,1,2025-12-03 08:00:00,2025-12-03 14:00:00,2025-12-03 08:02:00,2025-12-03 14:02:00,completed
429,52,1,2025-12-03 16:00:00,2025-12-03 22:00:00,2025-12-03 16:02:00,2025-12-03 22:15:00,completed
430,14,1,2025-12-03 10:00:00,2025-12-03 16:00:00,2025-12-03 09:56:00,2025-12-03 15:58:00,completed
431,16,2,2025-12-03 09:00:00,2025-12-03 17:00:00,2025-12-03 08:56:00,2025-12-03 16:52:00,completed
432,60,2,2025-12-03 08:00:00,2025-12-03 14:00:00,2025-12-03 07:56:00,2025-12-03 14:06:00,completed
433,7,2,2025-12-03 15:00:00,2025-12-03 21:00:00,2025-12-03 14:58:00,2025-12-03 21:01:00,completed
434,45,2,2025-12-03 10:00:00,2025-12-03 16:00:00,2025-12-03 10:00:00,2025-12-03 16:07:00,completed
435,4,3,2025-12-03 10:00:00,2025-12-03 18:00:00,2025-12-03 09:57:00,2025-12-03 18:01:00,completed
436,54,3,2025-12-03 09:00:00,2025-12-03 15:00:00,2025-12-03 09:00:00,2025-12-03 15:07:00,completed
437,20,3,2025-12-03 15:00:00,2025-12-03 21:00:00,2025-12-03 14:55:00,2025-12-03 20:59:00,completed
438,53,3,2025-12-03 11:00:00,2025-12-03 17:00:00,2025-12-03 11:03:00,2025-12-03 17:05:00,completed
439,67,1,2025-12-04 09:00:00,2025-12-04 17:00:00,2025-12-04 09:04:00,2025-12-04 17:04:00,completed
440,72,1,2025-12-04 08:00:00,2025-12-04 14:00:00,2025-12-04 07:59:00,2025-12-04 13:55:00,completed
441,21,1,2025-12-04 16:00:00,2025-12-04 22:00:00,2025-12-04 15:59:00,2025-12-04 21:50:00,completed
442,14,1,2025-12-04 10:00:00,2025-12-04 16:00:00,2025-12-04 09:55:00,2025-12-04 15:58:00,completed
443,2,2,2025-12-04 09:00:00,2025-12-04 17:00:00,2025-12-04 09:00:00,2025-12-04 16:59:00,completed
444,19,2,2025-12-04 08:00:00,2025-12-04 14:00:00,,,cancelled
445,32,2,2025-12-04 15:00:00,2025-12-04 21:00:00,2025-12-04 14:59:00,2025-12-04 21:01:00,completed
446,37,2,2025-12-04 10:00:00,2025-12-04 16:00:00,2025-12-04 10:00:00,2025-12-04 16:09:00,completed
447,58,3,2025-12-04 10:00:00,2025-12-04 18:00:00,2025-12-04 10:01:00,2025-12-04 18:00:00,completed
448,31,3,2025-12-04 09:00:00,2025-12-04 15:00:00,2025-12-04 09:01:00,2025-12-04 14:59:00,completed
449,36,3,2025-12-04 15:00:00,2025-12-04 21:00:00,2025-12-04 14:59:00,2025-12-04 21:03:00,completed
450,25,3,2025-12-04 11:00:00,2025-12-04 17:00:00,2025-12-04 11:00:00,2025-12-04 16:54:00,completed
451,1,1,2025-12-05 09:00:00,2025-12-05 17:00:00,2025-12-05 09:01:00,2025-12-05 17:03:00,completed
452,33,1,2025-12-05 08:00:00,2025-12-05 14:00:00,2025-12-05 08:05:00,2025-12-05 14:10:00,completed
453,17,1,2025-12-05 16:00:00,2025-12-05 22:00:00,2025-12-05 16:00:00,2025-12-05 21:53:00,completed
454,50,1,2025-12-05 10:00:00,2025-12-05 16:00:00,2025-12-05 09:54:00,2025-12-05 15:56:00,completed
455,43,1,2025-12-05 12:00:00,2025-12-05 17:00:00,2025-12-05 12:01:00,2025-12-05 17:08:00,completed
456,2,2,2025-12-05 09:00:00,2025-12-05 17:00:00,2025-12-05 09:00:00,2025-12-05 16:59:00,completed
457,23,2,2025-12-05 08:00:00,2025-12-05 14:00:00,2025-12-05 08:02:00,2025-12-05 13:59:00,completed
458,13,2,2025-12-05 15:00:00,2025-12-05 21:00:00,2025-12-05 15:01:00,2025-12-05 21:09:00,completed
459,37,2,2025-12-05 10:00:00,2025-12-05 16:00:00,2025-12-05 10:04:00,2025-12-05 16:08:00,completed
460,40,2,2025-12-05 12:00:00,2025-12-05 17:00:00,2025-12-05 11:55:00,2025-12-05 17:02:00,completed
461,3,3,2025-12-05 10:00:00,2025-12-05 18:00:00,2025-12-05 10:09:00,2025-12-05 18:01:00,completed
462,64,3,2025-12-05 09:00:00,2025-12-05 15:00:00,2025-12-05 09:04:00,2025-12-05 14:52:00,completed
463,5,3,2025-12-05 15:00:00,2025-12-05 21:00:00,2025-12-05 14:58:00,2025-12-05 20:53:00,completed
464,56,3,2025-12-05 11:00:00,2025-12-05 17:00:00,,,cancelled
465,44,3,2025-12-05 13:00:00,2025-12-05 18:00:00,2025-12-05 13:02:00,2025-12-05 18:12:00,completed
466,67,1,2025-12-06 09:00:00,2025-12-06 17:00:00,2025-12-06 09:08:00,2025-12-06 16:59:00,completed
467,66,1,2025-12-06 08:00:00,2025-12-06 14:00:00,2025-12-06 08:09:00,2025-12-06 14:01:00,completed
468,18,1,2025-12-06 16:00:00,2025-12-06 22:00:00,2025-12-06 15:56:00,2025-12-06 21:57:00,completed
469,6,1,2025-12-06 10:00:00,2025-12-06 16:00:00,2025-12-06 10:02:00,2025-12-06 16:07:00,completed
470,12,1,2025-12-06 12:00:00,2025-12-06 17:00:00,2025-12-06 11:59:00,2025-12-06 17:08:00,completed
471,16,2,2025-12-06 09:00:00,2025-12-06 17:00:00,2025-12-06 08:56:00,2025-12-06 17:06:00,completed
472,38,2,2025-12-06 08:00:00,2025-12-06 14:00:00,2025-12-06 07:59:00,2025-12-06 14:05:00,completed
473,40,2,2025-12-06 15:00:00,2025-12-06 21:00:00,2025-12-06 15:00:00,2025-12-06 20:55:00,completed
474,45,2,2025-12-06 10:00:00,2025-12-06 16:00:00,2025-12-06 10:03:00,2025-12-06 15:58:00,completed
475,23,2,2025-12-06 12:00:00,2025-12-06 17:00:00,2025-12-06 12:05:00,2025-12-06 17:06:00,completed
476,3,3,2025-12-06 10:00:00,2025-12-06 18:00:00,2025-12-06 10:02:00,2025-12-06 18:05:00,completed
477,77,3,2025-12-06 09:00:00,2025-12-06 15:00:00,2025-12-06 09:03:00,2025-12-06 15:14:00,completed
478,35,3,2025-12-06 15:00:00,2025-12-06 21:00:00,2025-12-06 14:59:00,2025-12-06 21:07:00,completed
479,78,3,2025-12-06 11:00:00,2025-12-06 17:00:00,,,cancelled
480,69,3,2025-12-06 13:00:00,2025-12-06 18:00:00,2025-12-06 13:03:00,2025-12-06 18:01:00,completed
481,1,1,2025-12-07 09:00:00,2025-12-07 17:00:00,2025-12-07 09:01:00,2025-12-07 17:08:00,completed
482,52,1,2025-12-07 08:00:00,2025-12-07 14:00:00,2025-12-07 08:01:00,2025-12-07 13:57:00,completed
483,41,1,2025-12-07 16:00:00,2025-12-07 22:00:00,2025-12-07 16:00:00,2025-12-07 21:59:00,completed
484,14,1,2025-12-07 10:00:00,2025-12-07 16:00:00,2025-12-07 09:56:00,2025-12-07 15:55:00,completed
485,17,1,2025-12-07 12:00:00,2025-12-07 17:00:00,2025-12-07 12:02:00,2025-12-07 16:58:00,completed
486,63,2,2025-12-07 09:00:00,2025-12-07 17:00:00,2025-12-07 09:00:00,2025-12-07 17:05:00,completed
487,13,2,2025-12-07 08:00:00,2025-12-07 14:00:00,2025-12-07 08:03:00,2025-12-07 14:05:00,completed
488,38,2,2025-12-07 15:00:00,2025-12-07 21:00:00,2025-12-07 15:02:00,2025-12-07 20:54:00,completed
489,30,2,2025-12-07 10:00:00,2025-12-07 16:00:00,2025-12-07 09:57:00,2025-12-07 16:03:00,completed
490,39,2,2025-12-07 12:00:00,2025-12-07 17:00:00,2025-12-07 12:00:00,2025-12-07 17:06:00,completed
491,47,3,2025-12-07 10:00:00,2025-12-07 18:00:00,2025-12-07 09:55:00,2025-12-07 18:04:00,completed
492,34,3,2025-12-07 09:00:00,2025-12-07 15:00:00,2025-12-07 09:14:00,2025-12-07 14:59:00,completed
493,11,3,2025-12-07 15:00:00,2025-12-07 21:00:00,2025-12-07 15:02:00,2025-12-07 21:01:00,completed
494,22,3,2025-12-07 11:00:00,2025-12-07 17:00:00,2025-12-07 11:09:00,2025-12-07 17:06:00,completed
495,44,3,2025-12-07 13:00:00,2025-12-07 18:00:00,2025-12-07 13:01:00,2025-12-07 17:51:00,completed
496,67,1,2025-12-08 09:00:00,2025-12-08 17:00:00,2025-12-08 09:02:00,2025-12-08 17:02:00,completed
497,33,1,2025-12-08 08:00:00,2025-12-08 14:00:00,2025-12-08 08:02:00,2025-12-08 14:02:00,completed
498,52,1,2025-12-08 16:00:00,2025-12-08 22:00:00,2025-12-08 16:01:00,2025-12-08 22:03:00,completed
499,6,1,2025-12-08 10:00:00,2025-12-08 16:00:00,2025-12-08 09:58:00,2025-12-08 15:52:00,completed
500,68,2,2025-12-08 09:00:00,2025-12-08 17:00:00,,,missed
501,32,2,2025-12-08 08:00:00,2025-12-08 14:00:00,2025-12-08 07:58:00,2025-12-08 13:57:00,completed
502,55,2,2025-12-08 15:00:00,2025-12-08 21:00:00,2025-12-08 15:05:00,2025-12-08 21:02:00,completed
503,80,2,2025-12-08 10:00:00,2025-12-08 16:00:00,2025-12-08 09:59:00,2025-12-08 15:57:00,completed
504,62,3,2025-12-08 10:00:00,2025-12-08 18:00:00,2025-12-08 09:56:00,2025-12-08 17:50:00,completed
505,75,3,2025-12-08 09:00:00,2025-12-08 15:00:00,2025-12-08 08:57:00,2025-12-08 15:09:00,completed
506,54,3,2025-12-08 15:00:00,2025-12-08 21:00:00,2025-12-08 15:02:00,2025-12-08 20:59:00,completed
507,71,3,2025-12-08 11:00:00,2025-12-08 17:00:00,2025-12-08 11:01:00,2025-12-08 16:56:00,completed
508,1,1,2025-12-09 09:00:00,2025-12-09 17:00:00,2025-12-09 08:59:00,2025-12-09 17:02:00,completed
509,43,1,2025-12-09 08:00:00,2025-12-09 14:00:00,2025-12-09 07:54:00,2025-12-09 14:03:00,completed
510,66,1,2025-12-09 16:00:00,2025-12-09 22:00:00,2025-12-09 15:58:00,2025-12-09 22:01:00,completed
511,50,1,2025-12-09 10:00:00,2025-12-09 16:00:00,2025-12-09 09:58:00,2025-12-09 15:55:00,completed
512,63,2,2025-12-09 09:00:00,2025-12-09 17:00:00,2025-12-09 09:02:00,2025-12-09 17:04:00,completed
513,46,2,2025-12-09 08:00:00,2025-12-09 14:00:00,2025-12-09 08:01:00,2025-12-09 14:00:00,completed
514,19,2,2025-12-09 15:00:00,2025-12-09 21:00:00,2025-12-09 15:01:00,2025-12-09 21:07:00,completed
515,45,2,2025-12-09 10:00:00,2025-12-09 16:00:00,2025-12-09 09:58:00,2025-12-09 15:59:00,completed
516,47,3,2025-12-09 10:00:00,2025-12-09 18:00:00,2025-12-09 09:57:00,2025-12-09 17:56:00,completed
517,31,3,2025-12-09 09:00:00,2025-12-09 15:00:00,,,cancelled
518,36,3,2025-12-09 15:00:00,2025-12-09 21:00:00,2025-12-09 15:04:00,2025-12-09 21:02:00,completed
519,15,3,2025-12-09 11:00:00,2025-12-09 17:00:00,2025-12-09 11:02:00,2025-12-09 17:02:00,completed
520,1,1,2025-12-10 09:00:00,2025-12-10 17:00:00,2025-12-10 08:57:00,2025-12-10 16:54:00,completed
521,72,1,2025-12-10 08:00:00,2025-12-10 14:00:00,2025-12-10 08:00:00,2025-12-10 13:57:00,completed
522,12,1,2025-12-10 16:00:00,2025-12-10 22:00:00,2025-12-10 16:14:00,2025-12-10 22:00:00,completed
523,14,1,2025-12-10 10:00:00,2025-12-10 16:00:00,2025-12-10 10:00:00,2025-12-10 16:02:00,completed
524,16,2,2025-12-10 09:00:00,2025-12-10 17:00:00,2025-12-10 09:04:00,2025-12-10 17:11:00,completed
525,24,2,2025-12-10 08:00:00,2025-12-10 14:00:00,2025-12-10 08:01:00,2025-12-10 13:59:00,completed
526,7,2,2025-12-10 15:00:00,2025-12-10 21:00:00,2025-12-10 14:58:00,2025-12-10 21:00:00,completed
527,30,2,2025-12-10 10:00:00,2025-12-10 16:00:00,2025-12-10 09:58:00,2025-12-10 15:58:00,completed
528,4,3,2025-12-10 10:00:00,2025-12-10 18:00:00,,,cancelled
529,20,3,2025-12-10 09:00:00,2025-12-10 15:00:00,2025-12-10 09:14:00,2025-12-10 15:14:00,completed
530,5,3,2025-12-10 15:00:00,2025-12-10 21:00:00,2025-12-10 15:03:00,2025-12-10 21:01:00,completed
531,53,3,2025-12-10 11:00:00,2025-12-10 17:00:00,2025-12-10 11:03:00,2025-12-10 17:06:00,completed
532,67,1,2025-12-11 09:00:00,2025-12-11 17:00:00,2025-12-11 09:05:00,2025-12-11 17:01:00,completed
533,41,1,2025-12-11 08:00:00,2025-12-11 14:00:00,2025-12-11 07:55:00,2025-12-11 14:00:00,completed
534,21,1,2025-12-11 16:00:00,2025-12-11 22:00:00,2025-12-11 15:58:00,2025-12-11 22:01:00,completed
535,6,1,2025-12-11 10:00:00,2025-12-11 16:00:00,,,missed
536,2,2,2025-12-11 09:00:00,2025-12-11 17:00:00,2025-12-11 09:03:00,2025-12-11 17:05:00,completed
537,60,2,2025-12-11 08:00:00,2025-12-11 14:00:00,2025-12-11 08:01:00,2025-12-11 14:12:00,completed
538,39,2,2025-12-11 15:00:00,2025-12-11 21:00:00,2025-12-11 15:03:00,2025-12-11 21:10:00,completed
539,37,2,2025-12-11 10:00:00,2025-12-11 16:00:00,2025-12-11 10:02:00,2025-12-11 16:10:00,completed
540,58,3,2025-12-11 10:00:00,2025-12-11 18:00:00,2025-12-11 10:00:00,2025-12-11 17:59:00,completed
541,8,3,2025-12-11 09:00:00,2025-12-11 15:00:00,2025-12-11 09:05:00,2025-12-11 15:04:00,completed
542,26,3,2025-12-11 15:00:00,2025-12-11 21:00:00,2025-12-11 15:00:00,2025-12-11 20:54:00,completed
543,70,3,2025-12-11 11:00:00,2025-12-11 17:00:00,2025-12-11 10:58:00,2025-12-11 16:51:00,completed
544,1,1,2025-12-12 09:00:00,2025-12-12 17:00:00,2025-12-12 08:57:00,2025-12-12 17:08:00,completed
545,18,1,2025-12-12 08:00:00,2025-12-12 14:00:00,2025-12-12 07:57:00,2025-12-12 13:57:00,completed
546,17,1,2025-12-12 16:00:00,2025-12-12 22:00:00,2025-12-12 15:53:00,2025-12-12 22:02:00,completed
547,50,1,2025-12-12 10:00:00,2025-12-12 16:00:00,2025-12-12 09:53:00,2025-12-12 15:55:00,completed
548,52,1,2025-12-12 12:00:00,2025-12-12 17:00:00,2025-12-12 12:00:00,2025-12-12 17:02:00,completed
549,2,2,2025-12-12 09:00:00,2025-12-12 17:00:00,2025-12-12 08:56:00,2025-12-12 17:10:00,completed
550,23,2,2025-12-12 08:00:00,2025-12-12 14:00:00,2025-12-12 08:02:00,2025-12-12 14:09:00,completed
551,40,2,2025-12-12 15:00:00,2025-12-12 21:00:00,2025-12-12 15:00:00,2025-12-12 21:02:00,completed
552,37,2,2025-12-12 10:00:00,2025-12-12 16:00:00,2025-12-12 09:59:00,2025-12-12 15:57:00,completed
553,38,2,2025-12-12 12:00:00,2025-12-12 17:00:00,2025-12-12 11:59:00,2025-12-12 17:10:00,completed
554,3,3,2025-12-12 10:00:00,2025-12-12 18:00:00,2025-12-12 09:57:00,2025-12-12 18:03:00,completed
555,28,3,2025-12-12 09:00:00,2025-12-12 15:00:00,2025-12-12 09:02:00,2025-12-12 15:03:00,completed
556,64,3,2025-12-12 15:00:00,2025-12-12 21:00:00,2025-12-12 14:59:00,2025-12-12 20:51:00,completed
557,78,3,2025-12-12 11:00:00,2025-12-12 17:00:00,,,cancelled
558,77,3,2025-12-12 13:00:00,2025-12-12 18:00:00,2025-12-12 12:59:00,2025-12-12 18:04:00,completed
559,67,1,2025-12-13 09:00:00,2025-12-13 17:00:00,2025-12-13 09:01:00,2025-12-13 17:03:00,completed
560,41,1,2025-12-13 08:00:00,2025-12-13 14:00:00,2025-12-13 07:59:00,2025-12-13 13:54:00,completed
561,72,1,2025-12-13 16:00:00,2025-12-13 22:00:00,2025-12-13 15:56:00,2025-12-13 21:58:00,completed
562,14,1,2025-12-13 10:00:00,2025-12-13 16:00:00,2025-12-13 10:02:00,2025-12-13 15:53:00,completed
563,43,1,2025-12-13 12:00:00,2025-12-13 17:00:00,2025-12-13 11:57:00,2025-12-13 17:00:00,completed
564,68,2,2025-12-13 09:00:00,2025-12-13 17:00:00,2025-12-13 09:01:00,2025-12-13 17:01:00,completed
565,13,2,2025-12-13 08:00:00,2025-12-13 14:00:00,2025-12-13 08:02:00,2025-12-13 13:57:00,completed
566,38,2,2025-12-13 15:00:00,2025-12-13 21:00:00,2025-12-13 15:00:00,2025-12-13 21:04:00,completed
567,80,2,2025-12-13 10:00:00,2025-12-13 16:00:00,2025-12-13 09:56:00,2025-12-13 16:03:00,completed
568,23,2,2025-12-13 12:00:00,2025-12-13 17:00:00,,,cancelled
569,3,3,2025-12-13 10:00:00,2025-12-13 18:00:00,2025-12-13 09:58:00,2025-12-13 18:01:00,completed
570,35,3,2025-12-13 09:00:00,2025-12-13 15:00:00,,,missed
571,44,3,2025-12-13 15:00:00,2025-12-13 21:00:00,2025-12-13 15:01:00,2025-12-13 20:56:00,completed
572,56,3,2025-12-13 11:00:00,2025-12-13 17:00:00,2025-12-13 11:01:00,2025-12-13 17:04:00,completed
573,34,3,2025-12-13 13:00:00,2025-12-13 18:00:00,2025-12-13 12:59:00,2025-12-13 18:02:00,completed
574,1,1,2025-12-14 09:00:00,2025-12-14 17:00:00,2025-12-14 08:58:00,2025-12-14 17:07:00,completed
575,33,1,2025-12-14 08:00:00,2025-12-14 14:00:00,2025-12-14 08:05:00,2025-12-14 14:02:00,completed
576,21,1,2025-12-14 16:00:00,2025-12-14 22:00:00,2025-12-14 16:02:00,2025-12-14 21:57:00,completed
577,50,1,2025-12-14 10:00:00,2025-12-14 16:00:00,2025-12-14 09:57:00,2025-12-14 15:59:00,completed
578,12,1,2025-12-14 12:00:00,2025-12-14 17:00:00,2025-12-14 11:57:00,2025-12-14 16:59:00,completed
579,63,2,2025-12-14 09:00:00,2025-12-14 17:00:00,2025-12-14 09:00:00,2025-12-14 17:04:00,completed
580,13,2,2025-12-14 08:00:00,2025-12-14 14:00:00,2025-12-14 08:01:00,2025-12-14 13:58:00,completed
581,40,2,2025-12-14 15:00:00,2025-12-14 21:00:00,2025-12-14 15:05:00,2025-12-14 21:06:00,completed
582,45,2,2025-12-14 10:00:00,2025-12-14 16:00:00,2025-12-14 10:00:00,2025-12-14 15:58:00,completed
583,60,2,2025-12-14 12:00:00,2025-12-14 17:00:00,2025-12-14 12:01:00,2025-12-14 16:58:00,completed
584,62,3,2025-12-14 10:00:00,2025-12-14 18:00:00,2025-12-14 10:17:00,2025-12-14 17:57:00,completed
585,69,3,2025-12-14 09:00:00,2025-12-14 15:00:00,2025-12-14 09:09:00,2025-12-14 15:07:00,completed
586,11,3,2025-12-14 15:00:00,2025-12-14 21:00:00,2025-12-14 15:00:00,2025-12-14 21:00:00,completed
587,25,3,2025-12-14 11:00:00,2025-12-14 17:00:00,2025-12-14 11:01:00,2025-12-14 17:03:00,completed
588,34,3,2025-12-14 13:00:00,2025-12-14 18:00:00,2025-12-14 13:01:00,2025-12-14 17:59:00,completed
589,67,1,2025-12-15 09:00:00,2025-12-15 17:00:00,2025-12-15 09:05:00,2025-12-15 17:04:00,completed
590,66,1,2025-12-15 08:00:00,2025-12-15 14:00:00,2025-12-15 08:00:00,2025-12-15 14:10:00,completed
591,18,1,2025-12-15 16:00:00,2025-12-15 22:00:00,2025-12-15 16:00:00,2025-12-15 22:04:00,completed
592,6,1,2025-12-15 10:00:00,2025-12-15 16:00:00,2025-12-15 10:00:00,2025-12-15 15:52:00,completed
593,16,2,2025-12-15 09:00:00,2025-12-15 17:00:00,2025-12-15 08:56:00,2025-12-15 16:57:00,completed
594,46,2,2025-12-15 08:00:00,2025-12-15 14:00:00,2025-12-15 07:57:00,2025-12-15 14:06:00,completed
595,19,2,2025-12-15 15:00:00,2025-12-15 21:00:00,2025-12-15 14:58:00,2025-12-15 20:54:00,completed
596,80,2,2025-12-15 10:00:00,2025-12-15 16:00:00,2025-12-15 09:55:00,2025-12-15 16:05:00,completed
597,58,3,2025-12-15 10:00:00,2025-12-15 18:00:00,2025-12-15 10:01:00,2025-12-15 17:51:00,completed
598,54,3,2025-12-15 09:00:00,2025-12-15 15:00:00,2025-12-15 08:57:00,2025-12-15 14:57:00,completed
599,36,3,2025-12-15 15:00:00,2025-12-15 21:00:00,2025-12-15 14:57:00,2025-12-15 21:04:00,completed
600,15,3,2025-12-15 11:00:00,2025-12-15 17:00:00,,,cancelled
601,1,1,2025-12-16 09:00:00,2025-12-16 17:00:00,2025-12-16 08:59:00,2025-12-16 16:51:00,completed
602,12,1,2025-12-16 08:00:00,2025-12-16 14:00:00,2025-12-16 08:01:00,2025-12-16 14:10:00,completed
603,41,1,2025-12-16 16:00:00,2025-12-16 22:00:00,2025-12-16 15:59:00,2025-12-16 21:57:00,completed
604,14,1,2025-12-16 10:00:00,2025-12-16 16:00:00,2025-12-16 10:02:00,2025-12-16 16:00:00,completed
605,68,2,2025-12-16 09:00:00,2025-12-16 17:00:00,2025-12-16 09:01:00,2025-12-16 17:05:00,completed
606,55,2,2025-12-16 08:00:00,2025-12-16 14:00:00,2025-12-16 08:00:00,2025-12-16 14:07:00,completed
607,7,2,2025-12-16 15:00:00,2025-12-16 21:00:00,2025-12-16 14:59:00,2025-12-16 21:03:00,completed
608,30,2,2025-12-16 10:00:00,2025-12-16 16:00:00,2025-12-16 09:59:00,2025-12-16 15:59:00,completed
609,47,3,2025-12-16 10:00:00,2025-12-16 18:00:00,2025-12-16 09:57:00,2025-12-16 18:00:00,completed
610,31,3,2025-12-16 09:00:00,2025-12-16 15:00:00,2025-12-16 09:18:00,2025-12-16 15:10:00,completed
611,64,3,2025-12-16 15:00:00,2025-12-16 21:00:00,2025-12-16 15:05:00,2025-12-16 21:00:00,completed
612,22,3,2025-12-16 11:00:00,2025-12-16 17:00:00,2025-12-16 11:03:00,2025-12-16 17:03:00,completed
613,1,1,2025-12-17 09:00:00,2025-12-17 17:00:00,2025-12-17 09:01:00,2025-12-17 17:03:00,completed
614,52,1,2025-12-17 08:00:00,2025-12-17 14:00:00,2025-12-17 07:59:00,2025-12-17 14:04:00,completed
615,21,1,2025-12-17 16:00:00,2025-12-17 22:00:00,2025-12-17 16:02:00,2025-12-17 22:08:00,completed
616,50,1,2025-12-17 10:00:00,2025-12-17 16:00:00,2025-12-17 10:03:00,2025-12-17 15:55:00,completed
617,63,2,2025-12-17 09:00:00,2025-12-17 17:00:00,2025-12-17 08:59:00,2025-12-17 17:09:00,completed
618,39,2,2025-12-17 08:00:00,2025-12-17 14:00:00,2025-12-17 07:57:00,2025-12-17 13:48:00,completed
619,32,2,2025-12-17 15:00:00,2025-12-17 21:00:00,2025-12-17 15:03:00,2025-12-17 21:09:00,completed
620,45,2,2025-12-17 10:00:00,2025-12-17 16:00:00,2025-12-17 10:01:00,2025-12-17 15:59:00,completed
621,4,3,2025-12-17 10:00:00,2025-12-17 18:00:00,2025-12-17 10:02:00,2025-12-17 18:04:00,completed
622,26,3,2025-12-17 09:00:00,2025-12-17 15:00:00,2025-12-17 09:02:00,2025-12-17 15:04:00,completed
623,20,3,2025-12-17 15:00:00,2025-12-17 21:00:00,2025-12-17 15:00:00,2025-12-17 20:59:00,completed
624,71,3,2025-12-17 11:00:00,2025-12-17 17:00:00,2025-12-17 10:57:00,2025-12-17 16:56:00,completed
625,67,1,2025-12-18 09:00:00,2025-12-18 17:00:00,2025-12-18 09:02:00,2025-12-18 17:03:00,completed
626,72,1,2025-12-18 08:00:00,2025-12-18 14:00:00,2025-12-18 08:00:00,2025-12-18 14:00:00,completed
627,43,1,2025-12-18 16:00:00,2025-12-18 22:00:00,2025-12-18 15:58:00,2025-12-18 22:10:00,completed
628,14,1,2025-12-18 10:00:00,2025-12-18 16:00:00,2025-12-18 10:01:00,2025-12-18 15:50:00,completed
629,2,2,2025-12-18 09:00:00,2025-12-18 17:00:00,2025-12-18 09:00:00,2025-12-18 16:57:00,completed
630,24,2,2025-12-18 08:00:00,2025-12-18 14:00:00,2025-12-18 08:01:00,2025-12-18 14:07:00,completed
631,60,2,2025-12-18 15:00:00,2025-12-18 21:00:00,2025-12-18 15:01:00,2025-12-18 20:58:00,completed
632,37,2,2025-12-18 10:00:00,2025-12-18 16:00:00,2025-12-18 10:01:00,2025-12-18 16:15:00,completed
633,62,3,2025-12-18 10:00:00,2025-12-18 18:00:00,2025-12-18 09:59:00,2025-12-18 17:48:00,completed
634,75,3,2025-12-18 09:00:00,2025-12-18 15:00:00,2025-12-18 08:59:00,2025-12-18 14:59:00,completed
635,28,3,2025-12-18 15:00:00,2025-12-18 21:00:00,2025-12-18 15:02:00,2025-12-18 20:58:00,completed
636,70,3,2025-12-18 11:00:00,2025-12-18 17:00:00,2025-12-18 10:56:00,2025-12-18 17:00:00,completed
637,1,1,2025-12-19 09:00:00,2025-12-19 17:00:00,2025-12-19 09:05:00,2025-12-19 16:58:00,completed
638,17,1,2025-12-19 08:00:00,2025-12-19 14:00:00,2025-12-19 07:56:00,2025-12-19 13:59:00,completed
639,33,1,2025-12-19 16:00:00,2025-12-19 22:00:00,2025-12-19 16:05:00,2025-12-19 21:56:00,completed
640,6,1,2025-12-19 10:00:00,2025-12-19 16:00:00,2025-12-19 10:03:00,2025-12-19 15:59:00,completed
641,66,1,2025-12-19 12:00:00,2025-12-19 17:00:00,2025-12-19 12:02:00,2025-12-19 17:02:00,completed
642,2,2,2025-12-19 09:00:00,2025-12-19 17:00:00,2025-12-19 09:00:00,2025-12-19 17:02:00,completed
643,23,2,2025-12-19 08:00:00,2025-12-19 14:00:00,2025-12-19 08:15:00,2025-12-19 13:57:00,completed
644,40,2,2025-12-19 15:00:00,2025-12-19 21:00:00,2025-12-19 15:01:00,2025-12-19 21:03:00,completed
645,37,2,2025-12-19 10:00:00,2025-12-19 16:00:00,2025-12-19 10:13:00,2025-12-19 15:50:00,completed
646,13,2,2025-12-19 12:00:00,2025-12-19 17:00:00,2025-12-19 11:59:00,2025-12-19 16:56:00,completed
647,3,3,2025-12-19 10:00:00,2025-12-19 18:00:00,2025-12-19 10:00:00,2025-12-19 18:01:00,completed
648,5,3,2025-12-19 09:00:00,2025-12-19 15:00:00,2025-12-19 09:05:00,2025-12-19 15:01:00,completed
649,77,3,2025-12-19 15:00:00,2025-12-19 21:00:00,2025-12-19 15:05:00,2025-12-19 21:01:00,completed
650,78,3,2025-12-19 11:00:00,2025-12-19 17:00:00,2025-12-19 11:03:00,2025-12-19 16:57:00,completed
651,35,3,2025-12-19 13:00:00,2025-12-19 18:00:00,2025-12-19 12:59:00,2025-12-19 17:52:00,completed
652,67,1,2025-12-20 09:00:00,2025-12-20 17:00:00,2025-12-20 09:04:00,2025-12-20 17:06:00,completed
653,18,1,2025-12-20 08:00:00,2025-12-20 14:00:00,2025-12-20 08:03:00,2025-12-20 13:58:00,completed
654,52,1,2025-12-20 16:00:00,2025-12-20 22:00:00,2025-12-20 16:01:00,2025-12-20 22:00:00,completed
655,29,1,2025-12-20 10:00:00,2025-12-20 16:00:00,2025-12-20 10:00:00,2025-12-20 15:57:00,completed
656,43,1,2025-12-20 12:00:00,2025-12-20 17:00:00,2025-12-20 11:59:00,2025-12-20 17:01:00,completed
657,16,2,2025-12-20 09:00:00,2025-12-20 17:00:00,2025-12-20 08:58:00,2025-12-20 16:57:00,completed
658,38,2,2025-12-20 08:00:00,2025-12-20 14:00:00,2025-12-20 08:01:00,2025-12-20 13:49:00,completed
659,13,2,2025-12-20 15:00:00,2025-12-20 21:00:00,2025-12-20 14:57:00,2025-12-20 21:07:00,completed
660,80,2,2025-12-20 10:00:00,2025-12-20 16:00:00,2025-12-20 09:56:00,2025-12-20 16:02:00,completed
661,23,2,2025-12-20 12:00:00,2025-12-20 17:00:00,,,cancelled
662,3,3,2025-12-20 10:00:00,2025-12-20 18:00:00,2025-12-20 10:03:00,2025-12-20 18:03:00,completed
663,69,3,2025-12-20 09:00:00,2025-12-20 15:00:00,2025-12-20 09:01:00,2025-12-20 14:56:00,completed
664,44,3,2025-12-20 15:00:00,2025-12-20 21:00:00,2025-12-20 14:58:00,2025-12-20 21:01:00,completed
665,56,3,2025-12-20 11:00:00,2025-12-20 17:00:00,2025-12-20 10:59:00,2025-12-20 17:00:00,completed
666,34,3,2025-12-20 13:00:00,2025-12-20 18:00:00,2025-12-20 12:58:00,2025-12-20 17:58:00,completed
667,1,1,2025-12-21 09:00:00,2025-12-21 17:00:00,2025-12-21 08:59:00,2025-12-21 17:02:00,completed
668,41,1,2025-12-21 08:00:00,2025-12-21 14:00:00,2025-12-21 07:57:00,2025-12-21 14:07:00,completed
669,12,1,2025-12-21 16:00:00,2025-12-21 22:00:00,2025-12-21 15:57:00,2025-12-21 22:06:00,completed
670,29,1,2025-12-21 10:00:00,2025-12-21 16:00:00,2025-12-21 10:02:00,2025-12-21 15:57:00,completed
671,72,1,2025-12-21 12:00:00,2025-12-21 17:00:00,2025-12-21 11:57:00,2025-12-21 17:01:00,completed
672,68,2,2025-12-21 09:00:00,2025-12-21 17:00:00,2025-12-21 09:11:00,2025-12-21 17:02:00,completed
673,38,2,2025-12-21 08:00:00,2025-12-21 14:00:00,2025-12-21 08:03:00,2025-12-21 13:59:00,completed
674,40,2,2025-12-21 15:00:00,2025-12-21 21:00:00,2025-12-21 15:02:00,2025-12-21 21:03:00,completed
675,30,2,2025-12-21 10:00:00,2025-12-21 16:00:00,2025-12-21 09:57:00,2025-12-21 15:57:00,completed
676,39,2,2025-12-21 12:00:00,2025-12-21 17:00:00,2025-12-21 11:57:00,2025-12-21 16:57:00,completed
677,47,3,2025-12-21 10:00:00,2025-12-21 18:00:00,2025-12-21 09:55:00,2025-12-21 18:02:00,completed
678,8,3,2025-12-21 09:00:00,2025-12-21 15:00:00,,,missed
679,11,3,2025-12-21 15:00:00,2025-12-21 21:00:00,2025-12-21 14:57:00,2025-12-21 20:58:00,completed
680,53,3,2025-12-21 11:00:00,2025-12-21 17:00:00,2025-12-21 11:00:00,2025-12-21 17:04:00,completed
681,34,3,2025-12-21 13:00:00,2025-12-21 18:00:00,2025-12-21 13:02:00,2025-12-21 18:06:00,completed
682,67,1,2025-12-22 09:00:00,2025-12-22 17:00:00,2025-12-22 08:59:00,2025-12-22 16:55:00,completed
683,21,1,2025-12-22 08:00:00,2025-12-22 14:00:00,2025-12-22 08:03:00,2025-12-22 14:04:00,completed
684,18,1,2025-12-22 16:00:00,2025-12-22 22:00:00,2025-12-22 16:01:00,2025-12-22 21:56:00,completed
685,29,1,2025-12-22 10:00:00,2025-12-22 16:00:00,2025-12-22 09:57:00,2025-12-22 15:55:00,completed
686,68,2,2025-12-22 09:00:00,2025-12-22 17:00:00,2025-12-22 09:02:00,2025-12-22 17:07:00,completed
687,7,2,2025-12-22 08:00:00,2025-12-22 14:00:00,2025-12-22 08:03:00,2025-12-22 14:03:00,completed
688,46,2,2025-12-22 15:00:00,2025-12-22 21:00:00,2025-12-22 15:05:00,2025-12-22 21:07:00,completed
689,80,2,2025-12-22 10:00:00,2025-12-22 16:00:00,2025-12-22 10:04:00,2025-12-22 16:02:00,completed
690,58,3,2025-12-22 10:00:00,2025-12-22 18:00:00,2025-12-22 09:57:00,2025-12-22 17:57:00,completed
691,31,3,2025-12-22 09:00:00,2025-12-22 15:00:00,2025-12-22 08:56:00,2025-12-22 14:48:00,completed
692,8,3,2025-12-22 15:00:00,2025-12-22 21:00:00,2025-12-22 14:56:00,2025-12-22 20:58:00,completed
693,22,3,2025-12-22 11:00:00,2025-12-22 17:00:00,2025-12-22 11:04:00,2025-12-22 17:06:00,completed
694,1,1,2025-12-23 09:00:00,2025-12-23 17:00:00,2025-12-23 09:01:00,2025-12-23 16:58:00,completed
695,17,1,2025-12-23 08:00:00,2025-12-23 14:00:00,2025-12-23 07:57:00,2025-12-23 13:59:00,completed
696,33,1,2025-12-23 16:00:00,2025-12-23 22:00:00,2025-12-23 16:02:00,2025-12-23 22:02:00,completed
697,50,1,2025-12-23 10:00:00,2025-12-23 16:00:00,2025-12-23 09:59:00,2025-12-23 15:48:00,completed
698,63,2,2025-12-23 09:00:00,2025-12-23 17:00:00,,,missed
699,24,2,2025-12-23 08:00:00,2025-12-23 14:00:00,2025-12-23 08:03:00,2025-12-23 14:06:00,completed
700,55,2,2025-12-23 15:00:00,2025-12-23 21:00:00,2025-12-23 15:17:00,2025-12-23 20:58:00,completed
701,30,2,2025-12-23 10:00:00,2025-12-23 16:00:00,2025-12-23 10:00:00,2025-12-23 16:01:00,completed
702,62,3,2025-12-23 10:00:00,2025-12-23 18:00:00,2025-12-23 10:00:00,2025-12-23 18:02:00,completed
703,28,3,2025-12-23 09:00:00,2025-12-23 15:00:00,,,cancelled
704,64,3,2025-12-23 15:00:00,2025-12-23 21:00:00,,,missed
705,15,3,2025-12-23 11:00:00,2025-12-23 17:00:00,2025-12-23 11:03:00,2025-12-23 17:03:00,completed
706,1,1,2025-12-24 09:00:00,2025-12-24 17:00:00,2025-12-24 08:54:00,2025-12-24 17:06:00,completed
707,66,1,2025-12-24 08:00:00,2025-12-24 14:00:00,2025-12-24 07:57:00,2025-12-24 14:00:00,completed
708,72,1,2025-12-24 16:00:00,2025-12-24 22:00:00,2025-12-24 15:54:00,2025-12-24 21:57:00,completed
709,6,1,2025-12-24 10:00:00,2025-12-24 16:00:00,2025-12-24 10:01:00,2025-12-24 15:58:00,completed
710,16,2,2025-12-24 09:00:00,2025-12-24 17:00:00,2025-12-24 09:01:00,2025-12-24 16:56:00,completed
711,32,2,2025-12-24 08:00:00,2025-12-24 14:00:00,2025-12-24 07:58:00,2025-12-24 14:10:00,completed
712,19,2,2025-12-24 15:00:00,2025-12-24 21:00:00,,,cancelled
713,45,2,2025-12-24 10:00:00,2025-12-24 16:00:00,2025-12-24 09:55:00,2025-12-24 16:01:00,completed
714,4,3,2025-12-24 10:00:00,2025-12-24 18:00:00,2025-12-24 09:57:00,2025-12-24 17:55:00,completed
715,54,3,2025-12-24 09:00:00,2025-12-24 15:00:00,2025-12-24 08:58:00,2025-12-24 15:05:00,completed
716,20,3,2025-12-24 15:00:00,2025-12-24 21:00:00,2025-12-24 15:02:00,2025-12-24 20:55:00,completed
717,71,3,2025-12-24 11:00:00,2025-12-24 17:00:00,2025-12-24 10:56:00,2025-12-24 16:55:00,completed
718,67,1,2025-12-25 09:00:00,2025-12-25 17:00:00,2025-12-25 09:00:00,2025-12-25 17:08:00,completed
719,52,1,2025-12-25 08:00:00,2025-12-25 14:00:00,2025-12-25 07:59:00,2025-12-25 13:56:00,completed
720,41,1,2025-12-25 16:00:00,2025-12-25 22:00:00,2025-12-25 16:03:00,2025-12-25 22:13:00,completed
721,14,1,2025-12-25 10:00:00,2025-12-25 16:00:00,2025-12-25 09:59:00,2025-12-25 15:59:00,completed
722,2,2,2025-12-25 09:00:00,2025-12-25 17:00:00,2025-12-25 09:02:00,2025-12-25 17:00:00,completed
723,39,2,2025-12-25 08:00:00,2025-12-25 14:00:00,2025-12-25 08:00:00,2025-12-25 13:57:00,completed
724,60,2,2025-12-25 15:00:00,2025-12-25 21:00:00,2025-12-25 15:03:00,2025-12-25 20:57:00,completed
725,37,2,2025-12-25 10:00:00,2025-12-25 16:00:00,,,cancelled
726,47,3,2025-12-25 10:00:00,2025-12-25 18:00:00,2025-12-25 10:05:00,2025-12-25 18:01:00,completed
727,75,3,2025-12-25 09:00:00,2025-12-25 15:00:00,2025-12-25 08:59:00,2025-12-25 15:02:00,completed
728,26,3,2025-12-25 15:00:00,2025-12-25 21:00:00,2025-12-25 15:03:00,2025-12-25 20:50:00,completed
729,25,3,2025-12-25 11:00:00,2025-12-25 17:00:00,2025-12-25 10:57:00,2025-12-25 17:10:00,completed
730,1,1,2025-12-26 09:00:00,2025-12-26 17:00:00,2025-12-26 08:59:00,2025-12-26 16:55:00,completed
731,43,1,2025-12-26 08:00:00,2025-12-26 14:00:00,2025-12-26 08:00:00,2025-12-26 13:57:00,completed
732,12,1,2025-12-26 16:00:00,2025-12-26 22:00:00,2025-12-26 15:57:00,2025-12-26 21:59:00,completed
733,29,1,2025-12-26 10:00:00,2025-12-26 16:00:00,2025-12-26 10:00:00,2025-12-26 16:06:00,completed
734,21,1,2025-12-26 12:00:00,2025-12-26 17:00:00,2025-12-26 12:05:00,2025-12-26 17:07:00,completed
735,2,2,2025-12-26 09:00:00,2025-12-26 17:00:00,2025-12-26 08:57:00,2025-12-26 16:56:00,completed
736,23,2,2025-12-26 08:00:00,2025-12-26 14:00:00,2025-12-26 08:03:00,2025-12-26 14:00:00,completed
737,13,2,2025-12-26 15:00:00,2025-12-26 21:00:00,2025-12-26 15:01:00,2025-12-26 20:52:00,completed
738,37,2,2025-12-26 10:00:00,2025-12-26 16:00:00,2025-12-26 10:02:00,2025-12-26 15:53:00,completed
739,38,2,2025-12-26 12:00:00,2025-12-26 17:00:00,2025-12-26 11:59:00,2025-12-26 17:00:00,completed
740,3,3,2025-12-26 10:00:00,2025-12-26 18:00:00,2025-12-26 09:55:00,2025-12-26 18:02:00,completed
741,5,3,2025-12-26 09:00:00,2025-12-26 15:00:00,2025-12-26 08:57:00,2025-12-26 15:00:00,completed
742,36,3,2025-12-26 15:00:00,2025-12-26 21:00:00,2025-12-26 15:04:00,2025-12-26 21:09:00,completed
743,70,3,2025-12-26 11:00:00,2025-12-26 17:00:00,2025-12-26 10:58:00,2025-12-26 16:55:00,completed
744,77,3,2025-12-26 13:00:00,2025-12-26 18:00:00,2025-12-26 13:00:00,2025-12-26 18:01:00,completed
745,67,1,2025-12-27 09:00:00,2025-12-27 17:00:00,,,cancelled
746,66,1,2025-12-27 08:00:00,2025-12-27 14:00:00,2025-12-27 08:01:00,2025-12-27 13:58:00,completed
747,17,1,2025-12-27 16:00:00,2025-12-27 22:00:00,2025-12-27 15:55:00,2025-12-27 22:03:00,completed
748,6,1,2025-12-27 10:00:00,2025-12-27 16:00:00,2025-12-27 09:58:00,2025-12-27 16:04:00,completed
749,33,1,2025-12-27 12:00:00,2025-12-27 17:00:00,2025-12-27 12:02:00,2025-12-27 17:06:00,completed
750,63,2,2025-12-27 09:00:00,2025-12-27 17:00:00,2025-12-27 08:58:00,2025-12-27 17:06:00,completed
751,40,2,2025-12-27 08:00:00,2025-12-27 14:00:00,2025-12-27 07:58:00,2025-12-27 13:55:00,completed
752,38,2,2025-12-27 15:00:00,2025-12-27 21:00:00,2025-12-27 15:00:00,2025-12-27 20:56:00,completed
753,30,2,2025-12-27 10:00:00,2025-12-27 16:00:00,2025-12-27 09:55:00,2025-12-27 16:04:00,completed
754,23,2,2025-12-27 12:00:00,2025-12-27 17:00:00,2025-12-27 12:00:00,2025-12-27 17:06:00,completed
755,3,3,2025-12-27 10:00:00,2025-12-27 18:00:00,2025-12-27 10:00:00,2025-12-27 17:57:00,completed
756,35,3,2025-12-27 09:00:00,2025-12-27 15:00:00,2025-12-27 09:03:00,2025-12-27 15:00:00,completed
757,69,3,2025-12-27 15:00:00,2025-12-27 21:00:00,2025-12-27 14:55:00,2025-12-27 20:52:00,completed
758,56,3,2025-12-27 11:00:00,2025-12-27 17:00:00,2025-12-27 10:59:00,2025-12-27 17:03:00,completed
759,44,3,2025-12-27 13:00:00,2025-12-27 18:00:00,2025-12-27 12:59:00,2025-12-27 18:01:00,completed
760,1,1,2025-12-28 09:00:00,2025-12-28 17:00:00,2025-12-28 09:01:00,2025-12-28 17:05:00,completed
761,18,1,2025-12-28 08:00:00,2025-12-28 14:00:00,2025-12-28 07:58:00,2025-12-28 13:50:00,completed
762,43,1,2025-12-28 16:00:00,2025-12-28 22:00:00,2025-12-28 16:02:00,2025-12-28 21:59:00,completed
763,50,1,2025-12-28 10:00:00,2025-12-28 16:00:00,2025-12-28 10:02:00,2025-12-28 16:03:00,completed
764,41,1,2025-12-28 12:00:00,2025-12-28 17:00:00,2025-12-28 12:06:00,2025-12-28 17:00:00,completed
765,16,2,2025-12-28 09:00:00,2025-12-28 17:00:00,2025-12-28 08:58:00,2025-12-28 17:05:00,completed
766,13,2,2025-12-28 08:00:00,2025-12-28 14:00:00,2025-12-28 07:56:00,2025-12-28 14:04:00,completed
767,40,2,2025-12-28 15:00:00,2025-12-28 21:00:00,2025-12-28 14:59:00,2025-12-28 20:58:00,completed
768,45,2,2025-12-28 10:00:00,2025-12-28 16:00:00,2025-12-28 10:01:00,2025-12-28 15:58:00,completed
769,55,2,2025-12-28 12:00:00,2025-12-28 17:00:00,2025-12-28 12:08:00,2025-12-28 16:56:00,completed
770,4,3,2025-12-28 10:00:00,2025-12-28 18:00:00,2025-12-28 10:05:00,2025-12-28 17:56:00,completed
771,11,3,2025-12-28 09:00:00,2025-12-28 15:00:00,2025-12-28 09:00:00,2025-12-28 15:05:00,completed
772,34,3,2025-12-28 15:00:00,2025-12-28 21:00:00,2025-12-28 15:02:00,2025-12-28 20:58:00,completed
773,53,3,2025-12-28 11:00:00,2025-12-28 17:00:00,2025-12-28 10:55:00,2025-12-28 17:00:00,completed
774,77,3,2025-12-28 13:00:00,2025-12-28 18:00:00,2025-12-28 12:57:00,2025-12-28 18:03:00,completed
775,67,1,2025-12-29 09:00:00,2025-12-29 17:00:00,2025-12-29 09:00:00,2025-12-29 16:59:00,completed
776,12,1,2025-12-29 08:00:00,2025-12-29 14:00:00,,,cancelled
777,17,1,2025-12-29 16:00:00,2025-12-29 22:00:00,2025-12-29 15:59:00,2025-12-29 22:04:00,completed
778,29,1,2025-12-29 10:00:00,2025-12-29 16:00:00,2025-12-29 09:58:00,2025-12-29 15:53:00,completed
779,68,2,2025-12-29 09:00:00,2025-12-29 17:00:00,,,missed
780,24,2,2025-12-29 08:00:00,2025-12-29 14:00:00,,,cancelled
781,19,2,2025-12-29 15:00:00,2025-12-29 21:00:00,2025-12-29 15:03:00,2025-12-29 20:51:00,completed
782,80,2,2025-12-29 10:00:00,2025-12-29 16:00:00,2025-12-29 09:56:00,2025-12-29 15:57:00,completed
783,58,3,2025-12-29 10:00:00,2025-12-29 18:00:00,2025-12-29 09:59:00,2025-12-29 17:48:00,completed
784,31,3,2025-12-29 09:00:00,2025-12-29 15:00:00,2025-12-29 08:53:00,2025-12-29 14:56:00,completed
785,20,3,2025-12-29 15:00:00,2025-12-29 21:00:00,2025-12-29 14:59:00,2025-12-29 20:58:00,completed
786,15,3,2025-12-29 11:00:00,2025-12-29 17:00:00,2025-12-29 11:00:00,2025-12-29 17:06:00,completed
787,1,1,2025-12-30 09:00:00,2025-12-30 17:00:00,2025-12-30 08:59:00,2025-12-30 17:06:00,completed
788,66,1,2025-12-30 08:00:00,2025-12-30 14:00:00,2025-12-30 08:02:00,2025-12-30 13:54:00,completed
789,72,1,2025-12-30 16:00:00,2025-12-30 22:00:00,2025-12-30 16:02:00,2025-12-30 22:13:00,completed
790,6,1,2025-12-30 10:00:00,2025-12-30 16:00:00,,,missed
791,63,2,2025-12-30 09:00:00,2025-12-30 17:00:00,2025-12-30 09:02:00,2025-12-30 16:53:00,completed
792,7,2,2025-12-30 08:00:00,2025-12-30 14:00:00,2025-12-30 08:04:00,2025-12-30 13:58:00,completed
793,32,2,2025-12-30 15:00:00,2025-12-30 21:00:00,2025-12-30 14:58:00,2025-12-30 20:53:00,completed
794,45,2,2025-12-30 10:00:00,2025-12-30 16:00:00,2025-12-30 09:57:00,2025-12-30 16:11:00,completed
795,62,3,2025-12-30 10:00:00,2025-12-30 18:00:00,,,missed
796,64,3,2025-12-30 09:00:00,2025-12-30 15:00:00,2025-12-30 08:57:00,2025-12-30 15:00:00,completed
797,75,3,2025-12-30 15:00:00,2025-12-30 21:00:00,2025-12-30 14:57:00,2025-12-30 20:54:00,completed
798,25,3,2025-12-30 11:00:00,2025-12-30 17:00:00,2025-12-30 11:00:00,2025-12-30 16:59:00,completed
799,1,1,2025-12-31 09:00:00,2025-12-31 17:00:00,2025-12-31 09:05:00,2025-12-31 17:09:00,completed
800,21,1,2025-12-31 08:00:00,2025-12-31 14:00:00,2025-12-31 08:00:00,2025-12-31 13:54:00,completed
801,52,1,2025-12-31 16:00:00,2025-12-31 22:00:00,2025-12-31 16:02:00,2025-12-31 22:00:00,completed
802,50,1,2025-12-31 10:00:00,2025-12-31 16:00:00,2025-12-31 09:56:00,2025-12-31 16:02:00,completed
803,16,2,2025-12-31 09:00:00,2025-12-31 17:00:00,2025-12-31 09:01:00,2025-12-31 16:58:00,completed
804,46,2,2025-12-31 08:00:00,2025-12-31 14:00:00,,,cancelled
805,60,2,2025-12-31 15:00:00,2025-12-31 21:00:00,2025-12-31 14:56:00,2025-12-31 21:02:00,completed
806,30,2,2025-12-31 10:00:00,2025-12-31 16:00:00,2025-12-31 09:58:00,2025-12-31 16:06:00,completed
807,4,3,2025-12-31 10:00:00,2025-12-31 18:00:00,2025-12-31 10:02:00,2025-12-31 18:01:00,completed
808,5,3,2025-12-31 09:00:00,2025-12-31 15:00:00,2025-12-31 08:59:00,2025-12-31 14:58:00,completed
809,26,3,2025-12-31 15:00:00,2025-12-31 21:00:00,2025-12-31 15:05:00,2025-12-31 20:55:00,completed
810,22,3,2025-12-31 11:00:00,2025-12-31 17:00:00,2025-12-31 11:02:00,2025-12-31 16:58:00,completed
811,67,1,2026-01-01 09:00:00,2026-01-01 17:00:00,2026-01-01 09:12:00,2026-01-01 16:54:00,completed
812,33,1,2026-01-01 08:00:00,2026-01-01 14:00:00,2026-01-01 08:15:00,2026-01-01 14:04:00,completed
813,18,1,2026-01-01 16:00:00,2026-01-01 22:00:00,2026-01-01 16:01:00,2026-01-01 22:03:00,completed
814,14,1,2026-01-01 10:00:00,2026-01-01 16:00:00,2026-01-01 10:05:00,2026-01-01 15:57:00,completed
815,2,2,2026-01-01 09:00:00,2026-01-01 17:00:00,,,missed
816,39,2,2026-01-01 08:00:00,2026-01-01 14:00:00,,,cancelled
817,55,2,2026-01-01 15:00:00,2026-01-01 21:00:00,2026-01-01 15:04:00,2026-01-01 21:06:00,completed
818,37,2,2026-01-01 10:00:00,2026-01-01 16:00:00,2026-01-01 09:59:00,2026-01-01 16:04:00,completed
819,47,3,2026-01-01 10:00:00,2026-01-01 18:00:00,2026-01-01 10:01:00,2026-01-01 18:05:00,completed
820,54,3,2026-01-01 09:00:00,2026-01-01 15:00:00,2026-01-01 09:02:00,2026-01-01 14:56:00,completed
821,8,3,2026-01-01 15:00:00,2026-01-01 21:00:00,2026-01-01 14:56:00,2026-01-01 21:00:00,completed
822,71,3,2026-01-01 11:00:00,2026-01-01 17:00:00,2026-01-01 11:02:00,2026-01-01 17:03:00,completed
823,1,1,2026-01-02 09:00:00,2026-01-02 17:00:00,2026-01-02 08:59:00,2026-01-02 16:58:00,completed
824,43,1,2026-01-02 08:00:00,2026-01-02 14:00:00,2026-01-02 08:03:00,2026-01-02 14:06:00,completed
825,41,1,2026-01-02 16:00:00,2026-01-02 22:00:00,2026-01-02 16:03:00,2026-01-02 21:59:00,completed
826,29,1,2026-01-02 10:00:00,2026-01-02 16:00:00,2026-01-02 09:59:00,2026-01-02 16:09:00,completed
827,52,1,2026-01-02 12:00:00,2026-01-02 17:00:00,2026-01-02 12:01:00,2026-01-02 17:04:00,completed
828,2,2,2026-01-02 09:00:00,2026-01-02 17:00:00,2026-01-02 09:04:00,2026-01-02 16:53:00,completed
829,23,2,2026-01-02 08:00:00,2026-01-02 14:00:00,2026-01-02 08:05:00,2026-01-02 13:53:00,completed
830,40,2,2026-01-02 15:00:00,2026-01-02 21:00:00,2026-01-02 15:03:00,2026-01-02 20:59:00,completed
831,37,2,2026-01-02 10:00:00,2026-01-02 16:00:00,2026-01-02 10:00:00,2026-01-02 15:55:00,completed
832,13,2,2026-01-02 12:00:00,2026-01-02 17:00:00,2026-01-02 12:03:00,2026-01-02 17:00:00,completed
833,3,3,2026-01-02 10:00:00,2026-01-02 18:00:00,2026-01-02 09:59:00,2026-01-02 18:02:00,completed
834,36,3,2026-01-02 09:00:00,2026-01-02 15:00:00,,,cancelled
835,28,3,2026-01-02 15:00:00,2026-01-02 21:00:00,2026-01-02 15:00:00,2026-01-02 20:58:00,completed
836,70,3,2026-01-02 11:00:00,2026-01-02 17:00:00,2026-01-02 11:01:00,2026-01-02 16:59:00,completed
837,35,3,2026-01-02 13:00:00,2026-01-02 18:00:00,2026-01-02 13:05:00,2026-01-02 18:07:00,completed
838,67,1,2026-01-03 09:00:00,2026-01-03 17:00:00,2026-01-03 08:58:00,2026-01-03 17:10:00,completed
839,72,1,2026-01-03 08:00:00,2026-01-03 14:00:00,2026-01-03 08:16:00,2026-01-03 14:05:00,completed
840,18,1,2026-01-03 16:00:00,2026-01-03 22:00:00,2026-01-03 16:01:00,2026-01-03 22:00:00,completed
841,6,1,2026-01-03 10:00:00,2026-01-03 16:00:00,2026-01-03 09:56:00,2026-01-03 16:07:00,completed
842,17,1,2026-01-03 12:00:00,2026-01-03 17:00:00,,,cancelled
843,68,2,2026-01-03 09:00:00,2026-01-03 17:00:00,2026-01-03 08:58:00,2026-01-03 17:09:00,completed
844,38,2,2026-01-03 08:00:00,2026-01-03 14:00:00,2026-01-03 08:05:00,2026-01-03 14:01:00,completed
845,13,2,2026-01-03 15:00:00,2026-01-03 21:00:00,2026-01-03 15:02:00,2026-01-03 21:03:00,completed
846,80,2,2026-01-03 10:00:00,2026-01-03 16:00:00,2026-01-03 10:01:00,2026-01-03 15:49:00,completed
847,23,2,2026-01-03 12:00:00,2026-01-03 17:00:00,2026-01-03 12:01:00,2026-01-03 16:55:00,completed
848,3,3,2026-01-03 10:00:00,2026-01-03 18:00:00,2026-01-03 09:58:00,2026-01-03 18:10:00,completed
849,44,3,2026-01-03 09:00:00,2026-01-03 15:00:00,2026-01-03 09:01:00,2026-01-03 14:52:00,completed
850,69,3,2026-01-03 15:00:00,2026-01-03 21:00:00,2026-01-03 15:00:00,2026-01-03 20:52:00,completed
851,78,3,2026-01-03 11:00:00,2026-01-03 17:00:00,2026-01-03 10:59:00,2026-01-03 17:01:00,completed
852,77,3,2026-01-03 13:00:00,2026-01-03 18:00:00,2026-01-03 13:02:00,2026-01-03 18:08:00,completed
853,1,1,2026-01-04 09:00:00,2026-01-04 17:00:00,2026-01-04 09:00:00,2026-01-04 16:58:00,completed
854,21,1,2026-01-04 08:00:00,2026-01-04 14:00:00,2026-01-04 07:57:00,2026-01-04 14:03:00,completed
855,12,1,2026-01-04 16:00:00,2026-01-04 22:00:00,2026-01-04 16:09:00,2026-01-04 21:55:00,completed
856,50,1,2026-01-04 10:00:00,2026-01-04 16:00:00,2026-01-04 09:59:00,2026-01-04 16:00:00,completed
857,33,1,2026-01-04 12:00:00,2026-01-04 17:00:00,2026-01-04 12:03:00,2026-01-04 17:00:00,completed
858,63,2,2026-01-04 09:00:00,2026-01-04 17:00:00,2026-01-04 08:58:00,2026-01-04 16:53:00,completed
859,40,2,2026-01-04 08:00:00,2026-01-04 14:00:00,2026-01-04 08:02:00,2026-01-04 13:53:00,completed
860,38,2,2026-01-04 15:00:00,2026-01-04 21:00:00,2026-01-04 15:06:00,2026-01-04 21:00:00,completed
861,30,2,2026-01-04 10:00:00,2026-01-04 16:00:00,2026-01-04 10:00:00,2026-01-04 16:08:00,completed
862,7,2,2026-01-04 12:00:00,2026-01-04 17:00:00,2026-01-04 12:03:00,2026-01-04 16:57:00,completed
863,58,3,2026-01-04 10:00:00,2026-01-04 18:00:00,2026-01-04 09:57:00,2026-01-04 17:58:00,completed
864,11,3,2026-01-04 09:00:00,2026-01-04 15:00:00,2026-01-04 09:00:00,2026-01-04 14:54:00,completed
865,34,3,2026-01-04 15:00:00,2026-01-04 21:00:00,2026-01-04 14:59:00,2026-01-04 20:52:00,completed
866,56,3,2026-01-04 11:00:00,2026-01-04 17:00:00,2026-01-04 10:57:00,2026-01-04 17:00:00,completed
867,35,3,2026-01-04 13:00:00,2026-01-04 18:00:00,2026-01-04 12:58:00,2026-01-04 18:00:00,completed
868,67,1,2026-01-05 09:00:00,2026-01-05 17:00:00,2026-01-05 09:02:00,2026-01-05 17:12:00,completed
869,66,1,2026-01-05 08:00:00,2026-01-05 14:00:00,2026-01-05 07:59:00,2026-01-05 13:56:00,completed
870,41,1,2026-01-05 16:00:00,2026-01-05 22:00:00,2026-01-05 15:58:00,2026-01-05 22:01:00,completed
871,29,1,2026-01-05 10:00:00,2026-01-05 16:00:00,2026-01-05 10:04:00,2026-01-05 16:07:00,completed
872,68,2,2026-01-05 09:00:00,2026-01-05 17:00:00,2026-01-05 09:02:00,2026-01-05 17:10:00,completed
873,19,2,2026-01-05 08:00:00,2026-01-05 14:00:00,2026-01-05 08:03:00,2026-01-05 14:10:00,completed
874,24,2,2026-01-05 15:00:00,2026-01-05 21:00:00,2026-01-05 15:01:00,2026-01-05 20:57:00,completed
875,80,2,2026-01-05 10:00:00,2026-01-05 16:00:00,2026-01-05 09:56:00,2026-01-05 16:03:00,completed
876,62,3,2026-01-05 10:00:00,2026-01-05 18:00:00,2026-01-05 09:58:00,2026-01-05 17:56:00,completed
877,31,3,2026-01-05 09:00:00,2026-01-05 15:00:00,2026-01-05 08:59:00,2026-01-05 14:50:00,completed
878,26,3,2026-01-05 15:00:00,2026-01-05 21:00:00,2026-01-05 14:59:00,2026-01-05 20:56:00,completed
879,53,3,2026-01-05 11:00:00,2026-01-05 17:00:00,2026-01-05 10:57:00,2026-01-05 17:05:00,completed
880,1,1,2026-01-06 09:00:00,2026-01-06 17:00:00,2026-01-06 08:57:00,2026-01-06 17:11:00,completed
881,12,1,2026-01-06 08:00:00,2026-01-06 14:00:00,2026-01-06 08:01:00,2026-01-06 14:02:00,completed
882,21,1,2026-01-06 16:00:00,2026-01-06 22:00:00,2026-01-06 16:03:00,2026-01-06 21:58:00,completed
883,14,1,2026-01-06 10:00:00,2026-01-06 16:00:00,2026-01-06 10:01:00,2026-01-06 15:56:00,completed
884,16,2,2026-01-06 09:00:00,2026-01-06 17:00:00,2026-01-06 08:57:00,2026-01-06 16:58:00,completed
885,32,2,2026-01-06 08:00:00,2026-01-06 14:00:00,2026-01-06 08:01:00,2026-01-06 13:52:00,completed
886,39,2,2026-01-06 15:00:00,2026-01-06 21:00:00,2026-01-06 15:17:00,2026-01-06 21:05:00,completed
887,45,2,2026-01-06 10:00:00,2026-01-06 16:00:00,2026-01-06 09:59:00,2026-01-06 15:50:00,completed
888,4,3,2026-01-06 10:00:00,2026-01-06 18:00:00,2026-01-06 10:02:00,2026-01-06 17:59:00,completed
889,64,3,2026-01-06 09:00:00,2026-01-06 15:00:00,2026-01-06 08:55:00,2026-01-06 15:06:00,completed
890,5,3,2026-01-06 15:00:00,2026-01-06 21:00:00,2026-01-06 14:57:00,2026-01-06 21:00:00,completed
891,78,3,2026-01-06 11:00:00,2026-01-06 17:00:00,2026-01-06 10:58:00,2026-01-06 17:04:00,completed
892,1,1,2026-01-07 09:00:00,2026-01-07 17:00:00,2026-01-07 08:59:00,2026-01-07 17:01:00,completed
893,33,1,2026-01-07 08:00:00,2026-01-07 14:00:00,2026-01-07 07:57:00,2026-01-07 14:04:00,completed
894,43,1,2026-01-07 16:00:00,2026-01-07 22:00:00,2026-01-07 15:57:00,2026-01-07 22:03:00,completed
895,6,1,2026-01-07 10:00:00,2026-01-07 16:00:00,2026-01-07 09:58:00,2026-01-07 16:07:00,completed
896,63,2,2026-01-07 09:00:00,2026-01-07 17:00:00,2026-01-07 09:01:00,2026-01-07 17:08:00,completed
897,7,2,2026-01-07 08:00:00,2026-01-07 14:00:00,2026-01-07 08:04:00,2026-01-07 14:00:00,completed
898,55,2,2026-01-07 15:00:00,2026-01-07 21:00:00,2026-01-07 15:01:00,2026-01-07 21:02:00,completed
899,30,2,2026-01-07 10:00:00,2026-01-07 16:00:00,2026-01-07 09:56:00,2026-01-07 15:55:00,completed
900,58,3,2026-01-07 10:00:00,2026-01-07 18:00:00,2026-01-07 10:00:00,2026-01-07 18:06:00,completed
901,54,3,2026-01-07 09:00:00,2026-01-07 15:00:00,2026-01-07 09:01:00,2026-01-07 15:00:00,completed
902,75,3,2026-01-07 15:00:00,2026-01-07 21:00:00,2026-01-07 14:58:00,2026-01-07 21:00:00,completed
903,70,3,2026-01-07 11:00:00,2026-01-07 17:00:00,2026-01-07 10:54:00,2026-01-07 16:48:00,completed
904,67,1,2026-01-08 09:00:00,2026-01-08 17:00:00,2026-01-08 09:01:00,2026-01-08 16:59:00,completed
905,52,1,2026-01-08 08:00:00,2026-01-08 14:00:00,2026-01-08 08:00:00,2026-01-08 13:57:00,completed
906,18,1,2026-01-08 16:00:00,2026-01-08 22:00:00,2026-01-08 16:02:00,2026-01-08 21:57:00,completed
907,50,1,2026-01-08 10:00:00,2026-01-08 16:00:00,2026-01-08 09:57:00,2026-01-08 16:01:00,completed
908,2,2,2026-01-08 09:00:00,2026-01-08 17:00:00,2026-01-08 08:59:00,2026-01-08 17:02:00,completed
909,60,2,2026-01-08 08:00:00,2026-01-08 14:00:00,2026-01-08 07:58:00,2026-01-08 14:06:00,completed
910,23,2,2026-01-08 15:00:00,2026-01-08 21:00:00,2026-01-08 15:05:00,2026-01-08 20:57:00,completed
911,37,2,2026-01-08 10:00:00,2026-01-08 16:00:00,2026-01-08 09:57:00,2026-01-08 16:03:00,completed
912,47,3,2026-01-08 10:00:00,2026-01-08 18:00:00,2026-01-08 09:59:00,2026-01-08 18:05:00,completed
913,28,3,2026-01-08 09:00:00,2026-01-08 15:00:00,2026-01-08 08:59:00,2026-01-08 14:59:00,completed
914,36,3,2026-01-08 15:00:00,2026-01-08 21:00:00,2026-01-08 15:00:00,2026-01-08 20:48:00,completed
915,22,3,2026-01-08 11:00:00,2026-01-08 17:00:00,2026-01-08 11:00:00,2026-01-08 16:48:00,completed
916,1,1,2026-01-09 09:00:00,2026-01-09 17:00:00,2026-01-09 08:55:00,2026-01-09 17:00:00,completed
917,72,1,2026-01-09 08:00:00,2026-01-09 14:00:00,2026-01-09 07:59:00,2026-01-09 14:02:00,completed
918,17,1,2026-01-09 16:00:00,2026-01-09 22:00:00,2026-01-09 16:03:00,2026-01-09 22:04:00,completed
919,29,1,2026-01-09 10:00:00,2026-01-09 16:00:00,2026-01-09 10:10:00,2026-01-09 16:05:00,completed
920,66,1,2026-01-09 12:00:00,2026-01-09 17:00:00,2026-01-09 11:57:00,2026-01-09 17:00:00,completed
921,2,2,2026-01-09 09:00:00,2026-01-09 17:00:00,2026-01-09 09:01:00,2026-01-09 16:53:00,completed
922,40,2,2026-01-09 08:00:00,2026-01-09 14:00:00,,,cancelled
923,13,2,2026-01-09 15:00:00,2026-01-09 21:00:00,2026-01-09 14:58:00,2026-01-09 20:54:00,completed
924,37,2,2026-01-09 10:00:00,2026-01-09 16:00:00,2026-01-09 09:57:00,2026-01-09 15:55:00,completed
925,38,2,2026-01-09 12:00:00,2026-01-09 17:00:00,2026-01-09 11:58:00,2026-01-09 17:05:00,completed
926,3,3,2026-01-09 10:00:00,2026-01-09 18:00:00,2026-01-09 10:10:00,2026-01-09 18:00:00,completed
927,20,3,2026-01-09 09:00:00,2026-01-09 15:00:00,2026-01-09 08:58:00,2026-01-09 14:53:00,completed
928,8,3,2026-01-09 15:00:00,2026-01-09 21:00:00,2026-01-09 14:59:00,2026-01-09 21:02:00,completed
929,15,3,2026-01-09 11:00:00,2026-01-09 17:00:00,,,missed
930,77,3,2026-01-09 13:00:00,2026-01-09 18:00:00,2026-01-09 12:57:00,2026-01-09 17:57:00,completed
931,67,1,2026-01-10 09:00:00,2026-01-10 17:00:00,2026-01-10 09:01:00,2026-01-10 16:57:00,completed
932,43,1,2026-01-10 08:00:00,2026-01-10 14:00:00,2026-01-10 07:58:00,2026-01-10 14:06:00,completed
933,72,1,2026-01-10 16:00:00,2026-01-10 22:00:00,2026-01-10 16:00:00,2026-01-10 21:55:00,completed
934,14,1,2026-01-10 10:00:00,2026-01-10 16:00:00,2026-01-10 09:58:00,2026-01-10 16:04:00,completed
935,12,1,2026-01-10 12:00:00,2026-01-10 17:00:00,2026-01-10 11:55:00,2026-01-10 16:55:00,completed
936,16,2,2026-01-10 09:00:00,2026-01-10 17:00:00,,,missed
937,46,2,2026-01-10 08:00:00,2026-01-10 14:00:00,2026-01-10 08:01:00,2026-01-10 13:59:00,completed
938,38,2,2026-01-10 15:00:00,2026-01-10 21:00:00,2026-01-10 14:58:00,2026-01-10 21:07:00,completed
939,45,2,2026-01-10 10:00:00,2026-01-10 16:00:00,2026-01-10 09:58:00,2026-01-10 15:52:00,completed
940,23,2,2026-01-10 12:00:00,2026-01-10 17:00:00,2026-01-10 11:59:00,2026-01-10 17:04:00,completed
941,3,3,2026-01-10 10:00:00,2026-01-10 18:00:00,2026-01-10 09:58:00,2026-01-10 18:02:00,completed
942,44,3,2026-01-10 09:00:00,2026-01-10 15:00:00,,,missed
943,69,3,2026-01-10 15:00:00,2026-01-10 21:00:00,2026-01-10 15:03:00,2026-01-10 21:02:00,completed
944,25,3,2026-01-10 11:00:00,2026-01-10 17:00:00,2026-01-10 10:57:00,2026-01-10 17:08:00,completed
945,35,3,2026-01-10 13:00:00,2026-01-10 18:00:00,2026-01-10 13:03:00,2026-01-10 18:07:00,completed
946,1,1,2026-01-11 09:00:00,2026-01-11 17:00:00,2026-01-11 09:00:00,2026-01-11 17:01:00,completed
947,18,1,2026-01-11 08:00:00,2026-01-11 14:00:00,2026-01-11 08:03:00,2026-01-11 13:53:00,completed
948,41,1,2026-01-11 16:00:00,2026-01-11 22:00:00,,,cancelled
949,6,1,2026-01-11 10:00:00,2026-01-11 16:00:00,2026-01-11 09:59:00,2026-01-11 15:59:00,completed
950,17,1,2026-01-11 12:00:00,2026-01-11 17:00:00,2026-01-11 11:59:00,2026-01-11 17:02:00,completed
951,68,2,2026-01-11 09:00:00,2026-01-11 17:00:00,2026-01-11 09:04:00,2026-01-11 16:56:00,completed
952,13,2,2026-01-11 08:00:00,2026-01-11 14:00:00,2026-01-11 08:15:00,2026-01-11 14:09:00,completed
953,40,2,2026-01-11 15:00:00,2026-01-11 21:00:00,2026-01-11 15:00:00,2026-01-11 21:02:00,completed
954,80,2,2026-01-11 10:00:00,2026-01-11 16:00:00,2026-01-11 10:04:00,2026-01-11 16:01:00,completed
955,32,2,2026-01-11 12:00:00,2026-01-11 17:00:00,2026-01-11 12:04:00,2026-01-11 16:53:00,completed
956,62,3,2026-01-11 10:00:00,2026-01-11 18:00:00,2026-01-11 09:58:00,2026-01-11 18:02:00,completed
957,11,3,2026-01-11 09:00:00,2026-01-11 15:00:00,,,missed
958,34,3,2026-01-11 15:00:00,2026-01-11 21:00:00,2026-01-11 15:02:00,2026-01-11 20:56:00,completed
959,71,3,2026-01-11 11:00:00,2026-01-11 17:00:00,2026-01-11 11:00:00,2026-01-11 16:57:00,completed
960,77,3,2026-01-11 13:00:00,2026-01-11 18:00:00,2026-01-11 13:02:00,2026-01-11 18:00:00,completed
961,67,1,2026-01-12 09:00:00,2026-01-12 17:00:00,2026-01-12 09:00:00,2026-01-12 16:56:00,completed
962,21,1,2026-01-12 08:00:00,2026-01-12 14:00:00,2026-01-12 07:59:00,2026-01-12 14:09:00,completed
963,66,1,2026-01-12 16:00:00,2026-01-12 22:00:00,2026-01-12 15:57:00,2026-01-12 22:01:00,completed
964,29,1,2026-01-12 10:00:00,2026-01-12 16:00:00,2026-01-12 10:00:00,2026-01-12 15:58:00,completed
965,16,2,2026-01-12 09:00:00,2026-01-12 17:00:00,2026-01-12 09:02:00,2026-01-12 17:06:00,completed
966,46,2,2026-01-12 08:00:00,2026-01-12 14:00:00,2026-01-12 08:02:00,2026-01-12 14:04:00,completed
967,19,2,2026-01-12 15:00:00,2026-01-12 21:00:00,2026-01-12 15:11:00,2026-01-12 20:54:00,completed
968,30,2,2026-01-12 10:00:00,2026-01-12 16:00:00,2026-01-12 09:57:00,2026-01-12 15:56:00,completed
969,47,3,2026-01-12 10:00:00,2026-01-12 18:00:00,2026-01-12 10:01:00,2026-01-12 18:06:00,completed
970,28,3,2026-01-12 09:00:00,2026-01-12 15:00:00,2026-01-12 09:02:00,2026-01-12 15:00:00,completed
971,31,3,2026-01-12 15:00:00,2026-01-12 21:00:00,2026-01-12 14:57:00,2026-01-12 20:58:00,completed
972,78,3,2026-01-12 11:00:00,2026-01-12 17:00:00,2026-01-12 11:01:00,2026-01-12 17:00:00,completed
973,1,1,2026-01-13 09:00:00,2026-01-13 17:00:00,,,cancelled
974,33,1,2026-01-13 08:00:00,2026-01-13 14:00:00,2026-01-13 08:01:00,2026-01-13 14:03:00,completed
975,52,1,2026-01-13 16:00:00,2026-01-13 22:00:00,2026-01-13 16:01:00,2026-01-13 22:09:00,completed
976,50,1,2026-01-13 10:00:00,2026-01-13 16:00:00,2026-01-13 09:56:00,2026-01-13 16:06:00,completed
977,68,2,2026-01-13 09:00:00,2026-01-13 17:00:00,2026-01-13 08:59:00,2026-01-13 16:55:00,completed
978,24,2,2026-01-13 08:00:00,2026-01-13 14:00:00,2026-01-13 08:03:00,2026-01-13 13:59:00,completed
979,55,2,2026-01-13 15:00:00,2026-01-13 21:00:00,2026-01-13 14:58:00,2026-01-13 20:53:00,completed
980,80,2,2026-01-13 10:00:00,2026-01-13 16:00:00,2026-01-13 10:03:00,2026-01-13 16:01:00,completed
981,62,3,2026-01-13 10:00:00,2026-01-13 18:00:00,2026-01-13 10:00:00,2026-01-13 17:53:00,completed
982,54,3,2026-01-13 09:00:00,2026-01-13 15:00:00,2026-01-13 08:57:00,2026-01-13 15:05:00,completed
983,5,3,2026-01-13 15:00:00,2026-01-13 21:00:00,2026-01-13 14:55:00,2026-01-13 21:01:00,completed
984,53,3,2026-01-13 11:00:00,2026-01-13 17:00:00,2026-01-13 11:00:00,2026-01-13 17:07:00,completed
985,1,1,2026-01-14 09:00:00,2026-01-14 17:00:00,2026-01-14 09:13:00,2026-01-14 17:07:00,completed
986,72,1,2026-01-14 08:00:00,2026-01-14 14:00:00,2026-01-14 08:04:00,2026-01-14 13:54:00,completed
987,18,1,2026-01-14 16:00:00,2026-01-14 22:00:00,2026-01-14 15:59:00,2026-01-14 21:59:00,completed
988,14,1,2026-01-14 10:00:00,2026-01-14 16:00:00,2026-01-14 09:55:00,2026-01-14 16:00:00,completed
989,63,2,2026-01-14 09:00:00,2026-01-14 17:00:00,2026-01-14 09:00:00,2026-01-14 17:10:00,completed
990,7,2,2026-01-14 08:00:00,2026-01-14 14:00:00,2026-01-14 07:57:00,2026-01-14 13:55:00,completed
991,39,2,2026-01-14 15:00:00,2026-01-14 21:00:00,2026-01-14 14:56:00,2026-01-14 20:59:00,completed
992,45,2,2026-01-14 10:00:00,2026-01-14 16:00:00,2026-01-14 09:58:00,2026-01-14 15:57:00,completed
993,58,3,2026-01-14 10:00:00,2026-01-14 18:00:00,2026-01-14 10:04:00,2026-01-14 18:07:00,completed
994,75,3,2026-01-14 09:00:00,2026-01-14 15:00:00,2026-01-14 09:00:00,2026-01-14 14:57:00,completed
995,20,3,2026-01-14 15:00:00,2026-01-14 21:00:00,2026-01-14 15:01:00,2026-01-14 21:04:00,completed
996,25,3,2026-01-14 11:00:00,2026-01-14 17:00:00,2026-01-14 10:57:00,2026-01-14 17:06:00,completed
997,67,1,2026-01-15 09:00:00,2026-01-15 17:00:00,2026-01-15 09:05:00,2026-01-15 17:00:00,completed
998,41,1,2026-01-15 08:00:00,2026-01-15 14:00:00,2026-01-15 08:02:00,2026-01-15 14:04:00,completed
999,12,1,2026-01-15 16:00:00,2026-01-15 22:00:00,2026-01-15 16:02:00,2026-01-15 21:56:00,completed
1000,6,1,2026-01-15 10:00:00,2026-01-15 16:00:00,2026-01-15 10:01:00,2026-01-15 15:48:00,completed
1001,2,2,2026-01-15 09:00:00,2026-01-15 17:00:00,2026-01-15 08:57:00,2026-01-15 17:01:00,completed
1002,32,2,2026-01-15 08:00:00,2026-01-15 14:00:00,2026-01-15 08:02:00,2026-01-15 14:01:00,completed
1003,60,2,2026-01-15 15:00:00,2026-01-15 21:00:00,,,missed
1004,37,2,2026-01-15 10:00:00,2026-01-15 16:00:00,2026-01-15 10:01:00,2026-01-15 16:03:00,completed
1005,4,3,2026-01-15 10:00:00,2026-01-15 18:00:00,2026-01-15 10:03:00,2026-01-15 17:59:00,completed
1006,64,3,2026-01-15 09:00:00,2026-01-15 15:00:00,2026-01-15 08:55:00,2026-01-15 15:01:00,completed
1007,26,3,2026-01-15 15:00:00,2026-01-15 21:00:00,,,cancelled
1008,71,3,2026-01-15 11:00:00,2026-01-15 17:00:00,2026-01-15 11:03:00,2026-01-15 16:58:00,completed
1009,1,1,2026-01-16 09:00:00,2026-01-16 17:00:00,2026-01-16 08:56:00,2026-01-16 17:07:00,completed
1010,43,1,2026-01-16 08:00:00,2026-01-16 14:00:00,2026-01-16 08:00:00,2026-01-16 13:52:00,completed
1011,17,1,2026-01-16 16:00:00,2026-01-16 22:00:00,2026-01-16 16:00:00,2026-01-16 21:50:00,completed
1012,29,1,2026-01-16 10:00:00,2026-01-16 16:00:00,2026-01-16 09:55:00,2026-01-16 16:09:00,completed
1013,33,1,2026-01-16 12:00:00,2026-01-16 17:00:00,2026-01-16 12:01:00,2026-01-16 16:55:00,completed
1014,2,2,2026-01-16 09:00:00,2026-01-16 17:00:00,2026-01-16 08:57:00,2026-01-16 16:57:00,completed
1015,23,2,2026-01-16 08:00:00,2026-01-16 14:00:00,2026-01-16 08:04:00,2026-01-16 13:51:00,completed
1016,40,2,2026-01-16 15:00:00,2026-01-16 21:00:00,2026-01-16 14:58:00,2026-01-16 21:06:00,completed
1017,51,2,2026-01-16 10:00:00,2026-01-16 16:00:00,2026-01-16 10:02:00,2026-01-16 16:03:00,completed
1018,38,2,2026-01-16 12:00:00,2026-01-16 17:00:00,2026-01-16 11:58:00,2026-01-16 16:52:00,completed
1019,3,3,2026-01-16 10:00:00,2026-01-16 18:00:00,2026-01-16 10:10:00,2026-01-16 18:00:00,completed
1020,36,3,2026-01-16 09:00:00,2026-01-16 15:00:00,2026-01-16 09:02:00,2026-01-16 15:12:00,completed
1021,8,3,2026-01-16 15:00:00,2026-01-16 21:00:00,2026-01-16 14:59:00,2026-01-16 20:54:00,completed
1022,15,3,2026-01-16 11:00:00,2026-01-16 17:00:00,2026-01-16 10:57:00,2026-01-16 17:00:00,completed
1023,44,3,2026-01-16 13:00:00,2026-01-16 18:00:00,2026-01-16 13:02:00,2026-01-16 18:07:00,completed
1024,67,1,2026-01-17 09:00:00,2026-01-17 17:00:00,2026-01-17 09:01:00,2026-01-17 17:05:00,completed
1025,21,1,2026-01-17 08:00:00,2026-01-17 14:00:00,2026-01-17 07:57:00,2026-01-17 13:54:00,completed
1026,52,1,2026-01-17 16:00:00,2026-01-17 22:00:00,2026-01-17 15:59:00,2026-01-17 21:57:00,completed
1027,50,1,2026-01-17 10:00:00,2026-01-17 16:00:00,2026-01-17 09:56:00,2026-01-17 16:02:00,completed
1028,66,1,2026-01-17 12:00:00,2026-01-17 17:00:00,2026-01-17 12:01:00,2026-01-17 16:50:00,completed
1029,68,2,2026-01-17 09:00:00,2026-01-17 17:00:00,2026-01-17 09:01:00,2026-01-17 17:08:00,completed
1030,13,2,2026-01-17 08:00:00,2026-01-17 14:00:00,,,cancelled
1031,38,2,2026-01-17 15:00:00,2026-01-17 21:00:00,2026-01-17 15:03:00,2026-01-17 21:10:00,completed
1032,37,2,2026-01-17 10:00:00,2026-01-17 16:00:00,2026-01-17 10:00:00,2026-01-17 16:03:00,completed
1033,23,2,2026-01-17 12:00:00,2026-01-17 17:00:00,2026-01-17 11:59:00,2026-01-17 17:15:00,completed
1034,3,3,2026-01-17 10:00:00,2026-01-17 18:00:00,2026-01-17 09:59:00,2026-01-17 18:01:00,completed
1035,35,3,2026-01-17 09:00:00,2026-01-17 15:00:00,2026-01-17 08:59:00,2026-01-17 14:59:00,completed
1036,69,3,2026-01-17 15:00:00,2026-01-17 21:00:00,2026-01-17 15:00:00,2026-01-17 21:05:00,completed
1037,70,3,2026-01-17 11:00:00,2026-01-17 17:00:00,2026-01-17 11:02:00,2026-01-17 17:07:00,completed
1038,77,3,2026-01-17 13:00:00,2026-01-17 18:00:00,2026-01-17 13:11:00,2026-01-17 18:06:00,completed
1039,1,1,2026-01-18 09:00:00,2026-01-18 17:00:00,2026-01-18 08:58:00,2026-01-18 16:59:00,completed
1040,72,1,2026-01-18 08:00:00,2026-01-18 14:00:00,2026-01-18 08:04:00,2026-01-18 14:03:00,completed
1041,18,1,2026-01-18 16:00:00,2026-01-18 22:00:00,2026-01-18 15:58:00,2026-01-18 22:05:00,completed
1042,14,1,2026-01-18 10:00:00,2026-01-18 16:00:00,2026-01-18 09:59:00,2026-01-18 16:09:00,completed
1043,43,1,2026-01-18 12:00:00,2026-01-18 17:00:00,2026-01-18 12:01:00,2026-01-18 16:54:00,completed
1044,16,2,2026-01-18 09:00:00,2026-01-18 17:00:00,2026-01-18 09:13:00,2026-01-18 17:05:00,completed
1045,40,2,2026-01-18 08:00:00,2026-01-18 14:00:00,2026-01-18 08:12:00,2026-01-18 13:57:00,completed
1046,13,2,2026-01-18 15:00:00,2026-01-18 21:00:00,2026-01-18 15:05:00,2026-01-18 21:06:00,completed
1047,51,2,2026-01-18 10:00:00,2026-01-18 16:00:00,2026-01-18 09:57:00,2026-01-18 15:57:00,completed
1048,24,2,2026-01-18 12:00:00,2026-01-18 17:00:00,2026-01-18 11:58:00,2026-01-18 16:56:00,completed
1049,62,3,2026-01-18 10:00:00,2026-01-18 18:00:00,2026-01-18 09:59:00,2026-01-18 17:59:00,completed
1050,11,3,2026-01-18 09:00:00,2026-01-18 15:00:00,2026-01-18 09:00:00,2026-01-18 14:56:00,completed
1051,34,3,2026-01-18 15:00:00,2026-01-18 21:00:00,2026-01-18 15:00:00,2026-01-18 21:02:00,completed
1052,56,3,2026-01-18 11:00:00,2026-01-18 17:00:00,,,missed
1053,44,3,2026-01-18 13:00:00,2026-01-18 18:00:00,2026-01-18 13:02:00,2026-01-18 17:55:00,completed
1054,67,1,2026-01-19 09:00:00,2026-01-19 17:00:00,2026-01-19 09:04:00,2026-01-19 17:07:00,completed
1055,52,1,2026-01-19 08:00:00,2026-01-19 14:00:00,2026-01-19 08:00:00,2026-01-19 14:05:00,completed
1056,41,1,2026-01-19 16:00:00,2026-01-19 22:00:00,2026-01-19 15:58:00,2026-01-19 22:04:00,completed
1057,29,1,2026-01-19 10:00:00,2026-01-19 16:00:00,2026-01-19 10:03:00,2026-01-19 16:02:00,completed
1058,63,2,2026-01-19 09:00:00,2026-01-19 17:00:00,2026-01-19 08:58:00,2026-01-19 17:02:00,completed
1059,46,2,2026-01-19 08:00:00,2026-01-19 14:00:00,2026-01-19 07:59:00,2026-01-19 13:54:00,completed
1060,19,2,2026-01-19 15:00:00,2026-01-19 21:00:00,2026-01-19 15:03:00,2026-01-19 21:08:00,completed
1061,51,2,2026-01-19 10:00:00,2026-01-19 16:00:00,2026-01-19 10:05:00,2026-01-19 15:56:00,completed
1062,4,3,2026-01-19 10:00:00,2026-01-19 18:00:00,2026-01-19 10:00:00,2026-01-19 18:00:00,completed
1063,64,3,2026-01-19 09:00:00,2026-01-19 15:00:00,2026-01-19 08:58:00,2026-01-19 14:59:00,completed
1064,20,3,2026-01-19 15:00:00,2026-01-19 21:00:00,2026-01-19 14:58:00,2026-01-19 20:55:00,completed
1065,22,3,2026-01-19 11:00:00,2026-01-19 17:00:00,2026-01-19 11:05:00,2026-01-19 16:57:00,completed
1066,1,1,2026-01-20 09:00:00,2026-01-20 17:00:00,2026-01-20 08:57:00,2026-01-20 17:02:00,completed
1067,21,1,2026-01-20 08:00:00,2026-01-20 14:00:00,2026-01-20 08:18:00,2026-01-20 14:03:00,completed
1068,66,1,2026-01-20 16:00:00,2026-01-20 22:00:00,2026-01-20 16:00:00,2026-01-20 21:50:00,completed
1069,50,1,2026-01-20 10:00:00,2026-01-20 16:00:00,2026-01-20 09:55:00,2026-01-20 15:59:00,completed
1070,68,2,2026-01-20 09:00:00,2026-01-20 17:00:00,2026-01-20 09:03:00,2026-01-20 17:02:00,completed
1071,60,2,2026-01-20 08:00:00,2026-01-20 14:00:00,2026-01-20 08:03:00,2026-01-20 14:14:00,completed
1072,7,2,2026-01-20 15:00:00,2026-01-20 21:00:00,2026-01-20 15:01:00,2026-01-20 21:07:00,completed
1073,30,2,2026-01-20 10:00:00,2026-01-20 16:00:00,2026-01-20 10:00:00,2026-01-20 16:08:00,completed
1074,47,3,2026-01-20 10:00:00,2026-01-20 18:00:00,2026-01-20 09:59:00,2026-01-20 17:53:00,completed
1075,75,3,2026-01-20 09:00:00,2026-01-20 15:00:00,2026-01-20 08:56:00,2026-01-20 15:03:00,completed
1076,54,3,2026-01-20 15:00:00,2026-01-20 21:00:00,2026-01-20 15:02:00,2026-01-20 21:05:00,completed
1077,25,3,2026-01-20 11:00:00,2026-01-20 17:00:00,2026-01-20 10:58:00,2026-01-20 16:51:00,completed
1078,1,1,2026-01-21 09:00:00,2026-01-21 17:00:00,2026-01-21 08:58:00,2026-01-21 16:56:00,completed
1079,12,1,2026-01-21 08:00:00,2026-01-21 14:00:00,2026-01-21 08:00:00,2026-01-21 14:02:00,completed
1080,33,1,2026-01-21 16:00:00,2026-01-21 22:00:00,2026-01-21 16:02:00,2026-01-21 21:54:00,completed
1081,6,1,2026-01-21 10:00:00,2026-01-21 16:00:00,2026-01-21 10:01:00,2026-01-21 15:59:00,completed
1082,16,2,2026-01-21 09:00:00,2026-01-21 17:00:00,2026-01-21 08:59:00,2026-01-21 17:04:00,completed
1083,32,2,2026-01-21 08:00:00,2026-01-21 14:00:00,2026-01-21 08:01:00,2026-01-21 14:01:00,completed
1084,24,2,2026-01-21 15:00:00,2026-01-21 21:00:00,2026-01-21 15:05:00,2026-01-21 20:55:00,completed
1085,45,2,2026-01-21 10:00:00,2026-01-21 16:00:00,2026-01-21 09:59:00,2026-01-21 15:57:00,completed
1086,58,3,2026-01-21 10:00:00,2026-01-21 18:00:00,2026-01-21 09:56:00,2026-01-21 17:51:00,completed
1087,8,3,2026-01-21 09:00:00,2026-01-21 15:00:00,2026-01-21 08:57:00,2026-01-21 15:04:00,completed
1088,28,3,2026-01-21 15:00:00,2026-01-21 21:00:00,,,missed
1089,56,3,2026-01-21 11:00:00,2026-01-21 17:00:00,2026-01-21 10:59:00,2026-01-21 16:58:00,completed
1090,67,1,2026-01-22 09:00:00,2026-01-22 17:00:00,2026-01-22 09:01:00,2026-01-22 17:03:00,completed
1091,17,1,2026-01-22 08:00:00,2026-01-22 14:00:00,2026-01-22 07:57:00,2026-01-22 13:59:00,completed
1092,43,1,2026-01-22 16:00:00,2026-01-22 22:00:00,2026-01-22 15:59:00,2026-01-22 22:04:00,completed
1093,14,1,2026-01-22 10:00:00,2026-01-22 16:00:00,2026-01-22 10:05:00,2026-01-22 16:00:00,completed
1094,2,2,2026-01-22 09:00:00,2026-01-22 17:00:00,2026-01-22 08:56:00,2026-01-22 17:04:00,completed
1095,39,2,2026-01-22 08:00:00,2026-01-22 14:00:00,2026-01-22 07:55:00,2026-01-22 13:56:00,completed
1096,55,2,2026-01-22 15:00:00,2026-01-22 21:00:00,2026-01-22 15:01:00,2026-01-22 21:02:00,completed
1097,80,2,2026-01-22 10:00:00,2026-01-22 16:00:00,2026-01-22 09:56:00,2026-01-22 16:01:00,completed
1098,62,3,2026-01-22 10:00:00,2026-01-22 18:00:00,2026-01-22 09:56:00,2026-01-22 17:56:00,completed
1099,26,3,2026-01-22 09:00:00,2026-01-22 15:00:00,2026-01-22 08:59:00,2026-01-22 15:09:00,completed
1100,5,3,2026-01-22 15:00:00,2026-01-22 21:00:00,2026-01-22 14:59:00,2026-01-22 20:49:00,completed
1101,53,3,2026-01-22 11:00:00,2026-01-22 17:00:00,2026-01-22 10:59:00,2026-01-22 16:57:00,completed
1102,1,1,2026-01-23 09:00:00,2026-01-23 17:00:00,2026-01-23 08:59:00,2026-01-23 16:58:00,completed
1103,72,1,2026-01-23 08:00:00,2026-01-23 14:00:00,2026-01-23 07:58:00,2026-01-23 13:53:00,completed
1104,18,1,2026-01-23 16:00:00,2026-01-23 22:00:00,2026-01-23 16:03:00,2026-01-23 21:55:00,completed
1105,29,1,2026-01-23 10:00:00,2026-01-23 16:00:00,2026-01-23 10:03:00,2026-01-23 16:06:00,completed
1106,52,1,2026-01-23 12:00:00,2026-01-23 17:00:00,2026-01-23 12:01:00,2026-01-23 17:02:00,completed
1107,2,2,2026-01-23 09:00:00,2026-01-23 17:00:00,2026-01-23 09:00:00,2026-01-23 17:02:00,completed
1108,23,2,2026-01-23 08:00:00,2026-01-23 14:00:00,2026-01-23 08:01:00,2026-01-23 13:54:00,completed
1109,13,2,2026-01-23 15:00:00,2026-01-23 21:00:00,2026-01-23 15:01:00,2026-01-23 20:54:00,completed
1110,37,2,2026-01-23 10:00:00,2026-01-23 16:00:00,2026-01-23 10:04:00,2026-01-23 15:58:00,completed
1111,38,2,2026-01-23 12:00:00,2026-01-23 17:00:00,2026-01-23 11:55:00,2026-01-23 17:04:00,completed
1112,3,3,2026-01-23 10:00:00,2026-01-23 18:00:00,2026-01-23 09:59:00,2026-01-23 18:05:00,completed
1113,31,3,2026-01-23 09:00:00,2026-01-23 15:00:00,2026-01-23 09:01:00,2026-01-23 15:08:00,completed
1114,36,3,2026-01-23 15:00:00,2026-01-23 21:00:00,2026-01-23 14:57:00,2026-01-23 21:03:00,completed
1115,71,3,2026-01-23 11:00:00,2026-01-23 17:00:00,2026-01-23 10:59:00,2026-01-23 16:59:00,completed
1116,69,3,2026-01-23 13:00:00,2026-01-23 18:00:00,2026-01-23 13:04:00,2026-01-23 18:01:00,completed
1117,67,1,2026-01-24 09:00:00,2026-01-24 17:00:00,2026-01-24 09:01:00,2026-01-24 17:03:00,completed
1118,41,1,2026-01-24 08:00:00,2026-01-24 14:00:00,2026-01-24 08:02:00,2026-01-24 14:01:00,completed
1119,21,1,2026-01-24 16:00:00,2026-01-24 22:00:00,2026-01-24 16:05:00,2026-01-24 21:50:00,completed
1120,14,1,2026-01-24 10:00:00,2026-01-24 16:00:00,2026-01-24 09:54:00,2026-01-24 15:53:00,completed
1121,33,1,2026-01-24 12:00:00,2026-01-24 17:00:00,2026-01-24 12:00:00,2026-01-24 17:05:00,completed
1122,63,2,2026-01-24 09:00:00,2026-01-24 17:00:00,2026-01-24 09:09:00,2026-01-24 16:53:00,completed
1123,40,2,2026-01-24 08:00:00,2026-01-24 14:00:00,2026-01-24 08:00:00,2026-01-24 13:49:00,completed
1124,38,2,2026-01-24 15:00:00,2026-01-24 21:00:00,2026-01-24 15:02:00,2026-01-24 21:02:00,completed
1125,37,2,2026-01-24 10:00:00,2026-01-24 16:00:00,2026-01-24 09:57:00,2026-01-24 16:01:00,completed
1126,23,2,2026-01-24 12:00:00,2026-01-24 17:00:00,2026-01-24 12:01:00,2026-01-24 16:59:00,completed
1127,3,3,2026-01-24 10:00:00,2026-01-24 18:00:00,2026-01-24 09:59:00,2026-01-24 17:58:00,completed
1128,35,3,2026-01-24 09:00:00,2026-01-24 15:00:00,2026-01-24 09:05:00,2026-01-24 15:09:00,completed
1129,44,3,2026-01-24 15:00:00,2026-01-24 21:00:00,2026-01-24 15:04:00,2026-01-24 20:55:00,completed
1130,78,3,2026-01-24 11:00:00,2026-01-24 17:00:00,2026-01-24 11:17:00,2026-01-24 17:06:00,completed
1131,77,3,2026-01-24 13:00:00,2026-01-24 18:00:00,2026-01-24 12:57:00,2026-01-24 18:00:00,completed
1132,1,1,2026-01-25 09:00:00,2026-01-25 17:00:00,2026-01-25 08:59:00,2026-01-25 17:01:00,completed
1133,17,1,2026-01-25 08:00:00,2026-01-25 14:00:00,,,missed
1134,66,1,2026-01-25 16:00:00,2026-01-25 22:00:00,2026-01-25 16:05:00,2026-01-25 21:59:00,completed
1135,50,1,2026-01-25 10:00:00,2026-01-25 16:00:00,2026-01-25 09:59:00,2026-01-25 15:58:00,completed
1136,12,1,2026-01-25 12:00:00,2026-01-25 17:00:00,2026-01-25 11:59:00,2026-01-25 16:51:00,completed
1137,16,2,2026-01-25 09:00:00,2026-01-25 17:00:00,2026-01-25 09:00:00,2026-01-25 16:54:00,completed
1138,13,2,2026-01-25 08:00:00,2026-01-25 14:00:00,2026-01-25 07:58:00,2026-01-25 13:56:00,completed
1139,40,2,2026-01-25 15:00:00,2026-01-25 21:00:00,2026-01-25 15:00:00,2026-01-25 21:07:00,completed
1140,51,2,2026-01-25 10:00:00,2026-01-25 16:00:00,2026-01-25 09:59:00,2026-01-25 16:02:00,completed
1141,46,2,2026-01-25 12:00:00,2026-01-25 17:00:00,2026-01-25 11:57:00,2026-01-25 17:06:00,completed
1142,4,3,2026-01-25 10:00:00,2026-01-25 18:00:00,2026-01-25 10:04:00,2026-01-25 18:02:00,completed
1143,11,3,2026-01-25 09:00:00,2026-01-25 15:00:00,2026-01-25 08:59:00,2026-01-25 15:08:00,completed
1144,34,3,2026-01-25 15:00:00,2026-01-25 21:00:00,2026-01-25 15:00:00,2026-01-25 21:04:00,completed
1145,70,3,2026-01-25 11:00:00,2026-01-25 17:00:00,2026-01-25 10:58:00,2026-01-25 17:01:00,completed
1146,69,3,2026-01-25 13:00:00,2026-01-25 18:00:00,2026-01-25 12:59:00,2026-01-25 18:02:00,completed
1147,67,1,2026-01-26 09:00:00,2026-01-26 17:00:00,2026-01-26 08:58:00,2026-01-26 17:02:00,completed
1148,43,1,2026-01-26 08:00:00,2026-01-26 14:00:00,2026-01-26 08:02:00,2026-01-26 13:58:00,completed
1149,17,1,2026-01-26 16:00:00,2026-01-26 22:00:00,2026-01-26 15:56:00,2026-01-26 22:00:00,completed
1150,29,1,2026-01-26 10:00:00,2026-01-26 16:00:00,2026-01-26 10:00:00,2026-01-26 15:58:00,completed
1151,68,2,2026-01-26 09:00:00,2026-01-26 17:00:00,2026-01-26 08:59:00,2026-01-26 17:07:00,completed
1152,19,2,2026-01-26 08:00:00,2026-01-26 14:00:00,2026-01-26 08:04:00,2026-01-26 13:56:00,completed
1153,55,2,2026-01-26 15:00:00,2026-01-26 21:00:00,2026-01-26 14:59:00,2026-01-26 20:57:00,completed
1154,51,2,2026-01-26 10:00:00,2026-01-26 16:00:00,2026-01-26 10:02:00,2026-01-26 15:49:00,completed
1155,58,3,2026-01-26 10:00:00,2026-01-26 18:00:00,2026-01-26 10:00:00,2026-01-26 18:02:00,completed
1156,54,3,2026-01-26 09:00:00,2026-01-26 15:00:00,2026-01-26 08:56:00,2026-01-26 14:48:00,completed
1157,20,3,2026-01-26 15:00:00,2026-01-26 21:00:00,2026-01-26 14:56:00,2026-01-26 20:56:00,completed
1158,22,3,2026-01-26 11:00:00,2026-01-26 17:00:00,2026-01-26 11:00:00,2026-01-26 16:56:00,completed
1159,1,1,2026-01-27 09:00:00,2026-01-27 17:00:00,2026-01-27 09:00:00,2026-01-27 16:58:00,completed
1160,12,1,2026-01-27 08:00:00,2026-01-27 14:00:00,2026-01-27 08:00:00,2026-01-27 13:53:00,completed
1161,18,1,2026-01-27 16:00:00,2026-01-27 22:00:00,2026-01-27 16:04:00,2026-01-27 21:57:00,completed
1162,6,1,2026-01-27 10:00:00,2026-01-27 16:00:00,2026-01-27 09:55:00,2026-01-27 15:58:00,completed
1163,63,2,2026-01-27 09:00:00,2026-01-27 17:00:00,2026-01-27 09:00:00,2026-01-27 17:01:00,completed
1164,7,2,2026-01-27 08:00:00,2026-01-27 14:00:00,2026-01-27 08:01:00,2026-01-27 13:56:00,completed
1165,60,2,2026-01-27 15:00:00,2026-01-27 21:00:00,2026-01-27 14:59:00,2026-01-27 20:58:00,completed
1166,45,2,2026-01-27 10:00:00,2026-01-27 16:00:00,2026-01-27 10:00:00,2026-01-27 15:50:00,completed
1167,47,3,2026-01-27 10:00:00,2026-01-27 18:00:00,2026-01-27 09:57:00,2026-01-27 18:01:00,completed
1168,5,3,2026-01-27 09:00:00,2026-01-27 15:00:00,2026-01-27 09:00:00,2026-01-27 14:57:00,completed
1169,75,3,2026-01-27 15:00:00,2026-01-27 21:00:00,2026-01-27 15:00:00,2026-01-27 21:03:00,completed
1170,15,3,2026-01-27 11:00:00,2026-01-27 17:00:00,2026-01-27 11:01:00,2026-01-27 16:53:00,completed
1171,1,1,2026-01-28 09:00:00,2026-01-28 17:00:00,2026-01-28 08:58:00,2026-01-28 17:07:00,completed
1172,21,1,2026-01-28 08:00:00,2026-01-28 14:00:00,2026-01-28 08:01:00,2026-01-28 13:56:00,completed
1173,41,1,2026-01-28 16:00:00,2026-01-28 22:00:00,2026-01-28 15:59:00,2026-01-28 21:59:00,completed
1174,50,1,2026-01-28 10:00:00,2026-01-28 16:00:00,2026-01-28 09:59:00,2026-01-28 16:01:00,completed
1175,16,2,2026-01-28 09:00:00,2026-01-28 17:00:00,2026-01-28 08:59:00,2026-01-28 17:04:00,completed
1176,46,2,2026-01-28 08:00:00,2026-01-28 14:00:00,2026-01-28 07:59:00,2026-01-28 13:53:00,completed
1177,24,2,2026-01-28 15:00:00,2026-01-28 21:00:00,2026-01-28 15:00:00,2026-01-28 21:00:00,completed
1178,80,2,2026-01-28 10:00:00,2026-01-28 16:00:00,,,cancelled
1179,62,3,2026-01-28 10:00:00,2026-01-28 18:00:00,2026-01-28 10:02:00,2026-01-28 18:04:00,completed
1180,31,3,2026-01-28 09:00:00,2026-01-28 15:00:00,2026-01-28 09:05:00,2026-01-28 14:56:00,completed
1181,8,3,2026-01-28 15:00:00,2026-01-28 21:00:00,2026-01-28 15:10:00,2026-01-28 20:58:00,completed
1182,78,3,2026-01-28 11:00:00,2026-01-28 17:00:00,2026-01-28 10:59:00,2026-01-28 17:12:00,completed
1183,67,1,2026-01-29 09:00:00,2026-01-29 17:00:00,2026-01-29 09:00:00,2026-01-29 16:59:00,completed
1184,66,1,2026-01-29 08:00:00,2026-01-29 14:00:00,2026-01-29 08:00:00,2026-01-29 14:00:00,completed
1185,72,1,2026-01-29 16:00:00,2026-01-29 22:00:00,2026-01-29 16:02:00,2026-01-29 22:03:00,completed
1186,14,1,2026-01-29 10:00:00,2026-01-29 16:00:00,2026-01-29 10:05:00,2026-01-29 15:53:00,completed
1187,2,2,2026-01-29 09:00:00,2026-01-29 17:00:00,2026-01-29 08:58:00,2026-01-29 16:59:00,completed
1188,39,2,2026-01-29 08:00:00,2026-01-29 14:00:00,2026-01-29 08:01:00,2026-01-29 14:01:00,completed
1189,32,2,2026-01-29 15:00:00,2026-01-29 21:00:00,2026-01-29 14:58:00,2026-01-29 20:52:00,completed
1190,30,2,2026-01-29 10:00:00,2026-01-29 16:00:00,2026-01-29 09:54:00,2026-01-29 15:59:00,completed
1191,4,3,2026-01-29 10:00:00,2026-01-29 18:00:00,2026-01-29 10:01:00,2026-01-29 18:07:00,completed
1192,36,3,2026-01-29 09:00:00,2026-01-29 15:00:00,2026-01-29 09:10:00,2026-01-29 14:56:00,completed
1193,64,3,2026-01-29 15:00:00,2026-01-29 21:00:00,2026-01-29 14:58:00,2026-01-29 20:59:00,completed
1194,71,3,2026-01-29 11:00:00,2026-01-29 17:00:00,2026-01-29 10:54:00,2026-01-29 17:06:00,completed
1195,1,1,2026-01-30 09:00:00,2026-01-30 17:00:00,2026-01-30 08:58:00,2026-01-30 16:59:00,completed
1196,52,1,2026-01-30 08:00:00,2026-01-30 14:00:00,2026-01-30 07:59:00,2026-01-30 13:58:00,completed
1197,33,1,2026-01-30 16:00:00,2026-01-30 22:00:00,2026-01-30 16:03:00,2026-01-30 21:56:00,completed
1198,29,1,2026-01-30 10:00:00,2026-01-30 16:00:00,2026-01-30 09:58:00,2026-01-30 16:00:00,completed
1199,18,1,2026-01-30 12:00:00,2026-01-30 17:00:00,2026-01-30 12:00:00,2026-01-30 17:01:00,completed
1200,2,2,2026-01-30 09:00:00,2026-01-30 17:00:00,2026-01-30 08:58:00,2026-01-30 16:58:00,completed
1201,23,2,2026-01-30 08:00:00,2026-01-30 14:00:00,,,missed
1202,38,2,2026-01-30 15:00:00,2026-01-30 21:00:00,2026-01-30 15:03:00,2026-01-30 21:06:00,completed
1203,37,2,2026-01-30 10:00:00,2026-01-30 16:00:00,2026-01-30 10:03:00,2026-01-30 16:04:00,completed
1204,40,2,2026-01-30 12:00:00,2026-01-30 17:00:00,2026-01-30 12:01:00,2026-01-30 16:58:00,completed
1205,3,3,2026-01-30 10:00:00,2026-01-30 18:00:00,2026-01-30 10:02:00,2026-01-30 18:00:00,completed
1206,28,3,2026-01-30 09:00:00,2026-01-30 15:00:00,2026-01-30 08:58:00,2026-01-30 15:09:00,completed
1207,26,3,2026-01-30 15:00:00,2026-01-30 21:00:00,2026-01-30 14:59:00,2026-01-30 21:01:00,completed
1208,25,3,2026-01-30 11:00:00,2026-01-30 17:00:00,2026-01-30 11:00:00,2026-01-30 16:59:00,completed
1209,35,3,2026-01-30 13:00:00,2026-01-30 18:00:00,2026-01-30 13:18:00,2026-01-30 17:57:00,completed
1210,67,1,2026-01-31 09:00:00,2026-01-31 17:00:00,2026-01-31 08:59:00,2026-01-31 16:55:00,completed
1211,41,1,2026-01-31 08:00:00,2026-01-31 14:00:00,2026-01-31 07:55:00,2026-01-31 13:51:00,completed
1212,12,1,2026-01-31 16:00:00,2026-01-31 22:00:00,2026-01-31 15:59:00,2026-01-31 21:52:00,completed
1213,6,1,2026-01-31 10:00:00,2026-01-31 16:00:00,2026-01-31 09:58:00,2026-01-31 16:01:00,completed
1214,33,1,2026-01-31 12:00:00,2026-01-31 17:00:00,2026-01-31 12:02:00,2026-01-31 16:57:00,completed
1215,63,2,2026-01-31 09:00:00,2026-01-31 17:00:00,2026-01-31 09:01:00,2026-01-31 17:02:00,completed
1216,13,2,2026-01-31 08:00:00,2026-01-31 14:00:00,2026-01-31 07:59:00,2026-01-31 14:04:00,completed
1217,40,2,2026-01-31 15:00:00,2026-01-31 21:00:00,2026-01-31 15:05:00,2026-01-31 21:11:00,completed
1218,37,2,2026-01-31 10:00:00,2026-01-31 16:00:00,2026-01-31 10:01:00,2026-01-31 16:02:00,completed
1219,23,2,2026-01-31 12:00:00,2026-01-31 17:00:00,2026-01-31 12:00:00,2026-01-31 16:50:00,completed
1220,3,3,2026-01-31 10:00:00,2026-01-31 18:00:00,2026-01-31 10:00:00,2026-01-31 18:01:00,completed
1221,44,3,2026-01-31 09:00:00,2026-01-31 15:00:00,2026-01-31 08:58:00,2026-01-31 14:55:00,completed
1222,11,3,2026-01-31 15:00:00,2026-01-31 21:00:00,2026-01-31 15:00:00,2026-01-31 20:57:00,completed
1223,53,3,2026-01-31 11:00:00,2026-01-31 17:00:00,2026-01-31 10:58:00,2026-01-31 17:08:00,completed
1224,69,3,2026-01-31 13:00:00,2026-01-31 18:00:00,2026-01-31 13:00:00,2026-01-31 17:54:00,completed
1225,1,1,2026-02-01 09:00:00,2026-02-01 17:00:00,2026-02-01 08:57:00,2026-02-01 17:02:00,completed
1226,21,1,2026-02-01 08:00:00,2026-02-01 14:00:00,2026-02-01 07:57:00,2026-02-01 14:05:00,completed
1227,17,1,2026-02-01 16:00:00,2026-02-01 22:00:00,2026-02-01 16:01:00,2026-02-01 22:03:00,completed
1228,50,1,2026-02-01 10:00:00,2026-02-01 16:00:00,2026-02-01 10:04:00,2026-02-01 16:00:00,completed
1229,52,1,2026-02-01 12:00:00,2026-02-01 17:00:00,2026-02-01 12:03:00,2026-02-01 16:55:00,completed
1230,68,2,2026-02-01 09:00:00,2026-02-01 17:00:00,2026-02-01 09:04:00,2026-02-01 16:53:00,completed
1231,38,2,2026-02-01 08:00:00,2026-02-01 14:00:00,2026-02-01 08:03:00,2026-02-01 14:06:00,completed
1232,13,2,2026-02-01 15:00:00,2026-02-01 21:00:00,2026-02-01 15:04:00,2026-02-01 20:58:00,completed
1233,51,2,2026-02-01 10:00:00,2026-02-01 16:00:00,2026-02-01 10:00:00,2026-02-01 16:04:00,completed
1234,19,2,2026-02-01 12:00:00,2026-02-01 17:00:00,2026-02-01 11:52:00,2026-02-01 17:05:00,completed
1235,47,3,2026-02-01 10:00:00,2026-02-01 18:00:00,2026-02-01 10:00:00,2026-02-01 17:59:00,completed
1236,77,3,2026-02-01 09:00:00,2026-02-01 15:00:00,2026-02-01 09:14:00,2026-02-01 14:52:00,completed
1237,34,3,2026-02-01 15:00:00,2026-02-01 21:00:00,2026-02-01 14:59:00,2026-02-01 21:06:00,completed
1238,56,3,2026-02-01 11:00:00,2026-02-01 17:00:00,2026-02-01 11:00:00,2026-02-01 16:52:00,completed
1239,35,3,2026-02-01 13:00:00,2026-02-01 18:00:00,2026-02-01 13:01:00,2026-02-01 18:05:00,completed
1240,67,1,2026-02-02 09:00:00,2026-02-02 17:00:00,2026-02-02 09:00:00,2026-02-02 17:04:00,completed
1241,72,1,2026-02-02 08:00:00,2026-02-02 14:00:00,2026-02-02 08:01:00,2026-02-02 14:10:00,completed
1242,66,1,2026-02-02 16:00:00,2026-02-02 22:00:00,2026-02-02 15:57:00,2026-02-02 22:09:00,completed
1243,29,1,2026-02-02 10:00:00,2026-02-02 16:00:00,2026-02-02 10:00:00,2026-02-02 16:05:00,completed
1244,68,2,2026-02-02 09:00:00,2026-02-02 17:00:00,2026-02-02 08:57:00,2026-02-02 17:06:00,completed
1245,24,2,2026-02-02 08:00:00,2026-02-02 14:00:00,2026-02-02 08:02:00,2026-02-02 14:12:00,completed
1246,39,2,2026-02-02 15:00:00,2026-02-02 21:00:00,2026-02-02 14:59:00,2026-02-02 21:04:00,completed
1247,51,2,2026-02-02 10:00:00,2026-02-02 16:00:00,2026-02-02 10:01:00,2026-02-02 15:55:00,completed
1248,58,3,2026-02-02 10:00:00,2026-02-02 18:00:00,,,cancelled
1249,31,3,2026-02-02 09:00:00,2026-02-02 15:00:00,2026-02-02 08:59:00,2026-02-02 15:03:00,completed
1250,75,3,2026-02-02 15:00:00,2026-02-02 21:00:00,2026-02-02 15:03:00,2026-02-02 20:58:00,completed
1251,22,3,2026-02-02 11:00:00,2026-02-02 17:00:00,2026-02-02 11:01:00,2026-02-02 16:53:00,completed
1252,1,1,2026-02-03 09:00:00,2026-02-03 17:00:00,2026-02-03 09:02:00,2026-02-03 17:04:00,completed
1253,43,1,2026-02-03 08:00:00,2026-02-03 14:00:00,2026-02-03 08:02:00,2026-02-03 14:02:00,completed
1254,17,1,2026-02-03 16:00:00,2026-02-03 22:00:00,2026-02-03 15:56:00,2026-02-03 22:05:00,completed
1255,14,1,2026-02-03 10:00:00,2026-02-03 16:00:00,2026-02-03 09:58:00,2026-02-03 15:57:00,completed
1256,16,2,2026-02-03 09:00:00,2026-02-03 17:00:00,2026-02-03 08:58:00,2026-02-03 17:03:00,completed
1257,32,2,2026-02-03 08:00:00,2026-02-03 14:00:00,2026-02-03 08:00:00,2026-02-03 14:00:00,completed
1258,55,2,2026-02-03 15:00:00,2026-02-03 21:00:00,2026-02-03 15:04:00,2026-02-03 21:02:00,completed
1259,80,2,2026-02-03 10:00:00,2026-02-03 16:00:00,2026-02-03 10:00:00,2026-02-03 15:55:00,completed
1260,47,3,2026-02-03 10:00:00,2026-02-03 18:00:00,,,cancelled
1261,64,3,2026-02-03 09:00:00,2026-02-03 15:00:00,2026-02-03 08:56:00,2026-02-03 15:01:00,completed
1262,5,3,2026-02-03 15:00:00,2026-02-03 21:00:00,2026-02-03 14:57:00,2026-02-03 20:53:00,completed
1263,70,3,2026-02-03 11:00:00,2026-02-03 17:00:00,2026-02-03 11:05:00,2026-02-03 17:00:00,completed
1264,1,1,2026-02-04 09:00:00,2026-02-04 17:00:00,2026-02-04 08:55:00,2026-02-04 16:53:00,completed
1265,18,1,2026-02-04 08:00:00,2026-02-04 14:00:00,2026-02-04 08:03:00,2026-02-04 14:02:00,completed
1266,33,1,2026-02-04 16:00:00,2026-02-04 22:00:00,,,cancelled
1267,6,1,2026-02-04 10:00:00,2026-02-04 16:00:00,2026-02-04 09:59:00,2026-02-04 15:54:00,completed
1268,63,2,2026-02-04 09:00:00,2026-02-04 17:00:00,,,missed
1269,46,2,2026-02-04 08:00:00,2026-02-04 14:00:00,2026-02-04 08:03:00,2026-02-04 14:01:00,completed
1270,60,2,2026-02-04 15:00:00,2026-02-04 21:00:00,2026-02-04 14:58:00,2026-02-04 21:09:00,completed
1271,45,2,2026-02-04 10:00:00,2026-02-04 16:00:00,2026-02-04 10:03:00,2026-02-04 15:57:00,completed
1272,4,3,2026-02-04 10:00:00,2026-02-04 18:00:00,2026-02-04 10:01:00,2026-02-04 17:55:00,completed
1273,26,3,2026-02-04 09:00:00,2026-02-04 15:00:00,2026-02-04 09:02:00,2026-02-04 15:02:00,completed
1274,20,3,2026-02-04 15:00:00,2026-02-04 21:00:00,2026-02-04 14:55:00,2026-02-04 20:52:00,completed
1275,15,3,2026-02-04 11:00:00,2026-02-04 17:00:00,2026-02-04 11:03:00,2026-02-04 17:12:00,completed
1276,67,1,2026-02-05 09:00:00,2026-02-05 17:00:00,,,cancelled
1277,21,1,2026-02-05 08:00:00,2026-02-05 14:00:00,2026-02-05 08:02:00,2026-02-05 14:04:00,completed
1278,12,1,2026-02-05 16:00:00,2026-02-05 22:00:00,2026-02-05 16:03:00,2026-02-05 22:03:00,completed
1279,50,1,2026-02-05 10:00:00,2026-02-05 16:00:00,2026-02-05 10:05:00,2026-02-05 16:08:00,completed
1280,2,2,2026-02-05 09:00:00,2026-02-05 17:00:00,2026-02-05 09:00:00,2026-02-05 16:48:00,completed
1281,7,2,2026-02-05 08:00:00,2026-02-05 14:00:00,2026-02-05 08:02:00,2026-02-05 13:48:00,completed
1282,19,2,2026-02-05 15:00:00,2026-02-05 21:00:00,2026-02-05 15:00:00,2026-02-05 21:03:00,completed
1283,30,2,2026-02-05 10:00:00,2026-02-05 16:00:00,2026-02-05 10:03:00,2026-02-05 16:02:00,completed
1284,62,3,2026-02-05 10:00:00,2026-02-05 18:00:00,2026-02-05 09:57:00,2026-02-05 17:58:00,completed
1285,36,3,2026-02-05 09:00:00,2026-02-05 15:00:00,2026-02-05 09:00:00,2026-02-05 15:04:00,completed
1286,28,3,2026-02-05 15:00:00,2026-02-05 21:00:00,2026-02-05 14:58:00,2026-02-05 20:51:00,completed
1287,53,3,2026-02-05 11:00:00,2026-02-05 17:00:00,2026-02-05 10:57:00,2026-02-05 16:54:00,completed
1288,1,1,2026-02-06 09:00:00,2026-02-06 17:00:00,2026-02-06 09:02:00,2026-02-06 17:01:00,completed
1289,41,1,2026-02-06 08:00:00,2026-02-06 14:00:00,2026-02-06 07:57:00,2026-02-06 14:01:00,completed
1290,52,1,2026-02-06 16:00:00,2026-02-06 22:00:00,2026-02-06 15:57:00,2026-02-06 21:48:00,completed
1291,29,1,2026-02-06 10:00:00,2026-02-06 16:00:00,2026-02-06 09:58:00,2026-02-06 15:56:00,completed
1292,72,1,2026-02-06 12:00:00,2026-02-06 17:00:00,2026-02-06 12:14:00,2026-02-06 17:03:00,completed
1293,2,2,2026-02-06 09:00:00,2026-02-06 17:00:00,2026-02-06 08:56:00,2026-02-06 17:00:00,completed
1294,23,2,2026-02-06 08:00:00,2026-02-06 14:00:00,2026-02-06 08:02:00,2026-02-06 14:02:00,completed
1295,13,2,2026-02-06 15:00:00,2026-02-06 21:00:00,2026-02-06 14:59:00,2026-02-06 21:05:00,completed
1296,37,2,2026-02-06 10:00:00,2026-02-06 16:00:00,2026-02-06 09:56:00,2026-02-06 16:04:00,completed
1297,40,2,2026-02-06 12:00:00,2026-02-06 17:00:00,2026-02-06 11:57:00,2026-02-06 17:03:00,completed
1298,3,3,2026-02-06 10:00:00,2026-02-06 18:00:00,2026-02-06 10:13:00,2026-02-06 18:07:00,completed
1299,54,3,2026-02-06 09:00:00,2026-02-06 15:00:00,2026-02-06 08:56:00,2026-02-06 15:00:00,completed
1300,8,3,2026-02-06 15:00:00,2026-02-06 21:00:00,2026-02-06 15:02:00,2026-02-06 20:57:00,completed
1301,25,3,2026-02-06 11:00:00,2026-02-06 17:00:00,2026-02-06 10:58:00,2026-02-06 17:03:00,completed
1302,35,3,2026-02-06 13:00:00,2026-02-06 18:00:00,,,cancelled
1303,67,1,2026-02-07 09:00:00,2026-02-07 17:00:00,2026-02-07 09:02:00,2026-02-07 17:05:00,completed
1304,66,1,2026-02-07 08:00:00,2026-02-07 14:00:00,2026-02-07 08:01:00,2026-02-07 14:02:00,completed
1305,43,1,2026-02-07 16:00:00,2026-02-07 22:00:00,,,cancelled
1306,14,1,2026-02-07 10:00:00,2026-02-07 16:00:00,2026-02-07 09:59:00,2026-02-07 15:55:00,completed
1307,17,1,2026-02-07 12:00:00,2026-02-07 17:00:00,2026-02-07 12:03:00,2026-02-07 17:02:00,completed
1308,68,2,2026-02-07 09:00:00,2026-02-07 17:00:00,2026-02-07 08:58:00,2026-02-07 17:04:00,completed
1309,38,2,2026-02-07 08:00:00,2026-02-07 14:00:00,2026-02-07 08:00:00,2026-02-07 14:02:00,completed
1310,40,2,2026-02-07 15:00:00,2026-02-07 21:00:00,2026-02-07 14:59:00,2026-02-07 20:55:00,completed
1311,37,2,2026-02-07 10:00:00,2026-02-07 16:00:00,2026-02-07 10:07:00,2026-02-07 15:59:00,completed
1312,23,2,2026-02-07 12:00:00,2026-02-07 17:00:00,2026-02-07 12:00:00,2026-02-07 17:11:00,completed
1313,3,3,2026-02-07 10:00:00,2026-02-07 18:00:00,2026-02-07 10:01:00,2026-02-07 17:49:00,completed
1314,69,3,2026-02-07 09:00:00,2026-02-07 15:00:00,2026-02-07 09:00:00,2026-02-07 15:08:00,completed
1315,77,3,2026-02-07 15:00:00,2026-02-07 21:00:00,2026-02-07 15:03:00,2026-02-07 21:06:00,completed
1316,78,3,2026-02-07 11:00:00,2026-02-07 17:00:00,2026-02-07 10:56:00,2026-02-07 16:58:00,completed
1317,44,3,2026-02-07 13:00:00,2026-02-07 18:00:00,2026-02-07 13:00:00,2026-02-07 18:00:00,completed
1318,1,1,2026-02-08 09:00:00,2026-02-08 17:00:00,2026-02-08 09:00:00,2026-02-08 16:58:00,completed
1319,12,1,2026-02-08 08:00:00,2026-02-08 14:00:00,2026-02-08 07:59:00,2026-02-08 14:04:00,completed
1320,52,1,2026-02-08 16:00:00,2026-02-08 22:00:00,2026-02-08 16:00:00,2026-02-08 21:58:00,completed
1321,6,1,2026-02-08 10:00:00,2026-02-08 16:00:00,2026-02-08 10:00:00,2026-02-08 16:03:00,completed
1322,41,1,2026-02-08 12:00:00,2026-02-08 17:00:00,,,cancelled
1323,16,2,2026-02-08 09:00:00,2026-02-08 17:00:00,2026-02-08 09:05:00,2026-02-08 17:03:00,completed
1324,38,2,2026-02-08 08:00:00,2026-02-08 14:00:00,2026-02-08 07:55:00,2026-02-08 14:01:00,completed
1325,13,2,2026-02-08 15:00:00,2026-02-08 21:00:00,2026-02-08 15:01:00,2026-02-08 21:13:00,completed
1326,51,2,2026-02-08 10:00:00,2026-02-08 16:00:00,2026-02-08 10:02:00,2026-02-08 16:13:00,completed
1327,19,2,2026-02-08 12:00:00,2026-02-08 17:00:00,2026-02-08 12:04:00,2026-02-08 16:59:00,completed
1328,58,3,2026-02-08 10:00:00,2026-02-08 18:00:00,2026-02-08 09:55:00,2026-02-08 17:54:00,completed
1329,11,3,2026-02-08 09:00:00,2026-02-08 15:00:00,2026-02-08 09:00:00,2026-02-08 15:01:00,completed
1330,34,3,2026-02-08 15:00:00,2026-02-08 21:00:00,2026-02-08 15:02:00,2026-02-08 21:00:00,completed
1331,71,3,2026-02-08 11:00:00,2026-02-08 17:00:00,2026-02-08 11:07:00,2026-02-08 17:00:00,completed
1332,44,3,2026-02-08 13:00:00,2026-02-08 18:00:00,2026-02-08 13:00:00,2026-02-08 18:05:00,completed
1333,1,1,2026-02-09 09:00:00,2026-02-09 17:00:00,2026-02-09 08:58:00,2026-02-09 16:59:00,completed
1334,66,1,2026-02-09 08:00:00,2026-02-09 14:00:00,2026-02-09 07:56:00,2026-02-09 13:59:00,completed
1335,43,1,2026-02-09 16:00:00,2026-02-09 22:00:00,2026-02-09 16:03:00,2026-02-09 22:01:00,completed
1336,29,1,2026-02-09 10:00:00,2026-02-09 16:00:00,2026-02-09 09:57:00,2026-02-09 16:05:00,completed
1337,63,2,2026-02-09 09:00:00,2026-02-09 17:00:00,2026-02-09 08:56:00,2026-02-09 16:57:00,completed
1338,55,2,2026-02-09 08:00:00,2026-02-09 14:00:00,2026-02-09 08:05:00,2026-02-09 14:07:00,completed
1339,7,2,2026-02-09 15:00:00,2026-02-09 21:00:00,2026-02-09 14:59:00,2026-02-09 21:00:00,completed
1340,51,2,2026-02-09 10:00:00,2026-02-09 16:00:00,2026-02-09 10:01:00,2026-02-09 15:58:00,completed
1341,58,3,2026-02-09 10:00:00,2026-02-09 18:00:00,2026-02-09 09:57:00,2026-02-09 18:04:00,completed
1342,28,3,2026-02-09 09:00:00,2026-02-09 15:00:00,2026-02-09 09:01:00,2026-02-09 14:53:00,completed
1343,54,3,2026-02-09 15:00:00,2026-02-09 21:00:00,2026-02-09 15:01:00,2026-02-09 20:59:00,completed
1344,15,3,2026-02-09 11:00:00,2026-02-09 17:00:00,2026-02-09 11:07:00,2026-02-09 16:50:00,completed
1345,1,1,2026-02-10 09:00:00,2026-02-10 17:00:00,2026-02-10 08:57:00,2026-02-10 16:58:00,completed
1346,33,1,2026-02-10 08:00:00,2026-02-10 14:00:00,2026-02-10 08:01:00,2026-02-10 13:54:00,completed
1347,18,1,2026-02-10 16:00:00,2026-02-10 22:00:00,2026-02-10 16:00:00,2026-02-10 21:54:00,completed
1348,6,1,2026-02-10 10:00:00,2026-02-10 16:00:00,2026-02-10 09:57:00,2026-02-10 16:00:00,completed
1349,16,2,2026-02-10 09:00:00,2026-02-10 17:00:00,2026-02-10 08:58:00,2026-02-10 17:00:00,completed
1350,60,2,2026-02-10 08:00:00,2026-02-10 14:00:00,,,cancelled
1351,46,2,2026-02-10 15:00:00,2026-02-10 21:00:00,2026-02-10 15:16:00,2026-02-10 20:56:00,completed
1352,80,2,2026-02-10 10:00:00,2026-02-10 16:00:00,2026-02-10 09:59:00,2026-02-10 16:01:00,completed
1353,47,3,2026-02-10 10:00:00,2026-02-10 18:00:00,,,cancelled
1354,64,3,2026-02-10 09:00:00,2026-02-10 15:00:00,2026-02-10 08:57:00,2026-02-10 15:02:00,completed
1355,26,3,2026-02-10 15:00:00,2026-02-10 21:00:00,2026-02-10 15:00:00,2026-02-10 20:59:00,completed
1356,70,3,2026-02-10 11:00:00,2026-02-10 17:00:00,2026-02-10 10:59:00,2026-02-10 17:01:00,completed
1357,1,1,2026-02-11 09:00:00,2026-02-11 17:00:00,2026-02-11 09:00:00,2026-02-11 17:03:00,completed
1358,21,1,2026-02-11 08:00:00,2026-02-11 14:00:00,2026-02-11 08:02:00,2026-02-11 14:09:00,completed
1359,72,1,2026-02-11 16:00:00,2026-02-11 22:00:00,2026-02-11 16:10:00,2026-02-11 21:53:00,completed
1360,50,1,2026-02-11 10:00:00,2026-02-11 16:00:00,2026-02-11 10:00:00,2026-02-11 16:04:00,completed
1361,68,2,2026-02-11 09:00:00,2026-02-11 17:00:00,2026-02-11 08:57:00,2026-02-11 17:04:00,completed
1362,24,2,2026-02-11 08:00:00,2026-02-11 14:00:00,2026-02-11 08:02:00,2026-02-11 13:58:00,completed
1363,32,2,2026-02-11 15:00:00,2026-02-11 21:00:00,2026-02-11 14:57:00,2026-02-11 20:57:00,completed
1364,30,2,2026-02-11 10:00:00,2026-02-11 16:00:00,2026-02-11 09:58:00,2026-02-11 15:51:00,completed
1365,4,3,2026-02-11 10:00:00,2026-02-11 18:00:00,2026-02-11 09:59:00,2026-02-11 17:54:00,completed
1366,36,3,2026-02-11 09:00:00,2026-02-11 15:00:00,2026-02-11 08:59:00,2026-02-11 15:03:00,completed
1367,75,3,2026-02-11 15:00:00,2026-02-11 21:00:00,2026-02-11 14:59:00,2026-02-11 20:57:00,completed
1368,22,3,2026-02-11 11:00:00,2026-02-11 17:00:00,2026-02-11 11:03:00,2026-02-11 16:55:00,completed
1369,67,1,2026-02-12 09:00:00,2026-02-12 17:00:00,2026-02-12 08:58:00,2026-02-12 17:02:00,completed
1370,52,1,2026-02-12 08:00:00,2026-02-12 14:00:00,2026-02-12 08:01:00,2026-02-12 14:06:00,completed
1371,17,1,2026-02-12 16:00:00,2026-02-12 22:00:00,2026-02-12 15:58:00,2026-02-12 22:08:00,completed
1372,14,1,2026-02-12 10:00:00,2026-02-12 16:00:00,2026-02-12 09:59:00,2026-02-12 15:53:00,completed
1373,2,2,2026-02-12 09:00:00,2026-02-12 17:00:00,2026-02-12 09:02:00,2026-02-12 16:53:00,completed
1374,39,2,2026-02-12 08:00:00,2026-02-12 14:00:00,2026-02-12 07:58:00,2026-02-12 14:03:00,completed
1375,19,2,2026-02-12 15:00:00,2026-02-12 21:00:00,2026-02-12 15:05:00,2026-02-12 20:57:00,completed
1376,45,2,2026-02-12 10:00:00,2026-02-12 16:00:00,2026-02-12 10:05:00,2026-02-12 16:07:00,completed
1377,62,3,2026-02-12 10:00:00,2026-02-12 18:00:00,,,cancelled
1378,20,3,2026-02-12 09:00:00,2026-02-12 15:00:00,2026-02-12 09:02:00,2026-02-12 15:07:00,completed
1379,8,3,2026-02-12 15:00:00,2026-02-12 21:00:00,2026-02-12 14:57:00,2026-02-12 21:00:00,completed
1380,56,3,2026-02-12 11:00:00,2026-02-12 17:00:00,2026-02-12 11:02:00,2026-02-12 16:54:00,completed
1381,67,1,2026-02-13 09:00:00,2026-02-13 17:00:00,2026-02-13 09:04:00,2026-02-13 16:51:00,completed
1382,12,1,2026-02-13 08:00:00,2026-02-13 14:00:00,2026-02-13 07:56:00,2026-02-13 13:57:00,completed
1383,41,1,2026-02-13 16:00:00,2026-02-13 22:00:00,2026-02-13 16:02:00,2026-02-13 22:00:00,completed
1384,29,1,2026-02-13 10:00:00,2026-02-13 16:00:00,2026-02-13 10:02:00,2026-02-13 16:00:00,completed
1385,33,1,2026-02-13 12:00:00,2026-02-13 17:00:00,2026-02-13 12:00:00,2026-02-13 17:12:00,completed
1386,2,2,2026-02-13 09:00:00,2026-02-13 17:00:00,2026-02-13 08:58:00,2026-02-13 16:58:00,completed
1387,23,2,2026-02-13 08:00:00,2026-02-13 14:00:00,2026-02-13 08:05:00,2026-02-13 13:54:00,completed
1388,13,2,2026-02-13 15:00:00,2026-02-13 21:00:00,2026-02-13 14:59:00,2026-02-13 21:05:00,completed
1389,37,2,2026-02-13 10:00:00,2026-02-13 16:00:00,2026-02-13 09:59:00,2026-02-13 16:02:00,completed
1390,38,2,2026-02-13 12:00:00,2026-02-13 17:00:00,2026-02-13 12:02:00,2026-02-13 16:59:00,completed
1391,3,3,2026-02-13 10:00:00,2026-02-13 18:00:00,2026-02-13 10:01:00,2026-02-13 17:58:00,completed
1392,5,3,2026-02-13 09:00:00,2026-02-13 15:00:00,2026-02-13 08:55:00,2026-02-13 14:58:00,completed
1393,31,3,2026-02-13 15:00:00,2026-02-13 21:00:00,2026-02-13 14:58:00,2026-02-13 21:02:00,completed
1394,71,3,2026-02-13 11:00:00,2026-02-13 17:00:00,2026-02-13 11:13:00,2026-02-13 17:02:00,completed
1395,69,3,2026-02-13 13:00:00,2026-02-13 18:00:00,2026-02-13 13:00:00,2026-02-13 18:07:00,completed
1396,67,1,2026-02-14 09:00:00,2026-02-14 17:00:00,2026-02-14 09:02:00,2026-02-14 17:03:00,completed
1397,72,1,2026-02-14 08:00:00,2026-02-14 14:00:00,2026-02-14 07:56:00,2026-02-14 14:07:00,completed
1398,66,1,2026-02-14 16:00:00,2026-02-14 22:00:00,2026-02-14 15:59:00,2026-02-14 22:01:00,completed
1399,14,1,2026-02-14 10:00:00,2026-02-14 16:00:00,2026-02-14 09:56:00,2026-02-14 16:06:00,completed
1400,43,1,2026-02-14 12:00:00,2026-02-14 17:00:00,2026-02-14 12:03:00,2026-02-14 17:00:00,completed
1401,63,2,2026-02-14 09:00:00,2026-02-14 17:00:00,2026-02-14 09:10:00,2026-02-14 16:52:00,completed
1402,40,2,2026-02-14 08:00:00,2026-02-14 14:00:00,2026-02-14 08:00:00,2026-02-14 13:58:00,completed
1403,38,2,2026-02-14 15:00:00,2026-02-14 21:00:00,2026-02-14 15:00:00,2026-02-14 21:02:00,completed
1404,37,2,2026-02-14 10:00:00,2026-02-14 16:00:00,2026-02-14 09:57:00,2026-02-14 16:11:00,completed
1405,23,2,2026-02-14 12:00:00,2026-02-14 17:00:00,2026-02-14 12:01:00,2026-02-14 17:08:00,completed
1406,3,3,2026-02-14 10:00:00,2026-02-14 18:00:00,2026-02-14 10:01:00,2026-02-14 18:00:00,completed
1407,11,3,2026-02-14 09:00:00,2026-02-14 15:00:00,2026-02-14 08:58:00,2026-02-14 14:59:00,completed
1408,35,3,2026-02-14 15:00:00,2026-02-14 21:00:00,2026-02-14 15:03:00,2026-02-14 21:00:00,completed
1409,78,3,2026-02-14 11:00:00,2026-02-14 17:00:00,2026-02-14 10:58:00,2026-02-14 16:57:00,completed
1410,77,3,2026-02-14 13:00:00,2026-02-14 18:00:00,2026-02-14 12:54:00,2026-02-14 18:09:00,completed
1411,1,1,2026-02-15 09:00:00,2026-02-15 17:00:00,2026-02-15 09:03:00,2026-02-15 17:09:00,completed
1412,18,1,2026-02-15 08:00:00,2026-02-15 14:00:00,2026-02-15 07:57:00,2026-02-15 14:01:00,completed
1413,21,1,2026-02-15 16:00:00,2026-02-15 22:00:00,2026-02-15 16:10:00,2026-02-15 21:58:00,completed
1414,50,1,2026-02-15 10:00:00,2026-02-15 16:00:00,2026-02-15 10:06:00,2026-02-15 16:09:00,completed
1415,52,1,2026-02-15 12:00:00,2026-02-15 17:00:00,2026-02-15 11:58:00,2026-02-15 16:58:00,completed
1416,16,2,2026-02-15 09:00:00,2026-02-15 17:00:00,2026-02-15 09:02:00,2026-02-15 16:50:00,completed
1417,13,2,2026-02-15 08:00:00,2026-02-15 14:00:00,2026-02-15 08:00:00,2026-02-15 13:58:00,completed
1418,40,2,2026-02-15 15:00:00,2026-02-15 21:00:00,2026-02-15 14:58:00,2026-02-15 21:00:00,completed
1419,51,2,2026-02-15 10:00:00,2026-02-15 16:00:00,,,cancelled
1420,24,2,2026-02-15 12:00:00,2026-02-15 17:00:00,2026-02-15 11:57:00,2026-02-15 16:59:00,completed
1421,62,3,2026-02-15 10:00:00,2026-02-15 18:00:00,2026-02-15 09:59:00,2026-02-15 18:06:00,completed
1422,44,3,2026-02-15 09:00:00,2026-02-15 15:00:00,2026-02-15 09:03:00,2026-02-15 14:58:00,completed
1423,34,3,2026-02-15 15:00:00,2026-02-15 21:00:00,2026-02-15 15:00:00,2026-02-15 21:10:00,completed
1424,53,3,2026-02-15 11:00:00,2026-02-15 17:00:00,2026-02-15 11:17:00,2026-02-15 16:50:00,completed
1425,77,3,2026-02-15 13:00:00,2026-02-15 18:00:00,2026-02-15 13:00:00,2026-02-15 17:57:00,completed
1426,67,1,2026-02-16 09:00:00,2026-02-16 17:00:00,2026-02-16 08:57:00,2026-02-16 16:58:00,completed
1427,43,1,2026-02-16 08:00:00,2026-02-16 14:00:00,2026-02-16 07:58:00,2026-02-16 13:53:00,completed
1428,72,1,2026-02-16 16:00:00,2026-02-16 22:00:00,2026-02-16 15:56:00,2026-02-16 22:05:00,completed
1429,29,1,2026-02-16 10:00:00,2026-02-16 16:00:00,2026-02-16 10:00:00,2026-02-16 15:54:00,completed
1430,63,2,2026-02-16 09:00:00,2026-02-16 17:00:00,2026-02-16 09:04:00,2026-02-16 16:56:00,completed
1431,7,2,2026-02-16 08:00:00,2026-02-16 14:00:00,2026-02-16 07:57:00,2026-02-16 13:57:00,completed
1432,46,2,2026-02-16 15:00:00,2026-02-16 21:00:00,2026-02-16 15:01:00,2026-02-16 21:00:00,completed
1433,51,2,2026-02-16 10:00:00,2026-02-16 16:00:00,2026-02-16 10:05:00,2026-02-16 16:02:00,completed
1434,4,3,2026-02-16 10:00:00,2026-02-16 18:00:00,2026-02-16 10:03:00,2026-02-16 17:50:00,completed
1435,20,3,2026-02-16 09:00:00,2026-02-16 15:00:00,2026-02-16 08:58:00,2026-02-16 14:55:00,completed
1436,26,3,2026-02-16 15:00:00,2026-02-16 21:00:00,,,missed
1437,15,3,2026-02-16 11:00:00,2026-02-16 17:00:00,2026-02-16 11:18:00,2026-02-16 16:59:00,completed
1438,1,1,2026-02-17 09:00:00,2026-02-17 17:00:00,2026-02-17 08:58:00,2026-02-17 16:58:00,completed
1439,21,1,2026-02-17 08:00:00,2026-02-17 14:00:00,2026-02-17 07:59:00,2026-02-17 14:12:00,completed
1440,18,1,2026-02-17 16:00:00,2026-02-17 22:00:00,2026-02-17 16:00:00,2026-02-17 22:05:00,completed
1441,6,1,2026-02-17 10:00:00,2026-02-17 16:00:00,2026-02-17 09:58:00,2026-02-17 15:55:00,completed
1442,68,2,2026-02-17 09:00:00,2026-02-17 17:00:00,2026-02-17 09:00:00,2026-02-17 17:02:00,completed
1443,39,2,2026-02-17 08:00:00,2026-02-17 14:00:00,2026-02-17 07:56:00,2026-02-17 13:53:00,completed
1444,60,2,2026-02-17 15:00:00,2026-02-17 21:00:00,2026-02-17 14:59:00,2026-02-17 21:03:00,completed
1445,80,2,2026-02-17 10:00:00,2026-02-17 16:00:00,2026-02-17 10:04:00,2026-02-17 16:12:00,completed
1446,47,3,2026-02-17 10:00:00,2026-02-17 18:00:00,2026-02-17 10:02:00,2026-02-17 17:56:00,completed
1447,64,3,2026-02-17 09:00:00,2026-02-17 15:00:00,2026-02-17 08:58:00,2026-02-17 15:11:00,completed
1448,8,3,2026-02-17 15:00:00,2026-02-17 21:00:00,2026-02-17 15:03:00,2026-02-17 21:02:00,completed
1449,70,3,2026-02-17 11:00:00,2026-02-17 17:00:00,2026-02-17 10:59:00,2026-02-17 17:11:00,completed
1450,1,1,2026-02-18 09:00:00,2026-02-18 17:00:00,2026-02-18 08:51:00,2026-02-18 17:01:00,completed
1451,12,1,2026-02-18 08:00:00,2026-02-18 14:00:00,2026-02-18 08:00:00,2026-02-18 14:11:00,completed
1452,41,1,2026-02-18 16:00:00,2026-02-18 22:00:00,2026-02-18 16:02:00,2026-02-18 22:05:00,completed
1453,50,1,2026-02-18 10:00:00,2026-02-18 16:00:00,2026-02-18 09:58:00,2026-02-18 16:03:00,completed
1454,16,2,2026-02-18 09:00:00,2026-02-18 17:00:00,2026-02-18 08:55:00,2026-02-18 16:54:00,completed
1455,32,2,2026-02-18 08:00:00,2026-02-18 14:00:00,2026-02-18 08:00:00,2026-02-18 14:08:00,completed
1456,55,2,2026-02-18 15:00:00,2026-02-18 21:00:00,2026-02-18 15:03:00,2026-02-18 20:54:00,completed
1457,45,2,2026-02-18 10:00:00,2026-02-18 16:00:00,2026-02-18 10:03:00,2026-02-18 16:04:00,completed
1458,58,3,2026-02-18 10:00:00,2026-02-18 18:00:00,2026-02-18 10:04:00,2026-02-18 18:04:00,completed
1459,75,3,2026-02-18 09:00:00,2026-02-18 15:00:00,2026-02-18 09:04:00,2026-02-18 14:57:00,completed
1460,31,3,2026-02-18 15:00:00,2026-02-18 21:00:00,2026-02-18 15:00:00,2026-02-18 20:59:00,completed
1461,56,3,2026-02-18 11:00:00,2026-02-18 17:00:00,2026-02-18 10:56:00,2026-02-18 17:08:00,completed
1462,67,1,2026-02-19 09:00:00,2026-02-19 17:00:00,2026-02-19 09:01:00,2026-02-19 16:55:00,completed
1463,66,1,2026-02-19 08:00:00,2026-02-19 14:00:00,2026-02-19 08:02:00,2026-02-19 14:04:00,completed
1464,17,1,2026-02-19 16:00:00,2026-02-19 22:00:00,2026-02-19 15:58:00,2026-02-19 21:51:00,completed
1465,14,1,2026-02-19 10:00:00,2026-02-19 16:00:00,2026-02-19 09:59:00,2026-02-19 15:54:00,completed
1466,2,2,2026-02-19 09:00:00,2026-02-19 17:00:00,2026-02-19 08:58:00,2026-02-19 16:48:00,completed
1467,19,2,2026-02-19 08:00:00,2026-02-19 14:00:00,2026-02-19 08:00:00,2026-02-19 14:00:00,completed
1468,24,2,2026-02-19 15:00:00,2026-02-19 21:00:00,2026-02-19 14:58:00,2026-02-19 21:01:00,completed
1469,30,2,2026-02-19 10:00:00,2026-02-19 16:00:00,2026-02-19 10:01:00,2026-02-19 16:02:00,completed
1470,62,3,2026-02-19 10:00:00,2026-02-19 18:00:00,2026-02-19 10:01:00,2026-02-19 18:04:00,completed
1471,36,3,2026-02-19 09:00:00,2026-02-19 15:00:00,2026-02-19 08:53:00,2026-02-19 14:59:00,completed
1472,54,3,2026-02-19 15:00:00,2026-02-19 21:00:00,,,cancelled
1473,22,3,2026-02-19 11:00:00,2026-02-19 17:00:00,2026-02-19 10:58:00,2026-02-19 17:03:00,completed
1474,1,1,2026-02-20 09:00:00,2026-02-20 17:00:00,2026-02-20 09:00:00,2026-02-20 17:07:00,completed
1475,33,1,2026-02-20 08:00:00,2026-02-20 14:00:00,2026-02-20 08:05:00,2026-02-20 14:00:00,completed
1476,52,1,2026-02-20 16:00:00,2026-02-20 22:00:00,2026-02-20 16:02:00,2026-02-20 22:07:00,completed
1477,29,1,2026-02-20 10:00:00,2026-02-20 16:00:00,2026-02-20 10:01:00,2026-02-20 16:01:00,completed
1478,43,1,2026-02-20 12:00:00,2026-02-20 17:00:00,2026-02-20 12:00:00,2026-02-20 16:59:00,completed
1479,2,2,2026-02-20 09:00:00,2026-02-20 17:00:00,2026-02-20 08:59:00,2026-02-20 17:02:00,completed
1480,23,2,2026-02-20 08:00:00,2026-02-20 14:00:00,2026-02-20 08:00:00,2026-02-20 14:05:00,completed
1481,38,2,2026-02-20 15:00:00,2026-02-20 21:00:00,2026-02-20 14:57:00,2026-02-20 21:03:00,completed
1482,37,2,2026-02-20 10:00:00,2026-02-20 16:00:00,2026-02-20 10:02:00,2026-02-20 16:01:00,completed
1483,40,2,2026-02-20 12:00:00,2026-02-20 17:00:00,2026-02-20 12:01:00,2026-02-20 16:55:00,completed
1484,3,3,2026-02-20 10:00:00,2026-02-20 18:00:00,2026-02-20 09:56:00,2026-02-20 17:54:00,completed
1485,28,3,2026-02-20 09:00:00,2026-02-20 15:00:00,2026-02-20 08:56:00,2026-02-20 15:03:00,completed
1486,5,3,2026-02-20 15:00:00,2026-02-20 21:00:00,2026-02-20 15:00:00,2026-02-20 20:55:00,completed
1487,25,3,2026-02-20 11:00:00,2026-02-20 17:00:00,2026-02-20 11:01:00,2026-02-20 17:06:00,completed
1488,35,3,2026-02-20 13:00:00,2026-02-20 18:00:00,2026-02-20 13:02:00,2026-02-20 18:05:00,completed
1489,67,1,2026-02-21 09:00:00,2026-02-21 17:00:00,2026-02-21 09:04:00,2026-02-21 16:53:00,completed
1490,21,1,2026-02-21 08:00:00,2026-02-21 14:00:00,2026-02-21 07:58:00,2026-02-21 14:04:00,completed
1491,41,1,2026-02-21 16:00:00,2026-02-21 22:00:00,2026-02-21 16:03:00,2026-02-21 22:03:00,completed
1492,6,1,2026-02-21 10:00:00,2026-02-21 16:00:00,2026-02-21 09:59:00,2026-02-21 15:55:00,completed
1493,66,1,2026-02-21 12:00:00,2026-02-21 17:00:00,2026-02-21 11:58:00,2026-02-21 17:02:00,completed
1494,63,2,2026-02-21 09:00:00,2026-02-21 17:00:00,2026-02-21 09:06:00,2026-02-21 16:58:00,completed
1495,13,2,2026-02-21 08:00:00,2026-02-21 14:00:00,2026-02-21 08:01:00,2026-02-21 14:03:00,completed
1496,40,2,2026-02-21 15:00:00,2026-02-21 21:00:00,2026-02-21 14:58:00,2026-02-21 21:02:00,completed
1497,37,2,2026-02-21 10:00:00,2026-02-21 16:00:00,2026-02-21 10:04:00,2026-02-21 16:05:00,completed
1498,23,2,2026-02-21 12:00:00,2026-02-21 17:00:00,2026-02-21 12:00:00,2026-02-21 17:04:00,completed
1499,3,3,2026-02-21 10:00:00,2026-02-21 18:00:00,2026-02-21 10:02:00,2026-02-21 17:58:00,completed
1500,69,3,2026-02-21 09:00:00,2026-02-21 15:00:00,2026-02-21 08:56:00,2026-02-21 14:48:00,completed
1501,11,3,2026-02-21 15:00:00,2026-02-21 21:00:00,2026-02-21 15:00:00,2026-02-21 21:02:00,completed
1502,78,3,2026-02-21 11:00:00,2026-02-21 17:00:00,2026-02-21 11:01:00,2026-02-21 16:56:00,completed
1503,77,3,2026-02-21 13:00:00,2026-02-21 18:00:00,2026-02-21 12:58:00,2026-02-21 17:57:00,completed
1504,1,1,2026-02-22 09:00:00,2026-02-22 17:00:00,2026-02-22 09:05:00,2026-02-22 16:56:00,completed
1505,17,1,2026-02-22 08:00:00,2026-02-22 14:00:00,2026-02-22 08:01:00,2026-02-22 13:58:00,completed
1506,18,1,2026-02-22 16:00:00,2026-02-22 22:00:00,2026-02-22 16:00:00,2026-02-22 22:03:00,completed
1507,50,1,2026-02-22 10:00:00,2026-02-22 16:00:00,2026-02-22 09:57:00,2026-02-22 16:01:00,completed
1508,12,1,2026-02-22 12:00:00,2026-02-22 17:00:00,2026-02-22 12:00:00,2026-02-22 17:04:00,completed
1509,68,2,2026-02-22 09:00:00,2026-02-22 17:00:00,2026-02-22 09:00:00,2026-02-22 16:55:00,completed
1510,13,2,2026-02-22 08:00:00,2026-02-22 14:00:00,2026-02-22 08:02:00,2026-02-22 13:58:00,completed
1511,38,2,2026-02-22 15:00:00,2026-02-22 21:00:00,2026-02-22 15:01:00,2026-02-22 20:58:00,completed
1512,51,2,2026-02-22 10:00:00,2026-02-22 16:00:00,2026-02-22 10:05:00,2026-02-22 16:01:00,completed
1513,39,2,2026-02-22 12:00:00,2026-02-22 17:00:00,2026-02-22 11:57:00,2026-02-22 17:01:00,completed
1514,4,3,2026-02-22 10:00:00,2026-02-22 18:00:00,2026-02-22 09:59:00,2026-02-22 17:56:00,completed
1515,34,3,2026-02-22 09:00:00,2026-02-22 15:00:00,2026-02-22 08:58:00,2026-02-22 14:59:00,completed
1516,44,3,2026-02-22 15:00:00,2026-02-22 21:00:00,2026-02-22 15:02:00,2026-02-22 21:04:00,completed
1517,53,3,2026-02-22 11:00:00,2026-02-22 17:00:00,2026-02-22 11:01:00,2026-02-22 17:03:00,completed
1518,35,3,2026-02-22 13:00:00,2026-02-22 18:00:00,2026-02-22 13:01:00,2026-02-22 18:07:00,completed
1519,67,1,2026-02-23 09:00:00,2026-02-23 17:00:00,2026-02-23 08:58:00,2026-02-23 16:59:00,completed
1520,33,1,2026-02-23 08:00:00,2026-02-23 14:00:00,2026-02-23 08:01:00,2026-02-23 14:01:00,completed
1521,72,1,2026-02-23 16:00:00,2026-02-23 22:00:00,,,cancelled
1522,29,1,2026-02-23 10:00:00,2026-02-23 16:00:00,2026-02-23 10:00:00,2026-02-23 16:08:00,completed
1523,63,2,2026-02-23 09:00:00,2026-02-23 17:00:00,2026-02-23 09:01:00,2026-02-23 17:04:00,completed
1524,7,2,2026-02-23 08:00:00,2026-02-23 14:00:00,2026-02-23 07:59:00,2026-02-23 14:04:00,completed
1525,60,2,2026-02-23 15:00:00,2026-02-23 21:00:00,2026-02-23 14:58:00,2026-02-23 20:51:00,completed
1526,51,2,2026-02-23 10:00:00,2026-02-23 16:00:00,2026-02-23 10:09:00,2026-02-23 15:59:00,completed
1527,47,3,2026-02-23 10:00:00,2026-02-23 18:00:00,,,cancelled
1528,8,3,2026-02-23 09:00:00,2026-02-23 15:00:00,2026-02-23 09:16:00,2026-02-23 15:00:00,completed
1529,28,3,2026-02-23 15:00:00,2026-02-23 21:00:00,2026-02-23 15:00:00,2026-02-23 21:04:00,completed
1530,25,3,2026-02-23 11:00:00,2026-02-23 17:00:00,2026-02-23 11:01:00,2026-02-23 17:08:00,completed
1531,1,1,2026-02-24 09:00:00,2026-02-24 17:00:00,2026-02-24 08:59:00,2026-02-24 16:53:00,completed
1532,17,1,2026-02-24 08:00:00,2026-02-24 14:00:00,2026-02-24 08:00:00,2026-02-24 14:04:00,completed
1533,18,1,2026-02-24 16:00:00,2026-02-24 22:00:00,2026-02-24 16:03:00,2026-02-24 21:48:00,completed
1534,6,1,2026-02-24 10:00:00,2026-02-24 16:00:00,2026-02-24 10:01:00,2026-02-24 16:05:00,completed
1535,68,2,2026-02-24 09:00:00,2026-02-24 17:00:00,2026-02-24 09:00:00,2026-02-24 17:09:00,completed
1536,32,2,2026-02-24 08:00:00,2026-02-24 14:00:00,2026-02-24 08:03:00,2026-02-24 13:52:00,completed
1537,46,2,2026-02-24 15:00:00,2026-02-24 21:00:00,2026-02-24 15:04:00,2026-02-24 21:07:00,completed
1538,80,2,2026-02-24 10:00:00,2026-02-24 16:00:00,2026-02-24 10:01:00,2026-02-24 15:58:00,completed
1539,58,3,2026-02-24 10:00:00,2026-02-24 18:00:00,2026-02-24 09:58:00,2026-02-24 17:56:00,completed
1540,20,3,2026-02-24 09:00:00,2026-02-24 15:00:00,2026-02-24 09:01:00,2026-02-24 15:04:00,completed
1541,64,3,2026-02-24 15:00:00,2026-02-24 21:00:00,2026-02-24 15:02:00,2026-02-24 21:04:00,completed
1542,70,3,2026-02-24 11:00:00,2026-02-24 17:00:00,2026-02-24 11:01:00,2026-02-24 17:05:00,completed
1543,1,1,2026-02-25 09:00:00,2026-02-25 17:00:00,2026-02-25 09:04:00,2026-02-25 17:06:00,completed
1544,66,1,2026-02-25 08:00:00,2026-02-25 14:00:00,2026-02-25 08:02:00,2026-02-25 13:54:00,completed
1545,52,1,2026-02-25 16:00:00,2026-02-25 22:00:00,2026-02-25 15:58:00,2026-02-25 22:02:00,completed
1546,14,1,2026-02-25 10:00:00,2026-02-25 16:00:00,2026-02-25 10:00:00,2026-02-25 15:54:00,completed
1547,16,2,2026-02-25 09:00:00,2026-02-25 17:00:00,2026-02-25 09:00:00,2026-02-25 16:50:00,completed
1548,55,2,2026-02-25 08:00:00,2026-02-25 14:00:00,2026-02-25 08:03:00,2026-02-25 14:04:00,completed
1549,19,2,2026-02-25 15:00:00,2026-02-25 21:00:00,2026-02-25 15:01:00,2026-02-25 20:55:00,completed
1550,30,2,2026-02-25 10:00:00,2026-02-25 16:00:00,2026-02-25 09:58:00,2026-02-25 15:54:00,completed
1551,62,3,2026-02-25 10:00:00,2026-02-25 18:00:00,2026-02-25 09:59:00,2026-02-25 17:54:00,completed
1552,5,3,2026-02-25 09:00:00,2026-02-25 15:00:00,2026-02-25 08:59:00,2026-02-25 14:59:00,completed
1553,36,3,2026-02-25 15:00:00,2026-02-25 21:00:00,2026-02-25 15:13:00,2026-02-25 20:54:00,completed
1554,22,3,2026-02-25 11:00:00,2026-02-25 17:00:00,2026-02-25 10:59:00,2026-02-25 16:55:00,completed
1555,67,1,2026-02-26 09:00:00,2026-02-26 17:00:00,2026-02-26 08:59:00,2026-02-26 17:00:00,completed
1556,21,1,2026-02-26 08:00:00,2026-02-26 14:00:00,2026-02-26 07:58:00,2026-02-26 13:49:00,completed
1557,12,1,2026-02-26 16:00:00,2026-02-26 22:00:00,2026-02-26 15:57:00,2026-02-26 21:56:00,completed
1558,50,1,2026-02-26 10:00:00,2026-02-26 16:00:00,2026-02-26 09:57:00,2026-02-26 15:53:00,completed
1559,2,2,2026-02-26 09:00:00,2026-02-26 17:00:00,2026-02-26 08:54:00,2026-02-26 17:05:00,completed
1560,39,2,2026-02-26 08:00:00,2026-02-26 14:00:00,2026-02-26 08:00:00,2026-02-26 13:58:00,completed
1561,24,2,2026-02-26 15:00:00,2026-02-26 21:00:00,2026-02-26 15:05:00,2026-02-26 20:56:00,completed
1562,45,2,2026-02-26 10:00:00,2026-02-26 16:00:00,2026-02-26 10:00:00,2026-02-26 16:02:00,completed
1563,4,3,2026-02-26 10:00:00,2026-02-26 18:00:00,,,missed
1564,26,3,2026-02-26 09:00:00,2026-02-26 15:00:00,2026-02-26 09:03:00,2026-02-26 15:00:00,completed
1565,75,3,2026-02-26 15:00:00,2026-02-26 21:00:00,2026-02-26 14:58:00,2026-02-26 21:07:00,completed
1566,71,3,2026-02-26 11:00:00,2026-02-26 17:00:00,2026-02-26 10:56:00,2026-02-26 17:01:00,completed
1567,1,1,2026-02-27 09:00:00,2026-02-27 17:00:00,2026-02-27 09:01:00,2026-02-27 16:58:00,completed
1568,41,1,2026-02-27 08:00:00,2026-02-27 14:00:00,2026-02-27 07:59:00,2026-02-27 13:55:00,completed
1569,43,1,2026-02-27 16:00:00,2026-02-27 22:00:00,2026-02-27 15:58:00,2026-02-27 22:12:00,completed
1570,29,1,2026-02-27 10:00:00,2026-02-27 16:00:00,2026-02-27 09:57:00,2026-02-27 16:01:00,completed
1571,33,1,2026-02-27 12:00:00,2026-02-27 17:00:00,2026-02-27 11:55:00,2026-02-27 17:04:00,completed
1572,2,2,2026-02-27 09:00:00,2026-02-27 17:00:00,2026-02-27 09:00:00,2026-02-27 16:58:00,completed
1573,23,2,2026-02-27 08:00:00,2026-02-27 14:00:00,2026-02-27 08:01:00,2026-02-27 13:55:00,completed
1574,13,2,2026-02-27 15:00:00,2026-02-27 21:00:00,2026-02-27 15:11:00,2026-02-27 21:03:00,completed
1575,37,2,2026-02-27 10:00:00,2026-02-27 16:00:00,,,cancelled
1576,40,2,2026-02-27 12:00:00,2026-02-27 17:00:00,2026-02-27 12:02:00,2026-02-27 17:15:00,completed
1577,3,3,2026-02-27 10:00:00,2026-02-27 18:00:00,2026-02-27 10:01:00,2026-02-27 17:54:00,completed
1578,54,3,2026-02-27 09:00:00,2026-02-27 15:00:00,2026-02-27 08:53:00,2026-02-27 14:56:00,completed
1579,31,3,2026-02-27 15:00:00,2026-02-27 21:00:00,2026-02-27 14:55:00,2026-02-27 21:00:00,completed
1580,15,3,2026-02-27 11:00:00,2026-02-27 17:00:00,2026-02-27 11:09:00,2026-02-27 16:53:00,completed
1581,69,3,2026-02-27 13:00:00,2026-02-27 18:00:00,2026-02-27 12:59:00,2026-02-27 18:05:00,completed
1582,67,1,2026-02-28 09:00:00,2026-02-28 17:00:00,2026-02-28 09:16:00,2026-02-28 17:03:00,completed
1583,72,1,2026-02-28 08:00:00,2026-02-28 14:00:00,2026-02-28 07:58:00,2026-02-28 14:02:00,completed
1584,41,1,2026-02-28 16:00:00,2026-02-28 22:00:00,2026-02-28 15:58:00,2026-02-28 21:54:00,completed
1585,6,1,2026-02-28 10:00:00,2026-02-28 16:00:00,2026-02-28 09:57:00,2026-02-28 16:03:00,completed
1586,21,1,2026-02-28 12:00:00,2026-02-28 17:00:00,2026-02-28 12:00:00,2026-02-28 17:01:00,completed
1587,16,2,2026-02-28 09:00:00,2026-02-28 17:00:00,2026-02-28 08:57:00,2026-02-28 17:06:00,completed
1588,38,2,2026-02-28 08:00:00,2026-02-28 14:00:00,2026-02-28 08:03:00,2026-02-28 13:53:00,completed
1589,40,2,2026-02-28 15:00:00,2026-02-28 21:00:00,2026-02-28 15:01:00,2026-02-28 21:00:00,completed
1590,37,2,2026-02-28 10:00:00,2026-02-28 16:00:00,2026-02-28 09:59:00,2026-02-28 16:07:00,completed
1591,23,2,2026-02-28 12:00:00,2026-02-28 17:00:00,2026-02-28 12:02:00,2026-02-28 17:08:00,completed
1592,3,3,2026-02-28 10:00:00,2026-02-28 18:00:00,2026-02-28 09:55:00,2026-02-28 17:55:00,completed
1593,11,3,2026-02-28 09:00:00,2026-02-28 15:00:00,2026-02-28 09:00:00,2026-02-28 14:53:00,completed
1594,44,3,2026-02-28 15:00:00,2026-02-28 21:00:00,2026-02-28 15:02:00,2026-02-28 21:03:00,completed
1595,56,3,2026-02-28 11:00:00,2026-02-28 17:00:00,2026-02-28 11:02:00,2026-02-28 17:00:00,completed
1596,34,3,2026-02-28 13:00:00,2026-02-28 18:00:00,2026-02-28 13:14:00,2026-02-28 18:04:00,completed
1597,1,1,2026-03-01 09:00:00,2026-03-01 17:00:00,2026-03-01 09:00:00,2026-03-01 16:56:00,completed
1598,43,1,2026-03-01 08:00:00,2026-03-01 14:00:00,2026-03-01 07:59:00,2026-03-01 14:04:00,completed
1599,17,1,2026-03-01 16:00:00,2026-03-01 22:00:00,,,cancelled
1600,14,1,2026-03-01 10:00:00,2026-03-01 16:00:00,2026-03-01 10:01:00,2026-03-01 15:48:00,completed
1601,12,1,2026-03-01 12:00:00,2026-03-01 17:00:00,2026-03-01 11:52:00,2026-03-01 16:58:00,completed
1602,63,2,2026-03-01 09:00:00,2026-03-01 17:00:00,2026-03-01 08:56:00,2026-03-01 16:56:00,completed
1603,38,2,2026-03-01 08:00:00,2026-03-01 14:00:00,2026-03-01 08:02:00,2026-03-01 14:02:00,completed
1604,13,2,2026-03-01 15:00:00,2026-03-01 21:00:00,2026-03-01 14:59:00,2026-03-01 20:54:00,completed
1605,51,2,2026-03-01 10:00:00,2026-03-01 16:00:00,,,cancelled
1606,55,2,2026-03-01 12:00:00,2026-03-01 17:00:00,2026-03-01 11:56:00,2026-03-01 16:57:00,completed
1607,58,3,2026-03-01 10:00:00,2026-03-01 18:00:00,2026-03-01 10:04:00,2026-03-01 18:02:00,completed
1608,35,3,2026-03-01 09:00:00,2026-03-01 15:00:00,2026-03-01 09:00:00,2026-03-01 14:53:00,completed
1609,77,3,2026-03-01 15:00:00,2026-03-01 21:00:00,2026-03-01 15:00:00,2026-03-01 21:02:00,completed
1610,78,3,2026-03-01 11:00:00,2026-03-01 17:00:00,2026-03-01 11:03:00,2026-03-01 17:03:00,completed
1611,34,3,2026-03-01 13:00:00,2026-03-01 18:00:00,2026-03-01 12:59:00,2026-03-01 17:59:00,completed
1612,67,1,2026-03-02 09:00:00,2026-03-02 17:00:00,2026-03-02 09:00:00,2026-03-02 17:00:00,completed
1613,52,1,2026-03-02 08:00:00,2026-03-02 14:00:00,2026-03-02 08:04:00,2026-03-02 13:58:00,completed
1614,66,1,2026-03-02 16:00:00,2026-03-02 22:00:00,2026-03-02 16:02:00,2026-03-02 22:15:00,completed
1615,29,1,2026-03-02 10:00:00,2026-03-02 16:00:00,2026-03-02 10:02:00,2026-03-02 16:02:00,completed
1616,68,2,2026-03-02 09:00:00,2026-03-02 17:00:00,2026-03-02 08:58:00,2026-03-02 16:57:00,completed
1617,60,2,2026-03-02 08:00:00,2026-03-02 14:00:00,2026-03-02 07:55:00,2026-03-02 14:07:00,completed
1618,7,2,2026-03-02 15:00:00,2026-03-02 21:00:00,2026-03-02 15:00:00,2026-03-02 21:05:00,completed
1619,51,2,2026-03-02 10:00:00,2026-03-02 16:00:00,2026-03-02 09:58:00,2026-03-02 15:59:00,completed
1620,47,3,2026-03-02 10:00:00,2026-03-02 18:00:00,2026-03-02 10:01:00,2026-03-02 17:56:00,completed
1621,54,3,2026-03-02 09:00:00,2026-03-02 15:00:00,2026-03-02 08:59:00,2026-03-02 14:59:00,completed
1622,20,3,2026-03-02 15:00:00,2026-03-02 21:00:00,2026-03-02 14:58:00,2026-03-02 21:02:00,completed
1623,70,3,2026-03-02 11:00:00,2026-03-02 17:00:00,2026-03-02 11:00:00,2026-03-02 16:59:00,completed
1624,1,1,2026-03-03 09:00:00,2026-03-03 17:00:00,2026-03-03 09:01:00,2026-03-03 17:06:00,completed
1625,18,1,2026-03-03 08:00:00,2026-03-03 14:00:00,2026-03-03 08:00:00,2026-03-03 13:57:00,completed
1626,33,1,2026-03-03 16:00:00,2026-03-03 22:00:00,2026-03-03 16:02:00,2026-03-03 21:59:00,completed
1627,6,1,2026-03-03 10:00:00,2026-03-03 16:00:00,2026-03-03 09:59:00,2026-03-03 16:06:00,completed
1628,16,2,2026-03-03 09:00:00,2026-03-03 17:00:00,2026-03-03 09:02:00,2026-03-03 16:58:00,completed
1629,32,2,2026-03-03 08:00:00,2026-03-03 14:00:00,,,cancelled
1630,46,2,2026-03-03 15:00:00,2026-03-03 21:00:00,2026-03-03 15:00:00,2026-03-03 21:05:00,completed
1631,45,2,2026-03-03 10:00:00,2026-03-03 16:00:00,2026-03-03 09:56:00,2026-03-03 15:56:00,completed
1632,62,3,2026-03-03 10:00:00,2026-03-03 18:00:00,2026-03-03 10:03:00,2026-03-03 18:01:00,completed
1633,31,3,2026-03-03 09:00:00,2026-03-03 15:00:00,2026-03-03 09:02:00,2026-03-03 15:13:00,completed
1634,64,3,2026-03-03 15:00:00,2026-03-03 21:00:00,2026-03-03 14:57:00,2026-03-03 20:58:00,completed
1635,53,3,2026-03-03 11:00:00,2026-03-03 17:00:00,2026-03-03 11:02:00,2026-03-03 16:59:00,completed
1636,1,1,2026-03-04 09:00:00,2026-03-04 17:00:00,2026-03-04 08:55:00,2026-03-04 17:08:00,completed
1637,72,1,2026-03-04 08:00:00,2026-03-04 14:00:00,2026-03-04 07:56:00,2026-03-04 14:07:00,completed
1638,12,1,2026-03-04 16:00:00,2026-03-04 22:00:00,,,missed
1639,14,1,2026-03-04 10:00:00,2026-03-04 16:00:00,2026-03-04 09:58:00,2026-03-04 16:01:00,completed
1640,63,2,2026-03-04 09:00:00,2026-03-04 17:00:00,2026-03-04 08:59:00,2026-03-04 16:59:00,completed
1641,19,2,2026-03-04 08:00:00,2026-03-04 14:00:00,2026-03-04 08:01:00,2026-03-04 13:49:00,completed
1642,24,2,2026-03-04 15:00:00,2026-03-04 21:00:00,2026-03-04 14:58:00,2026-03-04 21:01:00,completed
1643,30,2,2026-03-04 10:00:00,2026-03-04 16:00:00,2026-03-04 10:01:00,2026-03-04 15:58:00,completed
1644,4,3,2026-03-04 10:00:00,2026-03-04 18:00:00,2026-03-04 10:03:00,2026-03-04 17:59:00,completed
1645,36,3,2026-03-04 09:00:00,2026-03-04 15:00:00,2026-03-04 08:58:00,2026-03-04 14:57:00,completed
1646,8,3,2026-03-04 15:00:00,2026-03-04 21:00:00,2026-03-04 14:59:00,2026-03-04 20:52:00,completed
1647,25,3,2026-03-04 11:00:00,2026-03-04 17:00:00,2026-03-04 10:57:00,2026-03-04 17:00:00,completed
1648,67,1,2026-03-05 09:00:00,2026-03-05 17:00:00,2026-03-05 09:00:00,2026-03-05 16:55:00,completed
1649,41,1,2026-03-05 08:00:00,2026-03-05 14:00:00,2026-03-05 08:00:00,2026-03-05 13:56:00,completed
1650,17,1,2026-03-05 16:00:00,2026-03-05 22:00:00,2026-03-05 16:10:00,2026-03-05 21:59:00,completed
1651,50,1,2026-03-05 10:00:00,2026-03-05 16:00:00,2026-03-05 09:56:00,2026-03-05 16:06:00,completed
1652,2,2,2026-03-05 09:00:00,2026-03-05 17:00:00,2026-03-05 09:08:00,2026-03-05 17:02:00,completed
1653,39,2,2026-03-05 08:00:00,2026-03-05 14:00:00,2026-03-05 08:01:00,2026-03-05 14:04:00,completed
1654,55,2,2026-03-05 15:00:00,2026-03-05 21:00:00,2026-03-05 14:59:00,2026-03-05 20:58:00,completed
1655,80,2,2026-03-05 10:00:00,2026-03-05 16:00:00,2026-03-05 09:59:00,2026-03-05 15:56:00,completed
1656,58,3,2026-03-05 10:00:00,2026-03-05 18:00:00,2026-03-05 10:03:00,2026-03-05 18:00:00,completed
1657,75,3,2026-03-05 09:00:00,2026-03-05 15:00:00,2026-03-05 08:57:00,2026-03-05 15:03:00,completed
1658,28,3,2026-03-05 15:00:00,2026-03-05 21:00:00,2026-03-05 14:58:00,2026-03-05 21:06:00,completed
1659,22,3,2026-03-05 11:00:00,2026-03-05 17:00:00,2026-03-05 11:04:00,2026-03-05 17:00:00,completed
1660,1,1,2026-03-06 09:00:00,2026-03-06 17:00:00,2026-03-06 08:59:00,2026-03-06 17:15:00,completed
1661,43,1,2026-03-06 08:00:00,2026-03-06 14:00:00,2026-03-06 07:58:00,2026-03-06 13:49:00,completed
1662,21,1,2026-03-06 16:00:00,2026-03-06 22:00:00,2026-03-06 16:04:00,2026-03-06 21:59:00,completed
1663,29,1,2026-03-06 10:00:00,2026-03-06 16:00:00,2026-03-06 10:12:00,2026-03-06 16:01:00,completed
1664,18,1,2026-03-06 12:00:00,2026-03-06 17:00:00,2026-03-06 12:03:00,2026-03-06 16:48:00,completed
1665,2,2,2026-03-06 09:00:00,2026-03-06 17:00:00,2026-03-06 08:57:00,2026-03-06 16:55:00,completed
1666,23,2,2026-03-06 08:00:00,2026-03-06 14:00:00,2026-03-06 08:04:00,2026-03-06 13:53:00,completed
1667,38,2,2026-03-06 15:00:00,2026-03-06 21:00:00,2026-03-06 14:53:00,2026-03-06 21:06:00,completed
1668,37,2,2026-03-06 10:00:00,2026-03-06 16:00:00,2026-03-06 09:54:00,2026-03-06 15:54:00,completed
1669,13,2,2026-03-06 12:00:00,2026-03-06 17:00:00,2026-03-06 12:00:00,2026-03-06 17:01:00,completed
1670,3,3,2026-03-06 10:00:00,2026-03-06 18:00:00,,,cancelled
1671,26,3,2026-03-06 09:00:00,2026-03-06 15:00:00,2026-03-06 08:58:00,2026-03-06 15:01:00,completed
1672,5,3,2026-03-06 15:00:00,2026-03-06 21:00:00,,,missed
1673,15,3,2026-03-06 11:00:00,2026-03-06 17:00:00,2026-03-06 11:00:00,2026-03-06 16:59:00,completed
1674,11,3,2026-03-06 13:00:00,2026-03-06 18:00:00,2026-03-06 13:01:00,2026-03-06 18:15:00,completed
1675,67,1,2026-03-07 09:00:00,2026-03-07 17:00:00,2026-03-07 09:02:00,2026-03-07 16:49:00,completed
1676,72,1,2026-03-07 08:00:00,2026-03-07 14:00:00,2026-03-07 08:00:00,2026-03-07 14:02:00,completed
1677,66,1,2026-03-07 16:00:00,2026-03-07 22:00:00,2026-03-07 16:02:00,2026-03-07 22:00:00,completed
1678,14,1,2026-03-07 10:00:00,2026-03-07 16:00:00,2026-03-07 10:01:00,2026-03-07 16:11:00,completed
1679,52,1,2026-03-07 12:00:00,2026-03-07 17:00:00,2026-03-07 11:58:00,2026-03-07 17:04:00,completed
1680,68,2,2026-03-07 09:00:00,2026-03-07 17:00:00,2026-03-07 08:59:00,2026-03-07 17:00:00,completed
1681,40,2,2026-03-07 08:00:00,2026-03-07 14:00:00,2026-03-07 08:01:00,2026-03-07 13:57:00,completed
1682,13,2,2026-03-07 15:00:00,2026-03-07 21:00:00,2026-03-07 15:03:00,2026-03-07 20:59:00,completed
1683,37,2,2026-03-07 10:00:00,2026-03-07 16:00:00,2026-03-07 10:02:00,2026-03-07 16:06:00,completed
1684,23,2,2026-03-07 12:00:00,2026-03-07 17:00:00,2026-03-07 11:59:00,2026-03-07 16:53:00,completed
1685,3,3,2026-03-07 10:00:00,2026-03-07 18:00:00,2026-03-07 10:00:00,2026-03-07 18:02:00,completed
1686,69,3,2026-03-07 09:00:00,2026-03-07 15:00:00,2026-03-07 09:00:00,2026-03-07 14:56:00,completed
1687,44,3,2026-03-07 15:00:00,2026-03-07 21:00:00,2026-03-07 15:00:00,2026-03-07 20:52:00,completed
1688,71,3,2026-03-07 11:00:00,2026-03-07 17:00:00,2026-03-07 10:56:00,2026-03-07 16:59:00,completed
1689,77,3,2026-03-07 13:00:00,2026-03-07 18:00:00,2026-03-07 12:56:00,2026-03-07 18:13:00,completed
1690,1,1,2026-03-08 09:00:00,2026-03-08 17:00:00,2026-03-08 08:59:00,2026-03-08 17:00:00,completed
1691,33,1,2026-03-08 08:00:00,2026-03-08 14:00:00,2026-03-08 08:04:00,2026-03-08 13:59:00,completed
1692,12,1,2026-03-08 16:00:00,2026-03-08 22:00:00,2026-03-08 15:57:00,2026-03-08 21:51:00,completed
1693,50,1,2026-03-08 10:00:00,2026-03-08 16:00:00,2026-03-08 09:58:00,2026-03-08 15:49:00,completed
1694,17,1,2026-03-08 12:00:00,2026-03-08 17:00:00,2026-03-08 11:54:00,2026-03-08 16:48:00,completed
1695,63,2,2026-03-08 09:00:00,2026-03-08 17:00:00,2026-03-08 08:57:00,2026-03-08 17:00:00,completed
1696,40,2,2026-03-08 08:00:00,2026-03-08 14:00:00,2026-03-08 08:01:00,2026-03-08 14:01:00,completed
1697,38,2,2026-03-08 15:00:00,2026-03-08 21:00:00,2026-03-08 15:01:00,2026-03-08 21:10:00,completed
1698,51,2,2026-03-08 10:00:00,2026-03-08 16:00:00,2026-03-08 09:58:00,2026-03-08 15:51:00,completed
1699,60,2,2026-03-08 12:00:00,2026-03-08 17:00:00,2026-03-08 12:00:00,2026-03-08 16:58:00,completed
1700,47,3,2026-03-08 10:00:00,2026-03-08 18:00:00,2026-03-08 09:59:00,2026-03-08 18:01:00,completed
1701,35,3,2026-03-08 09:00:00,2026-03-08 15:00:00,2026-03-08 09:04:00,2026-03-08 14:48:00,completed
1702,34,3,2026-03-08 15:00:00,2026-03-08 21:00:00,2026-03-08 14:59:00,2026-03-08 21:07:00,completed
1703,56,3,2026-03-08 11:00:00,2026-03-08 17:00:00,2026-03-08 10:58:00,2026-03-08 16:56:00,completed
1704,11,3,2026-03-08 13:00:00,2026-03-08 18:00:00,2026-03-08 12:58:00,2026-03-08 18:07:00,completed
1705,67,1,2026-03-09 09:00:00,2026-03-09 17:00:00,2026-03-09 09:05:00,2026-03-09 17:03:00,completed
1706,49,1,2026-03-09 08:00:00,2026-03-09 14:00:00,2026-03-09 08:00:00,2026-03-09 14:00:00,completed
1707,43,1,2026-03-09 16:00:00,2026-03-09 22:00:00,2026-03-09 15:55:00,2026-03-09 22:05:00,completed
1708,29,1,2026-03-09 10:00:00,2026-03-09 16:00:00,2026-03-09 10:01:00,2026-03-09 16:07:00,completed
1709,68,2,2026-03-09 09:00:00,2026-03-09 17:00:00,2026-03-09 09:01:00,2026-03-09 17:03:00,completed
1710,32,2,2026-03-09 08:00:00,2026-03-09 14:00:00,2026-03-09 07:59:00,2026-03-09 14:06:00,completed
1711,7,2,2026-03-09 15:00:00,2026-03-09 21:00:00,2026-03-09 14:58:00,2026-03-09 21:02:00,completed
1712,51,2,2026-03-09 10:00:00,2026-03-09 16:00:00,2026-03-09 09:58:00,2026-03-09 16:00:00,completed
1713,4,3,2026-03-09 10:00:00,2026-03-09 18:00:00,2026-03-09 10:00:00,2026-03-09 18:08:00,completed
1714,75,3,2026-03-09 09:00:00,2026-03-09 15:00:00,2026-03-09 08:57:00,2026-03-09 15:08:00,completed
1715,64,3,2026-03-09 15:00:00,2026-03-09 21:00:00,2026-03-09 14:57:00,2026-03-09 20:59:00,completed
1716,22,3,2026-03-09 11:00:00,2026-03-09 17:00:00,2026-03-09 11:00:00,2026-03-09 16:55:00,completed
1717,1,1,2026-03-10 09:00:00,2026-03-10 17:00:00,2026-03-10 09:00:00,2026-03-10 17:03:00,completed
1718,21,1,2026-03-10 08:00:00,2026-03-10 14:00:00,2026-03-10 08:03:00,2026-03-10 13:58:00,completed
1719,72,1,2026-03-10 16:00:00,2026-03-10 22:00:00,2026-03-10 16:02:00,2026-03-10 21:58:00,completed
1720,6,1,2026-03-10 10:00:00,2026-03-10 16:00:00,2026-03-10 09:56:00,2026-03-10 15:56:00,completed
1721,16,2,2026-03-10 09:00:00,2026-03-10 17:00:00,2026-03-10 09:02:00,2026-03-10 17:04:00,completed
1722,46,2,2026-03-10 08:00:00,2026-03-10 14:00:00,2026-03-10 08:01:00,2026-03-10 13:57:00,completed
1723,39,2,2026-03-10 15:00:00,2026-03-10 21:00:00,2026-03-10 15:04:00,2026-03-10 20:57:00,completed
1724,80,2,2026-03-10 10:00:00,2026-03-10 16:00:00,2026-03-10 10:00:00,2026-03-10 16:15:00,completed
1725,58,3,2026-03-10 10:00:00,2026-03-10 18:00:00,2026-03-10 10:05:00,2026-03-10 17:58:00,completed
1726,8,3,2026-03-10 09:00:00,2026-03-10 15:00:00,2026-03-10 09:01:00,2026-03-10 14:52:00,completed
1727,20,3,2026-03-10 15:00:00,2026-03-10 21:00:00,2026-03-10 15:00:00,2026-03-10 21:02:00,completed
1728,15,3,2026-03-10 11:00:00,2026-03-10 17:00:00,2026-03-10 10:57:00,2026-03-10 17:00:00,completed
1729,1,1,2026-03-11 09:00:00,2026-03-11 17:00:00,2026-03-11 09:01:00,2026-03-11 16:58:00,completed
1730,41,1,2026-03-11 08:00:00,2026-03-11 14:00:00,2026-03-11 08:13:00,2026-03-11 14:06:00,completed
1731,66,1,2026-03-11 16:00:00,2026-03-11 22:00:00,2026-03-11 15:59:00,2026-03-11 22:03:00,completed
1732,50,1,2026-03-11 10:00:00,2026-03-11 16:00:00,2026-03-11 10:01:00,2026-03-11 16:05:00,completed
1733,63,2,2026-03-11 09:00:00,2026-03-11 17:00:00,2026-03-11 09:02:00,2026-03-11 16:54:00,completed
1734,24,2,2026-03-11 08:00:00,2026-03-11 14:00:00,2026-03-11 08:02:00,2026-03-11 13:59:00,completed
1735,60,2,2026-03-11 15:00:00,2026-03-11 21:00:00,2026-03-11 15:03:00,2026-03-11 20:59:00,completed
1736,30,2,2026-03-11 10:00:00,2026-03-11 16:00:00,2026-03-11 10:02:00,2026-03-11 16:02:00,completed
1737,62,3,2026-03-11 10:00:00,2026-03-11 18:00:00,2026-03-11 10:03:00,2026-03-11 17:57:00,completed
1738,5,3,2026-03-11 09:00:00,2026-03-11 15:00:00,2026-03-11 09:00:00,2026-03-11 14:59:00,completed
1739,26,3,2026-03-11 15:00:00,2026-03-11 21:00:00,,,cancelled
1740,25,3,2026-03-11 11:00:00,2026-03-11 17:00:00,,,cancelled
1741,67,1,2026-03-12 09:00:00,2026-03-12 17:00:00,2026-03-12 09:03:00,2026-03-12 16:49:00,completed
1742,52,1,2026-03-12 08:00:00,2026-03-12 14:00:00,2026-03-12 08:04:00,2026-03-12 14:14:00,completed
1743,18,1,2026-03-12 16:00:00,2026-03-12 22:00:00,2026-03-12 16:08:00,2026-03-12 21:56:00,completed
1744,14,1,2026-03-12 10:00:00,2026-03-12 16:00:00,2026-03-12 09:59:00,2026-03-12 16:04:00,completed
1745,2,2,2026-03-12 09:00:00,2026-03-12 17:00:00,2026-03-12 08:59:00,2026-03-12 17:04:00,completed
1746,55,2,2026-03-12 08:00:00,2026-03-12 14:00:00,2026-03-12 08:05:00,2026-03-12 14:00:00,completed
1747,19,2,2026-03-12 15:00:00,2026-03-12 21:00:00,2026-03-12 15:02:00,2026-03-12 21:02:00,completed
1748,45,2,2026-03-12 10:00:00,2026-03-12 16:00:00,2026-03-12 09:58:00,2026-03-12 15:51:00,completed
1749,47,3,2026-03-12 10:00:00,2026-03-12 18:00:00,2026-03-12 09:59:00,2026-03-12 18:02:00,completed
1750,54,3,2026-03-12 09:00:00,2026-03-12 15:00:00,2026-03-12 08:57:00,2026-03-12 14:54:00,completed
1751,31,3,2026-03-12 15:00:00,2026-03-12 21:00:00,2026-03-12 14:57:00,2026-03-12 21:01:00,completed
1752,78,3,2026-03-12 11:00:00,2026-03-12 17:00:00,2026-03-12 11:04:00,2026-03-12 17:03:00,completed
1753,1,1,2026-03-13 09:00:00,2026-03-13 17:00:00,2026-03-13 08:58:00,2026-03-13 17:04:00,completed
1754,33,1,2026-03-13 08:00:00,2026-03-13 14:00:00,2026-03-13 08:11:00,2026-03-13 14:11:00,completed
1755,17,1,2026-03-13 16:00:00,2026-03-13 22:00:00,2026-03-13 16:00:00,2026-03-13 22:04:00,completed
1756,29,1,2026-03-13 10:00:00,2026-03-13 16:00:00,2026-03-13 10:04:00,2026-03-13 16:08:00,completed
1757,12,1,2026-03-13 12:00:00,2026-03-13 17:00:00,2026-03-13 11:57:00,2026-03-13 17:01:00,completed
1758,2,2,2026-03-13 09:00:00,2026-03-13 17:00:00,2026-03-13 08:56:00,2026-03-13 16:49:00,completed
1759,23,2,2026-03-13 08:00:00,2026-03-13 14:00:00,2026-03-13 08:01:00,2026-03-13 13:54:00,completed
1760,40,2,2026-03-13 15:00:00,2026-03-13 21:00:00,2026-03-13 15:04:00,2026-03-13 21:13:00,completed
1761,37,2,2026-03-13 10:00:00,2026-03-13 16:00:00,2026-03-13 09:58:00,2026-03-13 15:58:00,completed
1762,38,2,2026-03-13 12:00:00,2026-03-13 17:00:00,2026-03-13 12:03:00,2026-03-13 17:03:00,completed
1763,3,3,2026-03-13 10:00:00,2026-03-13 18:00:00,2026-03-13 10:04:00,2026-03-13 18:08:00,completed
1764,36,3,2026-03-13 09:00:00,2026-03-13 15:00:00,2026-03-13 09:00:00,2026-03-13 15:05:00,completed
1765,28,3,2026-03-13 15:00:00,2026-03-13 21:00:00,2026-03-13 14:59:00,2026-03-13 20:53:00,completed
1766,71,3,2026-03-13 11:00:00,2026-03-13 17:00:00,2026-03-13 11:10:00,2026-03-13 16:56:00,completed
1767,69,3,2026-03-13 13:00:00,2026-03-13 18:00:00,2026-03-13 13:03:00,2026-03-13 17:58:00,completed
1768,67,1,2026-03-14 09:00:00,2026-03-14 17:00:00,2026-03-14 09:05:00,2026-03-14 17:06:00,completed
1769,12,1,2026-03-14 08:00:00,2026-03-14 14:00:00,2026-03-14 08:07:00,2026-03-14 14:04:00,completed
1770,49,1,2026-03-14 16:00:00,2026-03-14 22:00:00,2026-03-14 15:55:00,2026-03-14 22:01:00,completed
1771,6,1,2026-03-14 10:00:00,2026-03-14 16:00:00,2026-03-14 10:00:00,2026-03-14 15:58:00,completed
1772,66,1,2026-03-14 12:00:00,2026-03-14 17:00:00,2026-03-14 12:00:00,2026-03-14 17:01:00,completed
1773,16,2,2026-03-14 09:00:00,2026-03-14 17:00:00,2026-03-14 09:01:00,2026-03-14 17:06:00,completed
1774,13,2,2026-03-14 08:00:00,2026-03-14 14:00:00,2026-03-14 08:05:00,2026-03-14 14:07:00,completed
1775,38,2,2026-03-14 15:00:00,2026-03-14 21:00:00,2026-03-14 14:59:00,2026-03-14 21:00:00,completed
1776,37,2,2026-03-14 10:00:00,2026-03-14 16:00:00,2026-03-14 10:01:00,2026-03-14 15:53:00,completed
1777,23,2,2026-03-14 12:00:00,2026-03-14 17:00:00,2026-03-14 12:00:00,2026-03-14 17:00:00,completed
1778,3,3,2026-03-14 10:00:00,2026-03-14 18:00:00,2026-03-14 10:05:00,2026-03-14 18:01:00,completed
1779,77,3,2026-03-14 09:00:00,2026-03-14 15:00:00,2026-03-14 09:01:00,2026-03-14 14:59:00,completed
1780,35,3,2026-03-14 15:00:00,2026-03-14 21:00:00,,,cancelled
1781,70,3,2026-03-14 11:00:00,2026-03-14 17:00:00,2026-03-14 10:58:00,2026-03-14 17:08:00,completed
1782,11,3,2026-03-14 13:00:00,2026-03-14 18:00:00,2026-03-14 13:04:00,2026-03-14 17:54:00,completed
1783,1,1,2026-03-15 09:00:00,2026-03-15 17:00:00,2026-03-15 08:57:00,2026-03-15 16:55:00,completed
1784,41,1,2026-03-15 08:00:00,2026-03-15 14:00:00,2026-03-15 08:02:00,2026-03-15 14:02:00,completed
1785,72,1,2026-03-15 16:00:00,2026-03-15 22:00:00,2026-03-15 15:57:00,2026-03-15 22:08:00,completed
1786,50,1,2026-03-15 10:00:00,2026-03-15 16:00:00,2026-03-15 09:58:00,2026-03-15 16:07:00,completed
1787,43,1,2026-03-15 12:00:00,2026-03-15 17:00:00,2026-03-15 12:09:00,2026-03-15 16:57:00,completed
1788,10,2,2026-03-15 09:00:00,2026-03-15 17:00:00,2026-03-15 08:58:00,2026-03-15 17:05:00,completed
1789,13,2,2026-03-15 08:00:00,2026-03-15 14:00:00,2026-03-15 07:57:00,2026-03-15 14:07:00,completed
1790,40,2,2026-03-15 15:00:00,2026-03-15 21:00:00,2026-03-15 15:02:00,2026-03-15 21:10:00,completed
1791,51,2,2026-03-15 10:00:00,2026-03-15 16:00:00,2026-03-15 09:54:00,2026-03-15 16:02:00,completed
1792,7,2,2026-03-15 12:00:00,2026-03-15 17:00:00,2026-03-15 11:55:00,2026-03-15 17:04:00,completed
1793,62,3,2026-03-15 10:00:00,2026-03-15 18:00:00,2026-03-15 10:16:00,2026-03-15 17:54:00,completed
1794,44,3,2026-03-15 09:00:00,2026-03-15 15:00:00,2026-03-15 08:58:00,2026-03-15 14:58:00,completed
1795,34,3,2026-03-15 15:00:00,2026-03-15 21:00:00,2026-03-15 15:07:00,2026-03-15 21:02:00,completed
1796,56,3,2026-03-15 11:00:00,2026-03-15 17:00:00,2026-03-15 11:00:00,2026-03-15 16:54:00,completed
1797,11,3,2026-03-15 13:00:00,2026-03-15 18:00:00,2026-03-15 12:58:00,2026-03-15 17:59:00,completed
1798,67,1,2026-03-16 09:00:00,2026-03-16 17:00:00,2026-03-16 09:04:00,2026-03-16 17:04:00,completed
1799,49,1,2026-03-16 08:00:00,2026-03-16 14:00:00,2026-03-16 08:00:00,2026-03-16 14:01:00,completed
1800,33,1,2026-03-16 16:00:00,2026-03-16 22:00:00,2026-03-16 15:59:00,2026-03-16 22:04:00,completed
1801,29,1,2026-03-16 10:00:00,2026-03-16 16:00:00,,,cancelled
1802,10,2,2026-03-16 09:00:00,2026-03-16 17:00:00,2026-03-16 09:02:00,2026-03-16 16:55:00,completed
1803,32,2,2026-03-16 08:00:00,2026-03-16 14:00:00,2026-03-16 08:05:00,2026-03-16 13:58:00,completed
1804,46,2,2026-03-16 15:00:00,2026-03-16 21:00:00,2026-03-16 14:57:00,2026-03-16 21:06:00,completed
1805,51,2,2026-03-16 10:00:00,2026-03-16 16:00:00,2026-03-16 10:05:00,2026-03-16 15:56:00,completed
1806,47,3,2026-03-16 10:00:00,2026-03-16 18:00:00,2026-03-16 09:58:00,2026-03-16 17:59:00,completed
1807,26,3,2026-03-16 09:00:00,2026-03-16 15:00:00,2026-03-16 09:00:00,2026-03-16 15:03:00,completed
1808,28,3,2026-03-16 15:00:00,2026-03-16 21:00:00,2026-03-16 14:59:00,2026-03-16 21:07:00,completed
1809,53,3,2026-03-16 11:00:00,2026-03-16 17:00:00,2026-03-16 10:54:00,2026-03-16 16:56:00,completed
1810,1,1,2026-03-17 09:00:00,2026-03-17 17:00:00,2026-03-17 09:01:00,2026-03-17 16:57:00,completed
1811,52,1,2026-03-17 08:00:00,2026-03-17 14:00:00,2026-03-17 08:01:00,2026-03-17 14:05:00,completed
1812,18,1,2026-03-17 16:00:00,2026-03-17 22:00:00,2026-03-17 16:09:00,2026-03-17 22:06:00,completed
1813,6,1,2026-03-17 10:00:00,2026-03-17 16:00:00,2026-03-17 09:58:00,2026-03-17 15:57:00,completed
1814,68,2,2026-03-17 09:00:00,2026-03-17 17:00:00,2026-03-17 09:05:00,2026-03-17 17:07:00,completed
1815,60,2,2026-03-17 08:00:00,2026-03-17 14:00:00,2026-03-17 07:57:00,2026-03-17 13:57:00,completed
1816,7,2,2026-03-17 15:00:00,2026-03-17 21:00:00,2026-03-17 14:58:00,2026-03-17 21:06:00,completed
1817,80,2,2026-03-17 10:00:00,2026-03-17 16:00:00,2026-03-17 10:02:00,2026-03-17 16:06:00,completed
1818,58,3,2026-03-17 10:00:00,2026-03-17 18:00:00,2026-03-17 10:01:00,2026-03-17 17:53:00,completed
1819,20,3,2026-03-17 09:00:00,2026-03-17 15:00:00,2026-03-17 09:01:00,2026-03-17 14:51:00,completed
1820,36,3,2026-03-17 15:00:00,2026-03-17 21:00:00,2026-03-17 15:00:00,2026-03-17 21:01:00,completed
1821,70,3,2026-03-17 11:00:00,2026-03-17 17:00:00,2026-03-17 10:58:00,2026-03-17 17:04:00,completed
1822,1,1,2026-03-18 09:00:00,2026-03-18 17:00:00,2026-03-18 08:56:00,2026-03-18 17:10:00,completed
1823,21,1,2026-03-18 08:00:00,2026-03-18 14:00:00,2026-03-18 07:58:00,2026-03-18 14:06:00,completed
1824,43,1,2026-03-18 16:00:00,2026-03-18 22:00:00,2026-03-18 15:56:00,2026-03-18 21:53:00,completed
1825,14,1,2026-03-18 10:00:00,2026-03-18 16:00:00,2026-03-18 10:01:00,2026-03-18 16:01:00,completed
1826,16,2,2026-03-18 09:00:00,2026-03-18 17:00:00,2026-03-18 08:53:00,2026-03-18 16:59:00,completed
1827,19,2,2026-03-18 08:00:00,2026-03-18 14:00:00,2026-03-18 08:05:00,2026-03-18 14:04:00,completed
1828,39,2,2026-03-18 15:00:00,2026-03-18 21:00:00,2026-03-18 14:59:00,2026-03-18 20:59:00,completed
1829,45,2,2026-03-18 10:00:00,2026-03-18 16:00:00,2026-03-18 10:01:00,2026-03-18 16:08:00,completed
1830,4,3,2026-03-18 10:00:00,2026-03-18 18:00:00,2026-03-18 09:58:00,2026-03-18 18:04:00,completed
1831,54,3,2026-03-18 09:00:00,2026-03-18 15:00:00,2026-03-18 09:01:00,2026-03-18 14:51:00,completed
1832,64,3,2026-03-18 15:00:00,2026-03-18 21:00:00,2026-03-18 15:03:00,2026-03-18 20:59:00,completed
1833,78,3,2026-03-18 11:00:00,2026-03-18 17:00:00,2026-03-18 11:08:00,2026-03-18 17:09:00,completed
1834,67,1,2026-03-19 09:00:00,2026-03-19 17:00:00,2026-03-19 09:02:00,2026-03-19 17:07:00,completed
1835,72,1,2026-03-19 08:00:00,2026-03-19 14:00:00,2026-03-19 07:59:00,2026-03-19 14:00:00,completed
1836,41,1,2026-03-19 16:00:00,2026-03-19 22:00:00,2026-03-19 15:59:00,2026-03-19 21:57:00,completed
1837,50,1,2026-03-19 10:00:00,2026-03-19 16:00:00,2026-03-19 09:57:00,2026-03-19 16:10:00,completed
1838,63,2,2026-03-19 09:00:00,2026-03-19 17:00:00,2026-03-19 09:03:00,2026-03-19 16:59:00,completed
1839,55,2,2026-03-19 08:00:00,2026-03-19 14:00:00,2026-03-19 08:00:00,2026-03-19 13:50:00,completed
1840,24,2,2026-03-19 15:00:00,2026-03-19 21:00:00,2026-03-19 15:05:00,2026-03-19 20:51:00,completed
1841,30,2,2026-03-19 10:00:00,2026-03-19 16:00:00,2026-03-19 10:02:00,2026-03-19 15:57:00,completed
1842,62,3,2026-03-19 10:00:00,2026-03-19 18:00:00,2026-03-19 09:59:00,2026-03-19 18:00:00,completed
1843,75,3,2026-03-19 09:00:00,2026-03-19 15:00:00,,,cancelled
1844,5,3,2026-03-19 15:00:00,2026-03-19 21:00:00,2026-03-19 14:57:00,2026-03-19 20:51:00,completed
1845,71,3,2026-03-19 11:00:00,2026-03-19 17:00:00,2026-03-19 10:52:00,2026-03-19 16:54:00,completed
1846,1,1,2026-03-20 09:00:00,2026-03-20 17:00:00,,,cancelled
1847,66,1,2026-03-20 08:00:00,2026-03-20 14:00:00,2026-03-20 07:57:00,2026-03-20 13:52:00,completed
1848,17,1,2026-03-20 16:00:00,2026-03-20 22:00:00,2026-03-20 15:59:00,2026-03-20 21:57:00,completed
1849,29,1,2026-03-20 10:00:00,2026-03-20 16:00:00,2026-03-20 10:02:00,2026-03-20 15:59:00,completed
1850,12,1,2026-03-20 12:00:00,2026-03-20 17:00:00,2026-03-20 12:01:00,2026-03-20 16:58:00,completed
1851,2,2,2026-03-20 09:00:00,2026-03-20 17:00:00,2026-03-20 09:02:00,2026-03-20 16:52:00,completed
1852,23,2,2026-03-20 08:00:00,2026-03-20 14:00:00,2026-03-20 08:00:00,2026-03-20 14:08:00,completed
1853,13,2,2026-03-20 15:00:00,2026-03-20 21:00:00,2026-03-20 15:01:00,2026-03-20 21:01:00,completed
1854,37,2,2026-03-20 10:00:00,2026-03-20 16:00:00,2026-03-20 09:57:00,2026-03-20 16:02:00,completed
1855,40,2,2026-03-20 12:00:00,2026-03-20 17:00:00,2026-03-20 12:03:00,2026-03-20 16:58:00,completed
1856,3,3,2026-03-20 10:00:00,2026-03-20 18:00:00,2026-03-20 10:02:00,2026-03-20 17:52:00,completed
1857,8,3,2026-03-20 09:00:00,2026-03-20 15:00:00,2026-03-20 09:03:00,2026-03-20 14:59:00,completed
1858,31,3,2026-03-20 15:00:00,2026-03-20 21:00:00,2026-03-20 14:55:00,2026-03-20 21:03:00,completed
1859,15,3,2026-03-20 11:00:00,2026-03-20 17:00:00,2026-03-20 11:00:00,2026-03-20 16:56:00,completed
1860,69,3,2026-03-20 13:00:00,2026-03-20 18:00:00,2026-03-20 13:00:00,2026-03-20 18:00:00,completed
1861,67,1,2026-03-21 09:00:00,2026-03-21 17:00:00,2026-03-21 09:02:00,2026-03-21 17:02:00,completed
1862,12,1,2026-03-21 08:00:00,2026-03-21 14:00:00,2026-03-21 07:57:00,2026-03-21 14:07:00,completed
1863,49,1,2026-03-21 16:00:00,2026-03-21 22:00:00,2026-03-21 15:57:00,2026-03-21 22:02:00,completed
1864,6,1,2026-03-21 10:00:00,2026-03-21 16:00:00,2026-03-21 10:00:00,2026-03-21 16:09:00,completed
1865,33,1,2026-03-21 12:00:00,2026-03-21 17:00:00,2026-03-21 12:02:00,2026-03-21 16:49:00,completed
1866,2,2,2026-03-21 09:00:00,2026-03-21 17:00:00,2026-03-21 09:00:00,2026-03-21 17:07:00,completed
1867,38,2,2026-03-21 08:00:00,2026-03-21 14:00:00,2026-03-21 08:03:00,2026-03-21 14:01:00,completed
1868,40,2,2026-03-21 15:00:00,2026-03-21 21:00:00,2026-03-21 14:59:00,2026-03-21 21:09:00,completed
1869,37,2,2026-03-21 10:00:00,2026-03-21 16:00:00,2026-03-21 09:55:00,2026-03-21 15:54:00,completed
1870,23,2,2026-03-21 12:00:00,2026-03-21 17:00:00,2026-03-21 12:12:00,2026-03-21 16:58:00,completed
1871,3,3,2026-03-21 10:00:00,2026-03-21 18:00:00,2026-03-21 09:59:00,2026-03-21 17:59:00,completed
1872,77,3,2026-03-21 09:00:00,2026-03-21 15:00:00,2026-03-21 09:04:00,2026-03-21 15:01:00,completed
1873,35,3,2026-03-21 15:00:00,2026-03-21 21:00:00,2026-03-21 15:02:00,2026-03-21 20:58:00,completed
1874,25,3,2026-03-21 11:00:00,2026-03-21 17:00:00,2026-03-21 11:03:00,2026-03-21 16:58:00,completed
1875,44,3,2026-03-21 13:00:00,2026-03-21 18:00:00,2026-03-21 13:01:00,2026-03-21 18:13:00,completed
1876,1,1,2026-03-22 09:00:00,2026-03-22 17:00:00,2026-03-22 08:57:00,2026-03-22 16:58:00,completed
1877,21,1,2026-03-22 08:00:00,2026-03-22 14:00:00,2026-03-22 07:58:00,2026-03-22 13:53:00,completed
1878,52,1,2026-03-22 16:00:00,2026-03-22 22:00:00,2026-03-22 15:59:00,2026-03-22 22:07:00,completed
1879,14,1,2026-03-22 10:00:00,2026-03-22 16:00:00,2026-03-22 10:03:00,2026-03-22 15:56:00,completed
1880,18,1,2026-03-22 12:00:00,2026-03-22 17:00:00,2026-03-22 12:03:00,2026-03-22 16:58:00,completed
1881,10,2,2026-03-22 09:00:00,2026-03-22 17:00:00,2026-03-22 09:02:00,2026-03-22 17:08:00,completed
1882,13,2,2026-03-22 08:00:00,2026-03-22 14:00:00,2026-03-22 08:02:00,2026-03-22 14:04:00,completed
1883,38,2,2026-03-22 15:00:00,2026-03-22 21:00:00,2026-03-22 15:03:00,2026-03-22 20:59:00,completed
1884,51,2,2026-03-22 10:00:00,2026-03-22 16:00:00,2026-03-22 10:05:00,2026-03-22 16:03:00,completed
1885,46,2,2026-03-22 12:00:00,2026-03-22 17:00:00,2026-03-22 11:59:00,2026-03-22 17:05:00,completed
1886,4,3,2026-03-22 10:00:00,2026-03-22 18:00:00,2026-03-22 09:58:00,2026-03-22 18:06:00,completed
1887,34,3,2026-03-22 09:00:00,2026-03-22 15:00:00,2026-03-22 08:57:00,2026-03-22 15:01:00,completed
1888,11,3,2026-03-22 15:00:00,2026-03-22 21:00:00,2026-03-22 15:02:00,2026-03-22 20:55:00,completed
1889,56,3,2026-03-22 11:00:00,2026-03-22 17:00:00,2026-03-22 10:54:00,2026-03-22 16:59:00,completed
1890,69,3,2026-03-22 13:00:00,2026-03-22 18:00:00,2026-03-22 13:02:00,2026-03-22 18:11:00,completed
1891,67,1,2026-03-23 09:00:00,2026-03-23 17:00:00,2026-03-23 09:00:00,2026-03-23 16:59:00,completed
1892,49,1,2026-03-23 08:00:00,2026-03-23 14:00:00,2026-03-23 08:00:00,2026-03-23 14:06:00,completed
1893,41,1,2026-03-23 16:00:00,2026-03-23 22:00:00,2026-03-23 15:59:00,2026-03-23 21:59:00,completed
1894,29,1,2026-03-23 10:00:00,2026-03-23 16:00:00,2026-03-23 10:01:00,2026-03-23 16:04:00,completed
1895,10,2,2026-03-23 09:00:00,2026-03-23 17:00:00,2026-03-23 08:56:00,2026-03-23 16:56:00,completed
1896,32,2,2026-03-23 08:00:00,2026-03-23 14:00:00,2026-03-23 08:04:00,2026-03-23 14:08:00,completed
1897,60,2,2026-03-23 15:00:00,2026-03-23 21:00:00,2026-03-23 15:05:00,2026-03-23 21:03:00,completed
1898,51,2,2026-03-23 10:00:00,2026-03-23 16:00:00,2026-03-23 10:05:00,2026-03-23 15:58:00,completed
1899,58,3,2026-03-23 10:00:00,2026-03-23 18:00:00,2026-03-23 09:57:00,2026-03-23 17:54:00,completed
1900,28,3,2026-03-23 09:00:00,2026-03-23 15:00:00,2026-03-23 09:01:00,2026-03-23 15:11:00,completed
1901,54,3,2026-03-23 15:00:00,2026-03-23 21:00:00,2026-03-23 14:59:00,2026-03-23 20:52:00,completed
1902,22,3,2026-03-23 11:00:00,2026-03-23 17:00:00,2026-03-23 11:05:00,2026-03-23 16:58:00,completed
1903,1,1,2026-03-24 09:00:00,2026-03-24 17:00:00,2026-03-24 09:02:00,2026-03-24 16:57:00,completed
1904,66,1,2026-03-24 08:00:00,2026-03-24 14:00:00,2026-03-24 07:59:00,2026-03-24 14:04:00,completed
1905,33,1,2026-03-24 16:00:00,2026-03-24 22:00:00,2026-03-24 16:00:00,2026-03-24 21:56:00,completed
1906,6,1,2026-03-24 10:00:00,2026-03-24 16:00:00,2026-03-24 09:59:00,2026-03-24 16:04:00,completed
1907,68,2,2026-03-24 09:00:00,2026-03-24 17:00:00,2026-03-24 09:02:00,2026-03-24 16:52:00,completed
1908,19,2,2026-03-24 08:00:00,2026-03-24 14:00:00,2026-03-24 08:05:00,2026-03-24 13:51:00,completed
1909,7,2,2026-03-24 15:00:00,2026-03-24 21:00:00,2026-03-24 15:00:00,2026-03-24 21:03:00,completed
1910,45,2,2026-03-24 10:00:00,2026-03-24 16:00:00,2026-03-24 09:58:00,2026-03-24 16:04:00,completed
1911,47,3,2026-03-24 10:00:00,2026-03-24 18:00:00,2026-03-24 10:02:00,2026-03-24 18:00:00,completed
1912,26,3,2026-03-24 09:00:00,2026-03-24 15:00:00,2026-03-24 08:58:00,2026-03-24 14:54:00,completed
1913,64,3,2026-03-24 15:00:00,2026-03-24 21:00:00,2026-03-24 15:03:00,2026-03-24 20:54:00,completed
1914,53,3,2026-03-24 11:00:00,2026-03-24 17:00:00,2026-03-24 11:03:00,2026-03-24 17:01:00,completed
1915,1,1,2026-03-25 09:00:00,2026-03-25 17:00:00,2026-03-25 08:58:00,2026-03-25 17:09:00,completed
1916,18,1,2026-03-25 08:00:00,2026-03-25 14:00:00,2026-03-25 07:59:00,2026-03-25 14:08:00,completed
1917,21,1,2026-03-25 16:00:00,2026-03-25 22:00:00,2026-03-25 15:59:00,2026-03-25 21:48:00,completed
1918,14,1,2026-03-25 10:00:00,2026-03-25 16:00:00,2026-03-25 09:56:00,2026-03-25 16:05:00,completed
1919,63,2,2026-03-25 09:00:00,2026-03-25 17:00:00,2026-03-25 09:03:00,2026-03-25 17:08:00,completed
1920,24,2,2026-03-25 08:00:00,2026-03-25 14:00:00,2026-03-25 08:00:00,2026-03-25 13:57:00,completed
1921,39,2,2026-03-25 15:00:00,2026-03-25 21:00:00,2026-03-25 14:59:00,2026-03-25 20:59:00,completed
1922,80,2,2026-03-25 10:00:00,2026-03-25 16:00:00,2026-03-25 10:03:00,2026-03-25 16:03:00,completed
1923,62,3,2026-03-25 10:00:00,2026-03-25 18:00:00,2026-03-25 09:59:00,2026-03-25 18:06:00,completed
1924,5,3,2026-03-25 09:00:00,2026-03-25 15:00:00,2026-03-25 09:03:00,2026-03-25 15:08:00,completed
1925,20,3,2026-03-25 15:00:00,2026-03-25 21:00:00,2026-03-25 14:58:00,2026-03-25 20:53:00,completed
1926,70,3,2026-03-25 11:00:00,2026-03-25 17:00:00,2026-03-25 11:05:00,2026-03-25 17:01:00,completed
1927,67,1,2026-03-26 09:00:00,2026-03-26 17:00:00,2026-03-26 09:02:00,2026-03-26 16:48:00,completed
1928,72,1,2026-03-26 08:00:00,2026-03-26 14:00:00,2026-03-26 08:01:00,2026-03-26 13:56:00,completed
1929,43,1,2026-03-26 16:00:00,2026-03-26 22:00:00,2026-03-26 16:03:00,2026-03-26 21:59:00,completed
1930,50,1,2026-03-26 10:00:00,2026-03-26 16:00:00,2026-03-26 10:02:00,2026-03-26 16:03:00,completed
1931,16,2,2026-03-26 09:00:00,2026-03-26 17:00:00,2026-03-26 09:01:00,2026-03-26 16:57:00,completed
1932,55,2,2026-03-26 08:00:00,2026-03-26 14:00:00,2026-03-26 08:05:00,2026-03-26 14:03:00,completed
1933,46,2,2026-03-26 15:00:00,2026-03-26 21:00:00,2026-03-26 15:03:00,2026-03-26 21:07:00,completed
1934,30,2,2026-03-26 10:00:00,2026-03-26 16:00:00,2026-03-26 09:58:00,2026-03-26 15:49:00,completed
1935,4,3,2026-03-26 10:00:00,2026-03-26 18:00:00,2026-03-26 09:56:00,2026-03-26 18:00:00,completed
1936,36,3,2026-03-26 09:00:00,2026-03-26 15:00:00,2026-03-26 09:04:00,2026-03-26 15:07:00,completed
1937,75,3,2026-03-26 15:00:00,2026-03-26 21:00:00,2026-03-26 15:02:00,2026-03-26 21:13:00,completed
1938,15,3,2026-03-26 11:00:00,2026-03-26 17:00:00,2026-03-26 10:57:00,2026-03-26 17:05:00,completed
1939,1,1,2026-03-27 09:00:00,2026-03-27 17:00:00,2026-03-27 09:05:00,2026-03-27 17:00:00,completed
1940,17,1,2026-03-27 08:00:00,2026-03-27 14:00:00,2026-03-27 07:58:00,2026-03-27 13:58:00,completed
1941,52,1,2026-03-27 16:00:00,2026-03-27 22:00:00,2026-03-27 15:59:00,2026-03-27 21:55:00,completed
1942,29,1,2026-03-27 10:00:00,2026-03-27 16:00:00,2026-03-27 10:00:00,2026-03-27 16:06:00,completed
1943,12,1,2026-03-27 12:00:00,2026-03-27 17:00:00,2026-03-27 11:55:00,2026-03-27 17:10:00,completed
1944,2,2,2026-03-27 09:00:00,2026-03-27 17:00:00,2026-03-27 08:57:00,2026-03-27 16:48:00,completed
1945,23,2,2026-03-27 08:00:00,2026-03-27 14:00:00,,,missed
1946,13,2,2026-03-27 15:00:00,2026-03-27 21:00:00,2026-03-27 14:59:00,2026-03-27 20:56:00,completed
1947,37,2,2026-03-27 10:00:00,2026-03-27 16:00:00,2026-03-27 10:03:00,2026-03-27 15:59:00,completed
1948,40,2,2026-03-27 12:00:00,2026-03-27 17:00:00,2026-03-27 12:03:00,2026-03-27 16:54:00,completed
1949,3,3,2026-03-27 10:00:00,2026-03-27 18:00:00,2026-03-27 10:01:00,2026-03-27 18:04:00,completed
1950,31,3,2026-03-27 09:00:00,2026-03-27 15:00:00,2026-03-27 08:56:00,2026-03-27 15:00:00,completed
1951,8,3,2026-03-27 15:00:00,2026-03-27 21:00:00,2026-03-27 15:02:00,2026-03-27 21:10:00,completed
1952,56,3,2026-03-27 11:00:00,2026-03-27 17:00:00,2026-03-27 11:06:00,2026-03-27 16:57:00,completed
1953,69,3,2026-03-27 13:00:00,2026-03-27 18:00:00,2026-03-27 12:58:00,2026-03-27 17:55:00,completed
1954,67,1,2026-03-28 09:00:00,2026-03-28 17:00:00,2026-03-28 09:00:00,2026-03-28 17:01:00,completed
1955,12,1,2026-03-28 08:00:00,2026-03-28 14:00:00,,,cancelled
1956,49,1,2026-03-28 16:00:00,2026-03-28 22:00:00,2026-03-28 16:00:00,2026-03-28 21:58:00,completed
1957,14,1,2026-03-28 10:00:00,2026-03-28 16:00:00,2026-03-28 09:55:00,2026-03-28 15:57:00,completed
1958,43,1,2026-03-28 12:00:00,2026-03-28 17:00:00,2026-03-28 11:55:00,2026-03-28 17:03:00,completed
1959,2,2,2026-03-28 09:00:00,2026-03-28 17:00:00,2026-03-28 09:00:00,2026-03-28 16:56:00,completed
1960,38,2,2026-03-28 08:00:00,2026-03-28 14:00:00,2026-03-28 08:01:00,2026-03-28 14:01:00,completed
1961,40,2,2026-03-28 15:00:00,2026-03-28 21:00:00,2026-03-28 14:58:00,2026-03-28 21:05:00,completed
1962,37,2,2026-03-28 10:00:00,2026-03-28 16:00:00,2026-03-28 09:57:00,2026-03-28 16:05:00,completed
1963,23,2,2026-03-28 12:00:00,2026-03-28 17:00:00,2026-03-28 11:57:00,2026-03-28 16:48:00,completed
1964,3,3,2026-03-28 10:00:00,2026-03-28 18:00:00,2026-03-28 10:01:00,2026-03-28 18:10:00,completed
1965,35,3,2026-03-28 09:00:00,2026-03-28 15:00:00,2026-03-28 08:57:00,2026-03-28 15:07:00,completed
1966,77,3,2026-03-28 15:00:00,2026-03-28 21:00:00,2026-03-28 15:02:00,2026-03-28 21:00:00,completed
1967,71,3,2026-03-28 11:00:00,2026-03-28 17:00:00,,,cancelled
1968,44,3,2026-03-28 13:00:00,2026-03-28 18:00:00,2026-03-28 12:59:00,2026-03-28 18:05:00,completed
1969,1,1,2026-03-29 09:00:00,2026-03-29 17:00:00,2026-03-29 09:00:00,2026-03-29 16:48:00,completed
1970,21,1,2026-03-29 08:00:00,2026-03-29 14:00:00,2026-03-29 08:00:00,2026-03-29 13:57:00,completed
1971,66,1,2026-03-29 16:00:00,2026-03-29 22:00:00,2026-03-29 15:59:00,2026-03-29 21:57:00,completed
1972,50,1,2026-03-29 10:00:00,2026-03-29 16:00:00,2026-03-29 09:55:00,2026-03-29 16:02:00,completed
1973,33,1,2026-03-29 12:00:00,2026-03-29 17:00:00,2026-03-29 11:58:00,2026-03-29 17:02:00,completed
1974,10,2,2026-03-29 09:00:00,2026-03-29 17:00:00,2026-03-29 08:58:00,2026-03-29 16:55:00,completed
1975,38,2,2026-03-29 08:00:00,2026-03-29 14:00:00,2026-03-29 08:04:00,2026-03-29 14:01:00,completed
1976,13,2,2026-03-29 15:00:00,2026-03-29 21:00:00,2026-03-29 15:01:00,2026-03-29 21:06:00,completed
1977,51,2,2026-03-29 10:00:00,2026-03-29 16:00:00,2026-03-29 10:04:00,2026-03-29 15:52:00,completed
1978,32,2,2026-03-29 12:00:00,2026-03-29 17:00:00,2026-03-29 12:00:00,2026-03-29 17:00:00,completed
1979,47,3,2026-03-29 10:00:00,2026-03-29 18:00:00,2026-03-29 10:02:00,2026-03-29 18:11:00,completed
1980,34,3,2026-03-29 09:00:00,2026-03-29 15:00:00,2026-03-29 08:57:00,2026-03-29 14:55:00,completed
1981,11,3,2026-03-29 15:00:00,2026-03-29 21:00:00,2026-03-29 14:58:00,2026-03-29 21:05:00,completed
1982,25,3,2026-03-29 11:00:00,2026-03-29 17:00:00,2026-03-29 10:59:00,2026-03-29 17:04:00,completed
1983,44,3,2026-03-29 13:00:00,2026-03-29 18:00:00,2026-03-29 13:00:00,2026-03-29 18:04:00,completed
1984,67,1,2026-03-30 09:00:00,2026-03-30 17:00:00,2026-03-30 08:59:00,2026-03-30 17:10:00,completed
1985,49,1,2026-03-30 08:00:00,2026-03-30 14:00:00,2026-03-30 08:03:00,2026-03-30 13:52:00,completed
1986,41,1,2026-03-30 16:00:00,2026-03-30 22:00:00,2026-03-30 16:03:00,2026-03-30 22:04:00,completed
1987,29,1,2026-03-30 10:00:00,2026-03-30 16:00:00,2026-03-30 10:02:00,2026-03-30 16:07:00,completed
1988,10,2,2026-03-30 09:00:00,2026-03-30 17:00:00,2026-03-30 08:58:00,2026-03-30 16:58:00,completed
1989,19,2,2026-03-30 08:00:00,2026-03-30 14:00:00,2026-03-30 08:04:00,2026-03-30 14:04:00,completed
1990,39,2,2026-03-30 15:00:00,2026-03-30 21:00:00,2026-03-30 14:59:00,2026-03-30 20:53:00,completed
1991,51,2,2026-03-30 10:00:00,2026-03-30 16:00:00,2026-03-30 10:04:00,2026-03-30 16:06:00,completed
1992,58,3,2026-03-30 10:00:00,2026-03-30 18:00:00,2026-03-30 10:02:00,2026-03-30 17:57:00,completed
1993,36,3,2026-03-30 09:00:00,2026-03-30 15:00:00,2026-03-30 08:59:00,2026-03-30 15:03:00,completed
1994,28,3,2026-03-30 15:00:00,2026-03-30 21:00:00,2026-03-30 14:56:00,2026-03-30 21:04:00,completed
1995,53,3,2026-03-30 11:00:00,2026-03-30 17:00:00,2026-03-30 10:56:00,2026-03-30 17:02:00,completed
1996,1,1,2026-03-31 09:00:00,2026-03-31 17:00:00,2026-03-31 08:56:00,2026-03-31 16:50:00,completed
1997,52,1,2026-03-31 08:00:00,2026-03-31 14:00:00,2026-03-31 08:01:00,2026-03-31 13:54:00,completed
1998,17,1,2026-03-31 16:00:00,2026-03-31 22:00:00,2026-03-31 16:00:00,2026-03-31 22:03:00,completed
1999,6,1,2026-03-31 10:00:00,2026-03-31 16:00:00,2026-03-31 10:02:00,2026-03-31 16:00:00,completed
2000,68,2,2026-03-31 09:00:00,2026-03-31 17:00:00,2026-03-31 09:03:00,2026-03-31 17:03:00,completed
2001,24,2,2026-03-31 08:00:00,2026-03-31 14:00:00,2026-03-31 08:00:00,2026-03-31 13:57:00,completed
2002,7,2,2026-03-31 15:00:00,2026-03-31 21:00:00,2026-03-31 14:55:00,2026-03-31 20:56:00,completed
2003,45,2,2026-03-31 10:00:00,2026-03-31 16:00:00,2026-03-31 10:00:00,2026-03-31 15:55:00,completed
2004,62,3,2026-03-31 10:00:00,2026-03-31 18:00:00,2026-03-31 10:00:00,2026-03-31 18:05:00,completed
2005,75,3,2026-03-31 09:00:00,2026-03-31 15:00:00,,,missed
2006,26,3,2026-03-31 15:00:00,2026-03-31 21:00:00,2026-03-31 15:01:00,2026-03-31 21:00:00,completed
2007,22,3,2026-03-31 11:00:00,2026-03-31 17:00:00,,,cancelled
2008,1,1,2026-04-01 09:00:00,2026-04-01 17:00:00,2026-04-01 09:00:00,2026-04-01 16:59:00,completed
2009,18,1,2026-04-01 08:00:00,2026-04-01 14:00:00,2026-04-01 08:00:00,2026-04-01 14:05:00,completed
2010,72,1,2026-04-01 16:00:00,2026-04-01 22:00:00,2026-04-01 16:02:00,2026-04-01 21:58:00,completed
2011,14,1,2026-04-01 10:00:00,2026-04-01 16:00:00,2026-04-01 10:02:00,2026-04-01 16:06:00,completed
2012,16,2,2026-04-01 09:00:00,2026-04-01 17:00:00,2026-04-01 08:59:00,2026-04-01 17:01:00,completed
2013,32,2,2026-04-01 08:00:00,2026-04-01 14:00:00,2026-04-01 08:00:00,2026-04-01 13:58:00,completed
2014,46,2,2026-04-01 15:00:00,2026-04-01 21:00:00,2026-04-01 15:03:00,2026-04-01 21:02:00,completed
2015,80,2,2026-04-01 10:00:00,2026-04-01 16:00:00,2026-04-01 09:56:00,2026-04-01 15:55:00,completed
2016,4,3,2026-04-01 10:00:00,2026-04-01 18:00:00,2026-04-01 10:10:00,2026-04-01 17:57:00,completed
2017,54,3,2026-04-01 09:00:00,2026-04-01 15:00:00,2026-04-01 08:52:00,2026-04-01 14:58:00,completed
2018,20,3,2026-04-01 15:00:00,2026-04-01 21:00:00,,,cancelled
2019,78,3,2026-04-01 11:00:00,2026-04-01 17:00:00,2026-04-01 10:58:00,2026-04-01 16:58:00,completed
2020,67,1,2026-04-02 09:00:00,2026-04-02 17:00:00,2026-04-02 09:00:00,2026-04-02 17:13:00,completed
2021,66,1,2026-04-02 08:00:00,2026-04-02 14:00:00,2026-04-02 07:59:00,2026-04-02 14:09:00,completed
2022,43,1,2026-04-02 16:00:00,2026-04-02 22:00:00,2026-04-02 16:03:00,2026-04-02 22:07:00,completed
2023,50,1,2026-04-02 10:00:00,2026-04-02 16:00:00,2026-04-02 10:01:00,2026-04-02 15:59:00,completed
2024,63,2,2026-04-02 09:00:00,2026-04-02 17:00:00,,,cancelled
2025,60,2,2026-04-02 08:00:00,2026-04-02 14:00:00,2026-04-02 08:02:00,2026-04-02 14:08:00,completed
2026,55,2,2026-04-02 15:00:00,2026-04-02 21:00:00,2026-04-02 15:01:00,2026-04-02 21:09:00,completed
2027,30,2,2026-04-02 10:00:00,2026-04-02 16:00:00,2026-04-02 09:58:00,2026-04-02 15:51:00,completed
2028,47,3,2026-04-02 10:00:00,2026-04-02 18:00:00,2026-04-02 10:02:00,2026-04-02 18:08:00,completed
2029,5,3,2026-04-02 09:00:00,2026-04-02 15:00:00,2026-04-02 08:59:00,2026-04-02 14:57:00,completed
2030,64,3,2026-04-02 15:00:00,2026-04-02 21:00:00,2026-04-02 15:01:00,2026-04-02 20:58:00,completed
2031,15,3,2026-04-02 11:00:00,2026-04-02 17:00:00,2026-04-02 10:56:00,2026-04-02 17:05:00,completed
2032,1,1,2026-04-03 09:00:00,2026-04-03 17:00:00,2026-04-03 09:01:00,2026-04-03 16:51:00,completed
2033,33,1,2026-04-03 08:00:00,2026-04-03 14:00:00,2026-04-03 08:03:00,2026-04-03 14:09:00,completed
2034,21,1,2026-04-03 16:00:00,2026-04-03 22:00:00,2026-04-03 15:59:00,2026-04-03 21:56:00,completed
2035,29,1,2026-04-03 10:00:00,2026-04-03 16:00:00,2026-04-03 10:01:00,2026-04-03 16:01:00,completed
2036,12,1,2026-04-03 12:00:00,2026-04-03 17:00:00,2026-04-03 12:00:00,2026-04-03 17:06:00,completed
2037,2,2,2026-04-03 09:00:00,2026-04-03 17:00:00,2026-04-03 09:00:00,2026-04-03 17:05:00,completed
2038,23,2,2026-04-03 08:00:00,2026-04-03 14:00:00,2026-04-03 08:02:00,2026-04-03 14:03:00,completed
2039,13,2,2026-04-03 15:00:00,2026-04-03 21:00:00,2026-04-03 15:18:00,2026-04-03 21:00:00,completed
2040,37,2,2026-04-03 10:00:00,2026-04-03 16:00:00,2026-04-03 09:59:00,2026-04-03 15:58:00,completed
2041,40,2,2026-04-03 12:00:00,2026-04-03 17:00:00,2026-04-03 11:59:00,2026-04-03 17:05:00,completed
2042,3,3,2026-04-03 10:00:00,2026-04-03 18:00:00,2026-04-03 10:01:00,2026-04-03 18:02:00,completed
2043,8,3,2026-04-03 09:00:00,2026-04-03 15:00:00,2026-04-03 08:58:00,2026-04-03 15:03:00,completed
2044,31,3,2026-04-03 15:00:00,2026-04-03 21:00:00,2026-04-03 14:57:00,2026-04-03 21:02:00,completed
2045,70,3,2026-04-03 11:00:00,2026-04-03 17:00:00,2026-04-03 11:02:00,2026-04-03 17:08:00,completed
2046,35,3,2026-04-03 13:00:00,2026-04-03 18:00:00,2026-04-03 13:04:00,2026-04-03 17:58:00,completed
2047,67,1,2026-04-04 09:00:00,2026-04-04 17:00:00,2026-04-04 09:03:00,2026-04-04 17:11:00,completed
2048,12,1,2026-04-04 08:00:00,2026-04-04 14:00:00,2026-04-04 07:57:00,2026-04-04 14:08:00,completed
2049,49,1,2026-04-04 16:00:00,2026-04-04 22:00:00,2026-04-04 15:58:00,2026-04-04 22:05:00,completed
2050,6,1,2026-04-04 10:00:00,2026-04-04 16:00:00,2026-04-04 09:57:00,2026-04-04 15:51:00,completed
2051,72,1,2026-04-04 12:00:00,2026-04-04 17:00:00,2026-04-04 11:58:00,2026-04-04 17:02:00,completed
2052,2,2,2026-04-04 09:00:00,2026-04-04 17:00:00,2026-04-04 08:59:00,2026-04-04 17:03:00,completed
2053,38,2,2026-04-04 08:00:00,2026-04-04 14:00:00,2026-04-04 08:02:00,2026-04-04 14:01:00,completed
2054,40,2,2026-04-04 15:00:00,2026-04-04 21:00:00,2026-04-04 15:05:00,2026-04-04 20:51:00,completed
2055,37,2,2026-04-04 10:00:00,2026-04-04 16:00:00,2026-04-04 10:05:00,2026-04-04 16:00:00,completed
2056,23,2,2026-04-04 12:00:00,2026-04-04 17:00:00,2026-04-04 11:57:00,2026-04-04 16:59:00,completed
2057,3,3,2026-04-04 10:00:00,2026-04-04 18:00:00,2026-04-04 09:59:00,2026-04-04 17:55:00,completed
2058,77,3,2026-04-04 09:00:00,2026-04-04 15:00:00,2026-04-04 09:03:00,2026-04-04 14:58:00,completed
2059,69,3,2026-04-04 15:00:00,2026-04-04 21:00:00,2026-04-04 15:05:00,2026-04-04 21:05:00,completed
2060,25,3,2026-04-04 11:00:00,2026-04-04 17:00:00,,,cancelled
2061,44,3,2026-04-04 13:00:00,2026-04-04 18:00:00,2026-04-04 13:04:00,2026-04-04 18:06:00,completed
2062,1,1,2026-04-05 09:00:00,2026-04-05 17:00:00,2026-04-05 08:57:00,2026-04-05 17:02:00,completed
2063,18,1,2026-04-05 08:00:00,2026-04-05 14:00:00,2026-04-05 07:59:00,2026-04-05 13:55:00,completed
2064,17,1,2026-04-05 16:00:00,2026-04-05 22:00:00,2026-04-05 15:59:00,2026-04-05 21:59:00,completed
2065,14,1,2026-04-05 10:00:00,2026-04-05 16:00:00,2026-04-05 10:04:00,2026-04-05 16:08:00,completed
2066,52,1,2026-04-05 12:00:00,2026-04-05 17:00:00,2026-04-05 12:02:00,2026-04-05 16:55:00,completed
2067,10,2,2026-04-05 09:00:00,2026-04-05 17:00:00,2026-04-05 08:59:00,2026-04-05 17:07:00,completed
2068,38,2,2026-04-05 08:00:00,2026-04-05 14:00:00,2026-04-05 08:00:00,2026-04-05 14:05:00,completed
2069,13,2,2026-04-05 15:00:00,2026-04-05 21:00:00,2026-04-05 15:17:00,2026-04-05 21:12:00,completed
2070,51,2,2026-04-05 10:00:00,2026-04-05 16:00:00,2026-04-05 10:03:00,2026-04-05 16:08:00,completed
2071,32,2,2026-04-05 12:00:00,2026-04-05 17:00:00,2026-04-05 12:03:00,2026-04-05 16:54:00,completed
2072,58,3,2026-04-05 10:00:00,2026-04-05 18:00:00,2026-04-05 10:02:00,2026-04-05 17:56:00,completed
2073,34,3,2026-04-05 09:00:00,2026-04-05 15:00:00,2026-04-05 08:57:00,2026-04-05 15:08:00,completed
2074,11,3,2026-04-05 15:00:00,2026-04-05 21:00:00,2026-04-05 14:57:00,2026-04-05 20:54:00,completed
2075,56,3,2026-04-05 11:00:00,2026-04-05 17:00:00,,,cancelled
2076,35,3,2026-04-05 13:00:00,2026-04-05 18:00:00,2026-04-05 13:00:00,2026-04-05 18:03:00,completed
2077,67,1,2026-04-06 09:00:00,2026-04-06 17:00:00,2026-04-06 09:04:00,2026-04-06 17:04:00,completed
2078,49,1,2026-04-06 08:00:00,2026-04-06 14:00:00,2026-04-06 07:57:00,2026-04-06 13:59:00,completed
2079,41,1,2026-04-06 16:00:00,2026-04-06 22:00:00,2026-04-06 15:58:00,2026-04-06 22:04:00,completed
2080,29,1,2026-04-06 10:00:00,2026-04-06 16:00:00,2026-04-06 10:00:00,2026-04-06 16:02:00,completed
2081,10,2,2026-04-06 09:00:00,2026-04-06 17:00:00,2026-04-06 09:18:00,2026-04-06 16:58:00,completed
2082,46,2,2026-04-06 08:00:00,2026-04-06 14:00:00,2026-04-06 07:58:00,2026-04-06 14:08:00,completed
2083,7,2,2026-04-06 15:00:00,2026-04-06 21:00:00,2026-04-06 15:00:00,2026-04-06 21:02:00,completed
2084,51,2,2026-04-06 10:00:00,2026-04-06 16:00:00,2026-04-06 10:02:00,2026-04-06 16:07:00,completed
2085,4,3,2026-04-06 10:00:00,2026-04-06 18:00:00,,,cancelled
2086,54,3,2026-04-06 09:00:00,2026-04-06 15:00:00,2026-04-06 09:13:00,2026-04-06 15:01:00,completed
2087,20,3,2026-04-06 15:00:00,2026-04-06 21:00:00,2026-04-06 15:00:00,2026-04-06 21:02:00,completed
2088,53,3,2026-04-06 11:00:00,2026-04-06 17:00:00,2026-04-06 10:56:00,2026-04-06 17:02:00,completed
2089,1,1,2026-04-07 09:00:00,2026-04-07 17:00:00,2026-04-07 09:01:00,2026-04-07 17:05:00,completed
2090,43,1,2026-04-07 08:00:00,2026-04-07 14:00:00,2026-04-07 07:54:00,2026-04-07 13:54:00,completed
2091,17,1,2026-04-07 16:00:00,2026-04-07 22:00:00,2026-04-07 15:58:00,2026-04-07 21:58:00,completed
2092,6,1,2026-04-07 10:00:00,2026-04-07 16:00:00,2026-04-07 09:58:00,2026-04-07 15:51:00,completed
2093,68,2,2026-04-07 09:00:00,2026-04-07 17:00:00,2026-04-07 09:01:00,2026-04-07 17:00:00,completed
2094,19,2,2026-04-07 08:00:00,2026-04-07 14:00:00,2026-04-07 08:00:00,2026-04-07 13:57:00,completed
2095,39,2,2026-04-07 15:00:00,2026-04-07 21:00:00,2026-04-07 14:58:00,2026-04-07 20:48:00,completed
2096,45,2,2026-04-07 10:00:00,2026-04-07 16:00:00,,,cancelled
2097,58,3,2026-04-07 10:00:00,2026-04-07 18:00:00,2026-04-07 10:01:00,2026-04-07 17:53:00,completed
2098,28,3,2026-04-07 09:00:00,2026-04-07 15:00:00,2026-04-07 08:59:00,2026-04-07 15:07:00,completed
2099,8,3,2026-04-07 15:00:00,2026-04-07 21:00:00,2026-04-07 14:58:00,2026-04-07 21:01:00,completed
2100,22,3,2026-04-07 11:00:00,2026-04-07 17:00:00,2026-04-07 11:00:00,2026-04-07 17:09:00,completed
2101,1,1,2026-04-08 09:00:00,2026-04-08 17:00:00,2026-04-08 08:59:00,2026-04-08 17:10:00,completed
2102,21,1,2026-04-08 08:00:00,2026-04-08 14:00:00,2026-04-08 08:01:00,2026-04-08 13:56:00,completed
2103,18,1,2026-04-08 16:00:00,2026-04-08 22:00:00,2026-04-08 16:04:00,2026-04-08 22:00:00,completed
2104,50,1,2026-04-08 10:00:00,2026-04-08 16:00:00,2026-04-08 10:05:00,2026-04-08 16:01:00,completed
2105,16,2,2026-04-08 09:00:00,2026-04-08 17:00:00,2026-04-08 08:57:00,2026-04-08 16:56:00,completed
2106,55,2,2026-04-08 08:00:00,2026-04-08 14:00:00,2026-04-08 08:01:00,2026-04-08 14:01:00,completed
2107,60,2,2026-04-08 15:00:00,2026-04-08 21:00:00,2026-04-08 15:01:00,2026-04-08 20:57:00,completed
2108,30,2,2026-04-08 10:00:00,2026-04-08 16:00:00,2026-04-08 09:58:00,2026-04-08 15:52:00,completed
2109,62,3,2026-04-08 10:00:00,2026-04-08 18:00:00,2026-04-08 10:00:00,2026-04-08 18:00:00,completed
2110,31,3,2026-04-08 09:00:00,2026-04-08 15:00:00,2026-04-08 08:57:00,2026-04-08 15:10:00,completed
2111,36,3,2026-04-08 15:00:00,2026-04-08 21:00:00,2026-04-08 14:59:00,2026-04-08 21:04:00,completed
2112,71,3,2026-04-08 11:00:00,2026-04-08 17:00:00,2026-04-08 11:01:00,2026-04-08 17:03:00,completed
2113,67,1,2026-04-09 09:00:00,2026-04-09 17:00:00,2026-04-09 09:03:00,2026-04-09 17:00:00,completed
2114,33,1,2026-04-09 08:00:00,2026-04-09 14:00:00,2026-04-09 08:01:00,2026-04-09 14:05:00,completed
2115,72,1,2026-04-09 16:00:00,2026-04-09 22:00:00,2026-04-09 16:01:00,2026-04-09 22:02:00,completed
2116,14,1,2026-04-09 10:00:00,2026-04-09 16:00:00,2026-04-09 09:58:00,2026-04-09 16:01:00,completed
2117,63,2,2026-04-09 09:00:00,2026-04-09 17:00:00,2026-04-09 08:58:00,2026-04-09 17:00:00,completed
2118,24,2,2026-04-09 08:00:00,2026-04-09 14:00:00,2026-04-09 07:58:00,2026-04-09 14:05:00,completed
2119,32,2,2026-04-09 15:00:00,2026-04-09 21:00:00,2026-04-09 15:01:00,2026-04-09 21:00:00,completed
2120,80,2,2026-04-09 10:00:00,2026-04-09 16:00:00,2026-04-09 10:00:00,2026-04-09 16:02:00,completed
2121,47,3,2026-04-09 10:00:00,2026-04-09 18:00:00,2026-04-09 10:02:00,2026-04-09 17:54:00,completed
2122,75,3,2026-04-09 09:00:00,2026-04-09 15:00:00,2026-04-09 08:57:00,2026-04-09 15:05:00,completed
2123,64,3,2026-04-09 15:00:00,2026-04-09 21:00:00,2026-04-09 15:01:00,2026-04-09 20:59:00,completed
2124,78,3,2026-04-09 11:00:00,2026-04-09 17:00:00,2026-04-09 11:00:00,2026-04-09 17:03:00,completed
2125,1,1,2026-04-10 09:00:00,2026-04-10 17:00:00,2026-04-10 09:00:00,2026-04-10 17:06:00,completed
2126,66,1,2026-04-10 08:00:00,2026-04-10 14:00:00,2026-04-10 08:03:00,2026-04-10 14:04:00,completed
2127,52,1,2026-04-10 16:00:00,2026-04-10 22:00:00,,,cancelled
2128,29,1,2026-04-10 10:00:00,2026-04-10 16:00:00,2026-04-10 10:05:00,2026-04-10 16:05:00,completed
2129,12,1,2026-04-10 12:00:00,2026-04-10 17:00:00,2026-04-10 11:57:00,2026-04-10 16:57:00,completed
2130,2,2,2026-04-10 09:00:00,2026-04-10 17:00:00,2026-04-10 08:59:00,2026-04-10 16:52:00,completed
2131,23,2,2026-04-10 08:00:00,2026-04-10 14:00:00,2026-04-10 07:59:00,2026-04-10 14:05:00,completed
2132,13,2,2026-04-10 15:00:00,2026-04-10 21:00:00,2026-04-10 15:00:00,2026-04-10 21:04:00,completed
2133,37,2,2026-04-10 10:00:00,2026-04-10 16:00:00,2026-04-10 10:02:00,2026-04-10 15:54:00,completed
2134,38,2,2026-04-10 12:00:00,2026-04-10 17:00:00,2026-04-10 11:57:00,2026-04-10 17:02:00,completed
2135,3,3,2026-04-10 10:00:00,2026-04-10 18:00:00,2026-04-10 10:01:00,2026-04-10 18:05:00,completed
2136,26,3,2026-04-10 09:00:00,2026-04-10 15:00:00,2026-04-10 08:56:00,2026-04-10 15:01:00,completed
2137,5,3,2026-04-10 15:00:00,2026-04-10 21:00:00,2026-04-10 14:55:00,2026-04-10 21:00:00,completed
2138,56,3,2026-04-10 11:00:00,2026-04-10 17:00:00,2026-04-10 10:57:00,2026-04-10 16:51:00,completed
2139,69,3,2026-04-10 13:00:00,2026-04-10 18:00:00,2026-04-10 13:04:00,2026-04-10 18:07:00,completed
2140,67,1,2026-04-11 09:00:00,2026-04-11 17:00:00,2026-04-11 09:03:00,2026-04-11 17:05:00,completed
2141,12,1,2026-04-11 08:00:00,2026-04-11 14:00:00,2026-04-11 07:58:00,2026-04-11 14:05:00,completed
2142,49,1,2026-04-11 16:00:00,2026-04-11 22:00:00,2026-04-11 16:00:00,2026-04-11 21:57:00,completed
2143,6,1,2026-04-11 10:00:00,2026-04-11 16:00:00,2026-04-11 10:03:00,2026-04-11 16:02:00,completed
2144,41,1,2026-04-11 12:00:00,2026-04-11 17:00:00,2026-04-11 11:54:00,2026-04-11 16:48:00,completed
2145,2,2,2026-04-11 09:00:00,2026-04-11 17:00:00,2026-04-11 09:03:00,2026-04-11 16:57:00,completed
2146,40,2,2026-04-11 08:00:00,2026-04-11 14:00:00,,,missed
2147,38,2,2026-04-11 15:00:00,2026-04-11 21:00:00,2026-04-11 15:02:00,2026-04-11 21:03:00,completed
2148,37,2,2026-04-11 10:00:00,2026-04-11 16:00:00,2026-04-11 10:04:00,2026-04-11 16:04:00,completed
2149,23,2,2026-04-11 12:00:00,2026-04-11 17:00:00,2026-04-11 12:07:00,2026-04-11 17:03:00,completed
2150,3,3,2026-04-11 10:00:00,2026-04-11 18:00:00,2026-04-11 10:01:00,2026-04-11 18:03:00,completed
2151,77,3,2026-04-11 09:00:00,2026-04-11 15:00:00,,,cancelled
2152,34,3,2026-04-11 15:00:00,2026-04-11 21:00:00,2026-04-11 14:58:00,2026-04-11 20:55:00,completed
2153,25,3,2026-04-11 11:00:00,2026-04-11 17:00:00,2026-04-11 11:12:00,2026-04-11 16:55:00,completed
2154,35,3,2026-04-11 13:00:00,2026-04-11 18:00:00,2026-04-11 12:56:00,2026-04-11 17:58:00,completed
2155,1,1,2026-04-12 09:00:00,2026-04-12 17:00:00,2026-04-12 09:02:00,2026-04-12 17:02:00,completed
2156,66,1,2026-04-12 08:00:00,2026-04-12 14:00:00,2026-04-12 08:05:00,2026-04-12 13:59:00,completed
2157,43,1,2026-04-12 16:00:00,2026-04-12 22:00:00,2026-04-12 15:53:00,2026-04-12 22:05:00,completed
2158,50,1,2026-04-12 10:00:00,2026-04-12 16:00:00,2026-04-12 10:00:00,2026-04-12 15:54:00,completed
2159,17,1,2026-04-12 12:00:00,2026-04-12 17:00:00,2026-04-12 11:56:00,2026-04-12 16:59:00,completed
2160,10,2,2026-04-12 09:00:00,2026-04-12 17:00:00,2026-04-12 09:00:00,2026-04-12 16:59:00,completed
2161,13,2,2026-04-12 08:00:00,2026-04-12 14:00:00,2026-04-12 07:59:00,2026-04-12 13:56:00,completed
2162,40,2,2026-04-12 15:00:00,2026-04-12 21:00:00,2026-04-12 15:02:00,2026-04-12 20:48:00,completed
2163,51,2,2026-04-12 10:00:00,2026-04-12 16:00:00,2026-04-12 09:59:00,2026-04-12 15:57:00,completed
2164,19,2,2026-04-12 12:00:00,2026-04-12 17:00:00,2026-04-12 12:01:00,2026-04-12 16:58:00,completed
2165,4,3,2026-04-12 10:00:00,2026-04-12 18:00:00,2026-04-12 09:59:00,2026-04-12 18:04:00,completed
2166,11,3,2026-04-12 09:00:00,2026-04-12 15:00:00,2026-04-12 09:02:00,2026-04-12 15:02:00,completed
2167,69,3,2026-04-12 15:00:00,2026-04-12 21:00:00,2026-04-12 15:00:00,2026-04-12 20:55:00,completed
2168,15,3,2026-04-12 11:00:00,2026-04-12 17:00:00,2026-04-12 10:59:00,2026-04-12 17:02:00,completed
2169,35,3,2026-04-12 13:00:00,2026-04-12 18:00:00,2026-04-12 13:02:00,2026-04-12 17:55:00,completed
2170,67,1,2026-04-13 09:00:00,2026-04-13 17:00:00,2026-04-13 09:01:00,2026-04-13 16:59:00,completed
2171,49,1,2026-04-13 08:00:00,2026-04-13 14:00:00,2026-04-13 07:58:00,2026-04-13 13:56:00,completed
2172,52,1,2026-04-13 16:00:00,2026-04-13 22:00:00,2026-04-13 16:00:00,2026-04-13 22:03:00,completed
2173,29,1,2026-04-13 10:00:00,2026-04-13 16:00:00,2026-04-13 10:05:00,2026-04-13 15:52:00,completed
2174,10,2,2026-04-13 09:00:00,2026-04-13 17:00:00,2026-04-13 08:59:00,2026-04-13 16:58:00,completed
2175,24,2,2026-04-13 08:00:00,2026-04-13 14:00:00,2026-04-13 07:56:00,2026-04-13 14:06:00,completed
2176,60,2,2026-04-13 15:00:00,2026-04-13 21:00:00,2026-04-13 14:56:00,2026-04-13 20:51:00,completed
2177,51,2,2026-04-13 10:00:00,2026-04-13 16:00:00,2026-04-13 10:03:00,2026-04-13 15:58:00,completed
2178,47,3,2026-04-13 10:00:00,2026-04-13 18:00:00,2026-04-13 09:59:00,2026-04-13 18:01:00,completed
2179,31,3,2026-04-13 09:00:00,2026-04-13 15:00:00,2026-04-13 09:02:00,2026-04-13 14:57:00,completed
2180,54,3,2026-04-13 15:00:00,2026-04-13 21:00:00,2026-04-13 14:57:00,2026-04-13 21:05:00,completed
2181,78,3,2026-04-13 11:00:00,2026-04-13 17:00:00,2026-04-13 11:04:00,2026-04-13 16:59:00,completed
2182,1,1,2026-04-14 09:00:00,2026-04-14 17:00:00,2026-04-14 08:58:00,2026-04-14 17:06:00,completed
2183,41,1,2026-04-14 08:00:00,2026-04-14 14:00:00,2026-04-14 07:56:00,2026-04-14 13:53:00,completed
2184,33,1,2026-04-14 16:00:00,2026-04-14 22:00:00,2026-04-14 16:01:00,2026-04-14 22:07:00,completed
2185,14,1,2026-04-14 10:00:00,2026-04-14 16:00:00,,,cancelled
2186,68,2,2026-04-14 09:00:00,2026-04-14 17:00:00,,,cancelled
2187,55,2,2026-04-14 08:00:00,2026-04-14 14:00:00,2026-04-14 07:57:00,2026-04-14 14:05:00,completed
2188,39,2,2026-04-14 15:00:00,2026-04-14 21:00:00,2026-04-14 15:08:00,2026-04-14 20:58:00,completed
2189,30,2,2026-04-14 10:00:00,2026-04-14 16:00:00,2026-04-14 09:58:00,2026-04-14 16:05:00,completed
2190,58,3,2026-04-14 10:00:00,2026-04-14 18:00:00,2026-04-14 10:01:00,2026-04-14 18:11:00,completed
2191,26,3,2026-04-14 09:00:00,2026-04-14 15:00:00,2026-04-14 09:03:00,2026-04-14 14:51:00,completed
2192,75,3,2026-04-14 15:00:00,2026-04-14 21:00:00,2026-04-14 15:01:00,2026-04-14 20:55:00,completed
2193,22,3,2026-04-14 11:00:00,2026-04-14 17:00:00,2026-04-14 10:58:00,2026-04-14 16:54:00,completed
2194,1,1,2026-04-15 09:00:00,2026-04-15 17:00:00,2026-04-15 08:58:00,2026-04-15 17:02:00,completed
2195,72,1,2026-04-15 08:00:00,2026-04-15 14:00:00,,,missed
2196,18,1,2026-04-15 16:00:00,2026-04-15 22:00:00,2026-04-15 15:58:00,2026-04-15 22:00:00,completed
2197,6,1,2026-04-15 10:00:00,2026-04-15 16:00:00,2026-04-15 09:56:00,2026-04-15 15:54:00,completed
2198,16,2,2026-04-15 09:00:00,2026-04-15 17:00:00,2026-04-15 09:03:00,2026-04-15 16:55:00,completed
2199,7,2,2026-04-15 08:00:00,2026-04-15 14:00:00,2026-04-15 07:58:00,2026-04-15 13:56:00,completed
2200,46,2,2026-04-15 15:00:00,2026-04-15 21:00:00,2026-04-15 15:05:00,2026-04-15 20:48:00,completed
2201,80,2,2026-04-15 10:00:00,2026-04-15 16:00:00,2026-04-15 09:55:00,2026-04-15 15:53:00,completed
2202,62,3,2026-04-15 10:00:00,2026-04-15 18:00:00,2026-04-15 10:10:00,2026-04-15 17:55:00,completed
2203,5,3,2026-04-15 09:00:00,2026-04-15 15:00:00,2026-04-15 09:01:00,2026-04-15 14:57:00,completed
2204,20,3,2026-04-15 15:00:00,2026-04-15 21:00:00,2026-04-15 15:00:00,2026-04-15 21:00:00,completed
2205,71,3,2026-04-15 11:00:00,2026-04-15 17:00:00,2026-04-15 11:00:00,2026-04-15 17:07:00,completed
2206,67,1,2026-04-16 09:00:00,2026-04-16 17:00:00,2026-04-16 09:02:00,2026-04-16 16:57:00,completed
2207,21,1,2026-04-16 08:00:00,2026-04-16 14:00:00,2026-04-16 08:02:00,2026-04-16 14:02:00,completed
2208,17,1,2026-04-16 16:00:00,2026-04-16 22:00:00,2026-04-16 16:00:00,2026-04-16 22:01:00,completed
2209,50,1,2026-04-16 10:00:00,2026-04-16 16:00:00,2026-04-16 10:01:00,2026-04-16 16:00:00,completed
2210,63,2,2026-04-16 09:00:00,2026-04-16 17:00:00,2026-04-16 09:05:00,2026-04-16 16:57:00,completed
2211,32,2,2026-04-16 08:00:00,2026-04-16 14:00:00,2026-04-16 08:00:00,2026-04-16 14:00:00,completed
2212,19,2,2026-04-16 15:00:00,2026-04-16 21:00:00,2026-04-16 14:58:00,2026-04-16 21:03:00,completed
2213,45,2,2026-04-16 10:00:00,2026-04-16 16:00:00,2026-04-16 10:02:00,2026-04-16 16:05:00,completed
2214,4,3,2026-04-16 10:00:00,2026-04-16 18:00:00,2026-04-16 10:02:00,2026-04-16 17:57:00,completed
2215,28,3,2026-04-16 09:00:00,2026-04-16 15:00:00,2026-04-16 09:00:00,2026-04-16 15:00:00,completed
2216,8,3,2026-04-16 15:00:00,2026-04-16 21:00:00,2026-04-16 15:05:00,2026-04-16 21:09:00,completed
2217,53,3,2026-04-16 11:00:00,2026-04-16 17:00:00,2026-04-16 11:02:00,2026-04-16 16:57:00,completed
2218,1,1,2026-04-17 09:00:00,2026-04-17 17:00:00,2026-04-17 08:55:00,2026-04-17 16:57:00,completed
2219,66,1,2026-04-17 08:00:00,2026-04-17 14:00:00,2026-04-17 07:57:00,2026-04-17 13:57:00,completed
2220,43,1,2026-04-17 16:00:00,2026-04-17 22:00:00,2026-04-17 16:05:00,2026-04-17 22:03:00,completed
2221,29,1,2026-04-17 10:00:00,2026-04-17 16:00:00,2026-04-17 10:04:00,2026-04-17 15:59:00,completed
2222,12,1,2026-04-17 12:00:00,2026-04-17 17:00:00,2026-04-17 12:11:00,2026-04-17 16:52:00,completed
2223,2,2,2026-04-17 09:00:00,2026-04-17 17:00:00,2026-04-17 09:00:00,2026-04-17 16:54:00,completed
2224,23,2,2026-04-17 08:00:00,2026-04-17 14:00:00,2026-04-17 08:03:00,2026-04-17 14:03:00,completed
2225,40,2,2026-04-17 15:00:00,2026-04-17 21:00:00,2026-04-17 14:58:00,2026-04-17 20:54:00,completed
2226,37,2,2026-04-17 10:00:00,2026-04-17 16:00:00,2026-04-17 10:02:00,2026-04-17 16:06:00,completed
2227,38,2,2026-04-17 12:00:00,2026-04-17 17:00:00,2026-04-17 12:01:00,2026-04-17 17:05:00,completed
2228,3,3,2026-04-17 10:00:00,2026-04-17 18:00:00,2026-04-17 09:56:00,2026-04-17 18:03:00,completed
2229,64,3,2026-04-17 09:00:00,2026-04-17 15:00:00,2026-04-17 09:16:00,2026-04-17 15:02:00,completed
2230,36,3,2026-04-17 15:00:00,2026-04-17 21:00:00,2026-04-17 15:01:00,2026-04-17 20:54:00,completed
2231,70,3,2026-04-17 11:00:00,2026-04-17 17:00:00,2026-04-17 11:07:00,2026-04-17 17:07:00,completed
2232,44,3,2026-04-17 13:00:00,2026-04-17 18:00:00,2026-04-17 13:17:00,2026-04-17 18:00:00,completed
2233,67,1,2026-04-18 09:00:00,2026-04-18 17:00:00,2026-04-18 09:01:00,2026-04-18 16:51:00,completed
2234,12,1,2026-04-18 08:00:00,2026-04-18 14:00:00,2026-04-18 07:52:00,2026-04-18 13:55:00,completed
2235,49,1,2026-04-18 16:00:00,2026-04-18 22:00:00,2026-04-18 15:54:00,2026-04-18 21:59:00,completed
2236,6,1,2026-04-18 10:00:00,2026-04-18 16:00:00,2026-04-18 09:59:00,2026-04-18 16:05:00,completed
2237,52,1,2026-04-18 12:00:00,2026-04-18 17:00:00,2026-04-18 12:14:00,2026-04-18 16:55:00,completed
2238,2,2,2026-04-18 09:00:00,2026-04-18 17:00:00,2026-04-18 08:55:00,2026-04-18 16:54:00,completed
2239,13,2,2026-04-18 08:00:00,2026-04-18 14:00:00,2026-04-18 08:02:00,2026-04-18 14:03:00,completed
2240,38,2,2026-04-18 15:00:00,2026-04-18 21:00:00,2026-04-18 14:58:00,2026-04-18 20:55:00,completed
2241,37,2,2026-04-18 10:00:00,2026-04-18 16:00:00,2026-04-18 10:00:00,2026-04-18 16:07:00,completed
2242,23,2,2026-04-18 12:00:00,2026-04-18 17:00:00,2026-04-18 12:00:00,2026-04-18 17:00:00,completed
2243,3,3,2026-04-18 10:00:00,2026-04-18 18:00:00,2026-04-18 09:58:00,2026-04-18 17:57:00,completed
2244,77,3,2026-04-18 09:00:00,2026-04-18 15:00:00,2026-04-18 08:56:00,2026-04-18 14:58:00,completed
2245,69,3,2026-04-18 15:00:00,2026-04-18 21:00:00,2026-04-18 14:59:00,2026-04-18 20:52:00,completed
2246,56,3,2026-04-18 11:00:00,2026-04-18 17:00:00,2026-04-18 11:04:00,2026-04-18 16:58:00,completed
2247,34,3,2026-04-18 13:00:00,2026-04-18 18:00:00,2026-04-18 12:57:00,2026-04-18 17:56:00,completed
2248,1,1,2026-04-19 09:00:00,2026-04-19 17:00:00,2026-04-19 08:59:00,2026-04-19 17:01:00,completed
2249,18,1,2026-04-19 08:00:00,2026-04-19 14:00:00,2026-04-19 07:57:00,2026-04-19 13:59:00,completed
2250,21,1,2026-04-19 16:00:00,2026-04-19 22:00:00,2026-04-19 15:58:00,2026-04-19 22:02:00,completed
2251,50,1,2026-04-19 10:00:00,2026-04-19 16:00:00,2026-04-19 09:56:00,2026-04-19 16:03:00,completed
2252,72,1,2026-04-19 12:00:00,2026-04-19 17:00:00,2026-04-19 12:02:00,2026-04-19 16:58:00,completed
2253,10,2,2026-04-19 09:00:00,2026-04-19 17:00:00,2026-04-19 09:03:00,2026-04-19 17:01:00,completed
2254,13,2,2026-04-19 08:00:00,2026-04-19 14:00:00,,,missed
2255,40,2,2026-04-19 15:00:00,2026-04-19 21:00:00,2026-04-19 15:03:00,2026-04-19 21:04:00,completed
2256,51,2,2026-04-19 10:00:00,2026-04-19 16:00:00,2026-04-19 09:59:00,2026-04-19 16:06:00,completed
2257,60,2,2026-04-19 12:00:00,2026-04-19 17:00:00,2026-04-19 11:58:00,2026-04-19 17:01:00,completed
2258,47,3,2026-04-19 10:00:00,2026-04-19 18:00:00,2026-04-19 10:03:00,2026-04-19 18:03:00,completed
2259,11,3,2026-04-19 09:00:00,2026-04-19 15:00:00,2026-04-19 08:59:00,2026-04-19 14:59:00,completed
2260,35,3,2026-04-19 15:00:00,2026-04-19 21:00:00,2026-04-19 15:00:00,2026-04-19 20:55:00,completed
2261,15,3,2026-04-19 11:00:00,2026-04-19 17:00:00,2026-04-19 10:59:00,2026-04-19 16:59:00,completed
2262,34,3,2026-04-19 13:00:00,2026-04-19 18:00:00,2026-04-19 12:56:00,2026-04-19 18:03:00,completed
2263,67,1,2026-04-20 09:00:00,2026-04-20 17:00:00,,,cancelled
2264,49,1,2026-04-20 08:00:00,2026-04-20 14:00:00,2026-04-20 08:02:00,2026-04-20 14:01:00,completed
2265,41,1,2026-04-20 16:00:00,2026-04-20 22:00:00,2026-04-20 15:55:00,2026-04-20 21:59:00,completed
2266,29,1,2026-04-20 10:00:00,2026-04-20 16:00:00,2026-04-20 10:02:00,2026-04-20 15:55:00,completed
2267,10,2,2026-04-20 09:00:00,2026-04-20 17:00:00,2026-04-20 08:57:00,2026-04-20 17:06:00,completed
2268,7,2,2026-04-20 08:00:00,2026-04-20 14:00:00,2026-04-20 07:56:00,2026-04-20 13:57:00,completed
2269,39,2,2026-04-20 15:00:00,2026-04-20 21:00:00,2026-04-20 14:55:00,2026-04-20 20:57:00,completed
2270,51,2,2026-04-20 10:00:00,2026-04-20 16:00:00,2026-04-20 09:58:00,2026-04-20 15:53:00,completed
2271,62,3,2026-04-20 10:00:00,2026-04-20 18:00:00,2026-04-20 09:58:00,2026-04-20 17:54:00,completed
2272,5,3,2026-04-20 09:00:00,2026-04-20 15:00:00,2026-04-20 09:02:00,2026-04-20 14:58:00,completed
2273,64,3,2026-04-20 15:00:00,2026-04-20 21:00:00,2026-04-20 15:00:00,2026-04-20 21:03:00,completed
2274,25,3,2026-04-20 11:00:00,2026-04-20 17:00:00,2026-04-20 11:03:00,2026-04-20 17:02:00,completed
2275,1,1,2026-04-21 09:00:00,2026-04-21 17:00:00,2026-04-21 09:01:00,2026-04-21 17:03:00,completed
2276,33,1,2026-04-21 08:00:00,2026-04-21 14:00:00,2026-04-21 08:02:00,2026-04-21 14:04:00,completed
2277,52,1,2026-04-21 16:00:00,2026-04-21 22:00:00,2026-04-21 16:01:00,2026-04-21 21:51:00,completed
2278,14,1,2026-04-21 10:00:00,2026-04-21 16:00:00,2026-04-21 10:00:00,2026-04-21 16:00:00,completed
2279,68,2,2026-04-21 09:00:00,2026-04-21 17:00:00,,,cancelled
2280,46,2,2026-04-21 08:00:00,2026-04-21 14:00:00,2026-04-21 08:01:00,2026-04-21 13:55:00,completed
2281,55,2,2026-04-21 15:00:00,2026-04-21 21:00:00,2026-04-21 14:57:00,2026-04-21 20:52:00,completed
2282,45,2,2026-04-21 10:00:00,2026-04-21 16:00:00,2026-04-21 10:02:00,2026-04-21 16:07:00,completed
2283,58,3,2026-04-21 10:00:00,2026-04-21 18:00:00,2026-04-21 10:08:00,2026-04-21 18:01:00,completed
2284,26,3,2026-04-21 09:00:00,2026-04-21 15:00:00,2026-04-21 09:01:00,2026-04-21 15:07:00,completed
2285,28,3,2026-04-21 15:00:00,2026-04-21 21:00:00,2026-04-21 15:00:00,2026-04-21 20:49:00,completed
2286,22,3,2026-04-21 11:00:00,2026-04-21 17:00:00,2026-04-21 11:05:00,2026-04-21 16:58:00,completed
2287,1,1,2026-04-22 09:00:00,2026-04-22 17:00:00,2026-04-22 09:00:00,2026-04-22 17:01:00,completed
2288,43,1,2026-04-22 08:00:00,2026-04-22 14:00:00,2026-04-22 07:53:00,2026-04-22 13:55:00,completed
2289,21,1,2026-04-22 16:00:00,2026-04-22 22:00:00,,,cancelled
2290,6,1,2026-04-22 10:00:00,2026-04-22 16:00:00,2026-04-22 10:05:00,2026-04-22 16:06:00,completed
2291,63,2,2026-04-22 09:00:00,2026-04-22 17:00:00,2026-04-22 09:04:00,2026-04-22 16:55:00,completed
2292,24,2,2026-04-22 08:00:00,2026-04-22 14:00:00,2026-04-22 07:58:00,2026-04-22 13:59:00,completed
2293,32,2,2026-04-22 15:00:00,2026-04-22 21:00:00,2026-04-22 15:05:00,2026-04-22 21:03:00,completed
2294,80,2,2026-04-22 10:00:00,2026-04-22 16:00:00,2026-04-22 10:05:00,2026-04-22 16:02:00,completed
2295,47,3,2026-04-22 10:00:00,2026-04-22 18:00:00,2026-04-22 10:14:00,2026-04-22 18:01:00,completed
2296,31,3,2026-04-22 09:00:00,2026-04-22 15:00:00,2026-04-22 09:00:00,2026-04-22 14:58:00,completed
2297,54,3,2026-04-22 15:00:00,2026-04-22 21:00:00,2026-04-22 14:58:00,2026-04-22 20:55:00,completed
2298,70,3,2026-04-22 11:00:00,2026-04-22 17:00:00,,,cancelled
2299,67,1,2026-04-23 09:00:00,2026-04-23 17:00:00,2026-04-23 09:04:00,2026-04-23 16:59:00,completed
2300,66,1,2026-04-23 08:00:00,2026-04-23 14:00:00,2026-04-23 08:01:00,2026-04-23 13:58:00,completed
2301,72,1,2026-04-23 16:00:00,2026-04-23 22:00:00,,,cancelled
2302,50,1,2026-04-23 10:00:00,2026-04-23 16:00:00,2026-04-23 09:59:00,2026-04-23 15:54:00,completed
2303,16,2,2026-04-23 09:00:00,2026-04-23 17:00:00,2026-04-23 09:03:00,2026-04-23 16:58:00,completed
2304,19,2,2026-04-23 08:00:00,2026-04-23 14:00:00,2026-04-23 07:56:00,2026-04-23 14:03:00,completed
2305,60,2,2026-04-23 15:00:00,2026-04-23 21:00:00,2026-04-23 15:04:00,2026-04-23 20:55:00,completed
2306,30,2,2026-04-23 10:00:00,2026-04-23 16:00:00,2026-04-23 09:57:00,2026-04-23 16:06:00,completed
2307,4,3,2026-04-23 10:00:00,2026-04-23 18:00:00,2026-04-23 09:58:00,2026-04-23 18:00:00,completed
2308,8,3,2026-04-23 09:00:00,2026-04-23 15:00:00,2026-04-23 08:56:00,2026-04-23 14:57:00,completed
2309,36,3,2026-04-23 15:00:00,2026-04-23 21:00:00,2026-04-23 15:02:00,2026-04-23 20:57:00,completed
2310,78,3,2026-04-23 11:00:00,2026-04-23 17:00:00,2026-04-23 11:02:00,2026-04-23 16:59:00,completed
2311,1,1,2026-04-24 09:00:00,2026-04-24 17:00:00,2026-04-24 09:00:00,2026-04-24 17:07:00,completed
2312,17,1,2026-04-24 08:00:00,2026-04-24 14:00:00,2026-04-24 07:59:00,2026-04-24 13:50:00,completed
2313,18,1,2026-04-24 16:00:00,2026-04-24 22:00:00,2026-04-24 16:02:00,2026-04-24 22:06:00,completed
2314,29,1,2026-04-24 10:00:00,2026-04-24 16:00:00,2026-04-24 10:01:00,2026-04-24 16:14:00,completed
2315,12,1,2026-04-24 12:00:00,2026-04-24 17:00:00,2026-04-24 11:58:00,2026-04-24 17:04:00,completed
2316,2,2,2026-04-24 09:00:00,2026-04-24 17:00:00,2026-04-24 09:01:00,2026-04-24 17:02:00,completed
2317,23,2,2026-04-24 08:00:00,2026-04-24 14:00:00,2026-04-24 07:55:00,2026-04-24 14:02:00,completed
2318,40,2,2026-04-24 15:00:00,2026-04-24 21:00:00,2026-04-24 15:00:00,2026-04-24 21:05:00,completed
2319,37,2,2026-04-24 10:00:00,2026-04-24 16:00:00,2026-04-24 10:02:00,2026-04-24 16:09:00,completed
2320,38,2,2026-04-24 12:00:00,2026-04-24 17:00:00,2026-04-24 11:58:00,2026-04-24 16:48:00,completed
2321,3,3,2026-04-24 10:00:00,2026-04-24 18:00:00,2026-04-24 09:58:00,2026-04-24 17:53:00,completed
2322,75,3,2026-04-24 09:00:00,2026-04-24 15:00:00,2026-04-24 08:58:00,2026-04-24 15:02:00,completed
2323,20,3,2026-04-24 15:00:00,2026-04-24 21:00:00,2026-04-24 14:55:00,2026-04-24 21:07:00,completed
2324,71,3,2026-04-24 11:00:00,2026-04-24 17:00:00,2026-04-24 11:02:00,2026-04-24 16:53:00,completed
2325,44,3,2026-04-24 13:00:00,2026-04-24 18:00:00,2026-04-24 13:03:00,2026-04-24 18:05:00,completed
2326,67,1,2026-04-25 09:00:00,2026-04-25 17:00:00,2026-04-25 09:02:00,2026-04-25 17:01:00,completed
2327,12,1,2026-04-25 08:00:00,2026-04-25 14:00:00,2026-04-25 07:59:00,2026-04-25 13:48:00,completed
2328,49,1,2026-04-25 16:00:00,2026-04-25 22:00:00,2026-04-25 16:00:00,2026-04-25 22:03:00,completed
2329,14,1,2026-04-25 10:00:00,2026-04-25 16:00:00,2026-04-25 10:01:00,2026-04-25 15:59:00,completed
2330,33,1,2026-04-25 12:00:00,2026-04-25 17:00:00,2026-04-25 11:56:00,2026-04-25 17:03:00,completed
2331,2,2,2026-04-25 09:00:00,2026-04-25 17:00:00,2026-04-25 08:57:00,2026-04-25 16:58:00,completed
2332,13,2,2026-04-25 08:00:00,2026-04-25 14:00:00,2026-04-25 07:57:00,2026-04-25 13:55:00,completed
2333,38,2,2026-04-25 15:00:00,2026-04-25 21:00:00,2026-04-25 15:02:00,2026-04-25 21:04:00,completed
2334,37,2,2026-04-25 10:00:00,2026-04-25 16:00:00,2026-04-25 10:05:00,2026-04-25 16:08:00,completed
2335,23,2,2026-04-25 12:00:00,2026-04-25 17:00:00,2026-04-25 12:03:00,2026-04-25 16:59:00,completed
2336,3,3,2026-04-25 10:00:00,2026-04-25 18:00:00,2026-04-25 09:56:00,2026-04-25 17:57:00,completed
2337,77,3,2026-04-25 09:00:00,2026-04-25 15:00:00,2026-04-25 08:57:00,2026-04-25 15:01:00,completed
2338,11,3,2026-04-25 15:00:00,2026-04-25 21:00:00,2026-04-25 14:57:00,2026-04-25 21:04:00,completed
2339,53,3,2026-04-25 11:00:00,2026-04-25 17:00:00,2026-04-25 10:58:00,2026-04-25 16:55:00,completed
2340,69,3,2026-04-25 13:00:00,2026-04-25 18:00:00,2026-04-25 12:59:00,2026-04-25 17:58:00,completed
2341,1,1,2026-04-26 09:00:00,2026-04-26 17:00:00,2026-04-26 09:02:00,2026-04-26 17:12:00,completed
2342,41,1,2026-04-26 08:00:00,2026-04-26 14:00:00,2026-04-26 07:59:00,2026-04-26 14:07:00,completed
2343,21,1,2026-04-26 16:00:00,2026-04-26 22:00:00,2026-04-26 15:59:00,2026-04-26 22:00:00,completed
2344,50,1,2026-04-26 10:00:00,2026-04-26 16:00:00,2026-04-26 10:00:00,2026-04-26 16:02:00,completed
2345,43,1,2026-04-26 12:00:00,2026-04-26 17:00:00,2026-04-26 12:01:00,2026-04-26 17:00:00,completed
2346,10,2,2026-04-26 09:00:00,2026-04-26 17:00:00,2026-04-26 09:01:00,2026-04-26 17:10:00,completed
2347,13,2,2026-04-26 08:00:00,2026-04-26 14:00:00,2026-04-26 08:03:00,2026-04-26 14:02:00,completed
2348,40,2,2026-04-26 15:00:00,2026-04-26 21:00:00,,,cancelled
2349,51,2,2026-04-26 10:00:00,2026-04-26 16:00:00,,,cancelled
2350,55,2,2026-04-26 12:00:00,2026-04-26 17:00:00,2026-04-26 11:55:00,2026-04-26 17:02:00,completed
2351,58,3,2026-04-26 10:00:00,2026-04-26 18:00:00,2026-04-26 10:00:00,2026-04-26 17:52:00,completed
2352,34,3,2026-04-26 09:00:00,2026-04-26 15:00:00,2026-04-26 09:01:00,2026-04-26 14:53:00,completed
2353,35,3,2026-04-26 15:00:00,2026-04-26 21:00:00,2026-04-26 14:59:00,2026-04-26 21:01:00,completed
2354,56,3,2026-04-26 11:00:00,2026-04-26 17:00:00,2026-04-26 11:03:00,2026-04-26 17:01:00,completed
2355,44,3,2026-04-26 13:00:00,2026-04-26 18:00:00,2026-04-26 13:00:00,2026-04-26 17:54:00,completed
2356,67,1,2026-04-27 09:00:00,2026-04-27 17:00:00,2026-04-27 09:00:00,2026-04-27 17:02:00,completed
2357,49,1,2026-04-27 08:00:00,2026-04-27 14:00:00,2026-04-27 08:01:00,2026-04-27 13:58:00,completed
2358,66,1,2026-04-27 16:00:00,2026-04-27 22:00:00,2026-04-27 15:58:00,2026-04-27 22:02:00,completed
2359,29,1,2026-04-27 10:00:00,2026-04-27 16:00:00,2026-04-27 10:02:00,2026-04-27 16:07:00,completed
2360,10,2,2026-04-27 09:00:00,2026-04-27 17:00:00,2026-04-27 08:57:00,2026-04-27 17:01:00,completed
2361,46,2,2026-04-27 08:00:00,2026-04-27 14:00:00,2026-04-27 07:59:00,2026-04-27 14:03:00,completed
2362,24,2,2026-04-27 15:00:00,2026-04-27 21:00:00,2026-04-27 15:01:00,2026-04-27 21:02:00,completed
2363,51,2,2026-04-27 10:00:00,2026-04-27 16:00:00,2026-04-27 10:02:00,2026-04-27 15:59:00,completed
2364,62,3,2026-04-27 10:00:00,2026-04-27 18:00:00,2026-04-27 10:03:00,2026-04-27 18:05:00,completed
2365,26,3,2026-04-27 09:00:00,2026-04-27 15:00:00,2026-04-27 08:59:00,2026-04-27 15:09:00,completed
2366,75,3,2026-04-27 15:00:00,2026-04-27 21:00:00,2026-04-27 14:58:00,2026-04-27 20:56:00,completed
2367,22,3,2026-04-27 11:00:00,2026-04-27 17:00:00,2026-04-27 11:15:00,2026-04-27 17:08:00,completed
2368,1,1,2026-04-28 09:00:00,2026-04-28 17:00:00,2026-04-28 09:05:00,2026-04-28 17:04:00,completed
2369,52,1,2026-04-28 08:00:00,2026-04-28 14:00:00,2026-04-28 08:05:00,2026-04-28 13:59:00,completed
2370,17,1,2026-04-28 16:00:00,2026-04-28 22:00:00,2026-04-28 15:59:00,2026-04-28 22:06:00,completed
2371,6,1,2026-04-28 10:00:00,2026-04-28 16:00:00,2026-04-28 10:02:00,2026-04-28 16:00:00,completed
2372,68,2,2026-04-28 09:00:00,2026-04-28 17:00:00,2026-04-28 09:02:00,2026-04-28 16:56:00,completed
2373,7,2,2026-04-28 08:00:00,2026-04-28 14:00:00,2026-04-28 08:01:00,2026-04-28 13:59:00,completed
2374,39,2,2026-04-28 15:00:00,2026-04-28 21:00:00,2026-04-28 15:01:00,2026-04-28 20:58:00,completed
2375,30,2,2026-04-28 10:00:00,2026-04-28 16:00:00,2026-04-28 10:01:00,2026-04-28 16:06:00,completed
2376,47,3,2026-04-28 10:00:00,2026-04-28 18:00:00,2026-04-28 10:01:00,2026-04-28 18:05:00,completed
2377,31,3,2026-04-28 09:00:00,2026-04-28 15:00:00,2026-04-28 08:59:00,2026-04-28 15:01:00,completed
2378,54,3,2026-04-28 15:00:00,2026-04-28 21:00:00,2026-04-28 14:58:00,2026-04-28 20:54:00,completed
2379,53,3,2026-04-28 11:00:00,2026-04-28 17:00:00,2026-04-28 11:01:00,2026-04-28 16:56:00,completed
2380,1,1,2026-04-29 09:00:00,2026-04-29 17:00:00,2026-04-29 08:58:00,2026-04-29 16:56:00,completed
2381,72,1,2026-04-29 08:00:00,2026-04-29 14:00:00,2026-04-29 08:05:00,2026-04-29 14:06:00,completed
2382,41,1,2026-04-29 16:00:00,2026-04-29 22:00:00,2026-04-29 15:59:00,2026-04-29 22:02:00,completed
2383,14,1,2026-04-29 10:00:00,2026-04-29 16:00:00,2026-04-29 10:04:00,2026-04-29 15:53:00,completed
2384,63,2,2026-04-29 09:00:00,2026-04-29 17:00:00,2026-04-29 08:58:00,2026-04-29 17:01:00,completed
2385,32,2,2026-04-29 08:00:00,2026-04-29 14:00:00,2026-04-29 07:58:00,2026-04-29 13:54:00,completed
2386,55,2,2026-04-29 15:00:00,2026-04-29 21:00:00,2026-04-29 14:57:00,2026-04-29 21:03:00,completed
2387,45,2,2026-04-29 10:00:00,2026-04-29 16:00:00,2026-04-29 10:18:00,2026-04-29 15:57:00,completed
2388,58,3,2026-04-29 10:00:00,2026-04-29 18:00:00,2026-04-29 09:57:00,2026-04-29 18:04:00,completed
2389,20,3,2026-04-29 09:00:00,2026-04-29 15:00:00,2026-04-29 08:58:00,2026-04-29 15:00:00,completed
2390,28,3,2026-04-29 15:00:00,2026-04-29 21:00:00,2026-04-29 14:57:00,2026-04-29 21:04:00,completed
2391,78,3,2026-04-29 11:00:00,2026-04-29 17:00:00,2026-04-29 11:00:00,2026-04-29 16:53:00,completed
2392,67,1,2026-04-30 09:00:00,2026-04-30 17:00:00,2026-04-30 09:04:00,2026-04-30 16:48:00,completed
2393,18,1,2026-04-30 08:00:00,2026-04-30 14:00:00,2026-04-30 08:04:00,2026-04-30 14:01:00,completed
2394,33,1,2026-04-30 16:00:00,2026-04-30 22:00:00,2026-04-30 16:02:00,2026-04-30 22:01:00,completed
2395,50,1,2026-04-30 10:00:00,2026-04-30 16:00:00,2026-04-30 10:02:00,2026-04-30 16:05:00,completed
2396,16,2,2026-04-30 09:00:00,2026-04-30 17:00:00,,,missed
2397,19,2,2026-04-30 08:00:00,2026-04-30 14:00:00,2026-04-30 07:57:00,2026-04-30 14:03:00,completed
2398,60,2,2026-04-30 15:00:00,2026-04-30 21:00:00,2026-04-30 15:01:00,2026-04-30 21:00:00,completed
2399,80,2,2026-04-30 10:00:00,2026-04-30 16:00:00,2026-04-30 09:58:00,2026-04-30 16:03:00,completed
2400,4,3,2026-04-30 10:00:00,2026-04-30 18:00:00,2026-04-30 09:57:00,2026-04-30 17:55:00,completed
2401,5,3,2026-04-30 09:00:00,2026-04-30 15:00:00,,,cancelled
2402,8,3,2026-04-30 15:00:00,2026-04-30 21:00:00,2026-04-30 15:00:00,2026-04-30 20:54:00,completed
2403,25,3,2026-04-30 11:00:00,2026-04-30 17:00:00,2026-04-30 11:12:00,2026-04-30 17:01:00,completed
2404,1,1,2026-05-01 09:00:00,2026-05-01 17:00:00,2026-05-01 09:01:00,2026-05-01 16:51:00,completed
2405,21,1,2026-05-01 08:00:00,2026-05-01 14:00:00,2026-05-01 07:58:00,2026-05-01 14:08:00,completed
2406,43,1,2026-05-01 16:00:00,2026-05-01 22:00:00,2026-05-01 15:59:00,2026-05-01 21:53:00,completed
2407,29,1,2026-05-01 10:00:00,2026-05-01 16:00:00,2026-05-01 10:18:00,2026-05-01 16:06:00,completed
2408,12,1,2026-05-01 12:00:00,2026-05-01 17:00:00,2026-05-01 11:54:00,2026-05-01 17:04:00,completed
2409,2,2,2026-05-01 09:00:00,2026-05-01 17:00:00,2026-05-01 08:59:00,2026-05-01 17:08:00,completed
2410,23,2,2026-05-01 08:00:00,2026-05-01 14:00:00,2026-05-01 08:04:00,2026-05-01 14:07:00,completed
2411,40,2,2026-05-01 15:00:00,2026-05-01 21:00:00,2026-05-01 15:01:00,2026-05-01 20:58:00,completed
2412,37,2,2026-05-01 10:00:00,2026-05-01 16:00:00,2026-05-01 09:56:00,2026-05-01 16:08:00,completed
2413,38,2,2026-05-01 12:00:00,2026-05-01 17:00:00,2026-05-01 12:05:00,2026-05-01 16:56:00,completed
2414,3,3,2026-05-01 10:00:00,2026-05-01 18:00:00,2026-05-01 10:02:00,2026-05-01 18:07:00,completed
2415,64,3,2026-05-01 09:00:00,2026-05-01 15:00:00,2026-05-01 09:11:00,2026-05-01 14:56:00,completed
2416,36,3,2026-05-01 15:00:00,2026-05-01 21:00:00,2026-05-01 15:00:00,2026-05-01 20:52:00,completed
2417,71,3,2026-05-01 11:00:00,2026-05-01 17:00:00,2026-05-01 10:57:00,2026-05-01 17:04:00,completed
2418,77,3,2026-05-01 13:00:00,2026-05-01 18:00:00,2026-05-01 13:02:00,2026-05-01 17:54:00,completed
2419,67,1,2026-05-02 09:00:00,2026-05-02 17:00:00,2026-05-02 09:04:00,2026-05-02 16:58:00,completed
2420,12,1,2026-05-02 08:00:00,2026-05-02 14:00:00,2026-05-02 07:58:00,2026-05-02 14:03:00,completed
2421,49,1,2026-05-02 16:00:00,2026-05-02 22:00:00,2026-05-02 15:58:00,2026-05-02 21:55:00,completed
2422,6,1,2026-05-02 10:00:00,2026-05-02 16:00:00,2026-05-02 10:00:00,2026-05-02 15:57:00,completed
2423,17,1,2026-05-02 12:00:00,2026-05-02 17:00:00,2026-05-02 12:00:00,2026-05-02 17:03:00,completed
2424,2,2,2026-05-02 09:00:00,2026-05-02 17:00:00,2026-05-02 08:59:00,2026-05-02 16:58:00,completed
2425,13,2,2026-05-02 08:00:00,2026-05-02 14:00:00,2026-05-02 08:03:00,2026-05-02 14:01:00,completed
2426,38,2,2026-05-02 15:00:00,2026-05-02 21:00:00,2026-05-02 15:03:00,2026-05-02 20:53:00,completed
2427,37,2,2026-05-02 10:00:00,2026-05-02 16:00:00,2026-05-02 10:04:00,2026-05-02 16:03:00,completed
2428,23,2,2026-05-02 12:00:00,2026-05-02 17:00:00,,,missed
2429,3,3,2026-05-02 10:00:00,2026-05-02 18:00:00,2026-05-02 10:04:00,2026-05-02 17:51:00,completed
2430,69,3,2026-05-02 09:00:00,2026-05-02 15:00:00,2026-05-02 09:00:00,2026-05-02 14:58:00,completed
2431,44,3,2026-05-02 15:00:00,2026-05-02 21:00:00,2026-05-02 15:00:00,2026-05-02 20:58:00,completed
2432,15,3,2026-05-02 11:00:00,2026-05-02 17:00:00,2026-05-02 11:00:00,2026-05-02 17:11:00,completed
2433,11,3,2026-05-02 13:00:00,2026-05-02 18:00:00,2026-05-02 13:03:00,2026-05-02 18:03:00,completed
2434,1,1,2026-05-03 09:00:00,2026-05-03 17:00:00,,,cancelled
2435,72,1,2026-05-03 08:00:00,2026-05-03 14:00:00,2026-05-03 07:58:00,2026-05-03 13:48:00,completed
2436,18,1,2026-05-03 16:00:00,2026-05-03 22:00:00,2026-05-03 16:00:00,2026-05-03 21:48:00,completed
2437,14,1,2026-05-03 10:00:00,2026-05-03 16:00:00,2026-05-03 10:02:00,2026-05-03 16:08:00,completed
2438,41,1,2026-05-03 12:00:00,2026-05-03 17:00:00,2026-05-03 11:58:00,2026-05-03 16:56:00,completed
2439,10,2,2026-05-03 09:00:00,2026-05-03 17:00:00,2026-05-03 08:59:00,2026-05-03 17:04:00,completed
2440,13,2,2026-05-03 08:00:00,2026-05-03 14:00:00,2026-05-03 08:02:00,2026-05-03 14:09:00,completed
2441,40,2,2026-05-03 15:00:00,2026-05-03 21:00:00,2026-05-03 15:02:00,2026-05-03 21:03:00,completed
2442,51,2,2026-05-03 10:00:00,2026-05-03 16:00:00,2026-05-03 10:05:00,2026-05-03 16:04:00,completed
2443,7,2,2026-05-03 12:00:00,2026-05-03 17:00:00,2026-05-03 11:57:00,2026-05-03 16:57:00,completed
2444,62,3,2026-05-03 10:00:00,2026-05-03 18:00:00,,,cancelled
2445,35,3,2026-05-03 09:00:00,2026-05-03 15:00:00,2026-05-03 09:04:00,2026-05-03 15:03:00,completed
2446,34,3,2026-05-03 15:00:00,2026-05-03 21:00:00,2026-05-03 14:56:00,2026-05-03 20:49:00,completed
2447,70,3,2026-05-03 11:00:00,2026-05-03 17:00:00,2026-05-03 11:00:00,2026-05-03 17:04:00,completed
2448,11,3,2026-05-03 13:00:00,2026-05-03 18:00:00,2026-05-03 13:05:00,2026-05-03 18:01:00,completed
2449,67,1,2026-05-04 09:00:00,2026-05-04 17:00:00,2026-05-04 09:01:00,2026-05-04 17:04:00,completed
2450,49,1,2026-05-04 08:00:00,2026-05-04 14:00:00,2026-05-04 07:58:00,2026-05-04 14:02:00,completed
2451,52,1,2026-05-04 16:00:00,2026-05-04 22:00:00,2026-05-04 16:00:00,2026-05-04 22:03:00,completed
2452,29,1,2026-05-04 10:00:00,2026-05-04 16:00:00,2026-05-04 10:03:00,2026-05-04 15:56:00,completed
2453,10,2,2026-05-04 09:00:00,2026-05-04 17:00:00,2026-05-04 09:04:00,2026-05-04 17:04:00,completed
2454,46,2,2026-05-04 08:00:00,2026-05-04 14:00:00,2026-05-04 08:00:00,2026-05-04 13:59:00,completed
2455,39,2,2026-05-04 15:00:00,2026-05-04 21:00:00,2026-05-04 14:53:00,2026-05-04 20:59:00,completed
2456,51,2,2026-05-04 10:00:00,2026-05-04 16:00:00,2026-05-04 10:05:00,2026-05-04 16:10:00,completed
2457,4,3,2026-05-04 10:00:00,2026-05-04 18:00:00,2026-05-04 10:00:00,2026-05-04 18:00:00,completed
2458,20,3,2026-05-04 09:00:00,2026-05-04 15:00:00,2026-05-04 08:56:00,2026-05-04 14:53:00,completed
2459,54,3,2026-05-04 15:00:00,2026-05-04 21:00:00,2026-05-04 14:58:00,2026-05-04 20:55:00,completed
2460,53,3,2026-05-04 11:00:00,2026-05-04 17:00:00,2026-05-04 10:59:00,2026-05-04 17:04:00,completed
2461,1,1,2026-05-05 09:00:00,2026-05-05 17:00:00,2026-05-05 09:03:00,2026-05-05 17:00:00,completed
2462,66,1,2026-05-05 08:00:00,2026-05-05 14:00:00,2026-05-05 07:59:00,2026-05-05 13:49:00,completed
2463,33,1,2026-05-05 16:00:00,2026-05-05 22:00:00,2026-05-05 16:05:00,2026-05-05 22:01:00,completed
2464,6,1,2026-05-05 10:00:00,2026-05-05 16:00:00,2026-05-05 10:02:00,2026-05-05 15:58:00,completed
2465,68,2,2026-05-05 09:00:00,2026-05-05 17:00:00,2026-05-05 09:01:00,2026-05-05 17:08:00,completed
2466,24,2,2026-05-05 08:00:00,2026-05-05 14:00:00,2026-05-05 08:03:00,2026-05-05 13:59:00,completed
2467,7,2,2026-05-05 15:00:00,2026-05-05 21:00:00,2026-05-05 14:54:00,2026-05-05 21:01:00,completed
2468,80,2,2026-05-05 10:00:00,2026-05-05 16:00:00,2026-05-05 09:56:00,2026-05-05 15:57:00,completed
2469,62,3,2026-05-05 10:00:00,2026-05-05 18:00:00,2026-05-05 10:04:00,2026-05-05 17:53:00,completed
2470,28,3,2026-05-05 09:00:00,2026-05-05 15:00:00,,,cancelled
2471,8,3,2026-05-05 15:00:00,2026-05-05 21:00:00,,,missed
2472,78,3,2026-05-05 11:00:00,2026-05-05 17:00:00,2026-05-05 10:58:00,2026-05-05 16:56:00,completed
2473,1,1,2026-05-06 09:00:00,2026-05-06 17:00:00,2026-05-06 08:56:00,2026-05-06 17:10:00,completed
2474,17,1,2026-05-06 08:00:00,2026-05-06 14:00:00,2026-05-06 08:00:00,2026-05-06 14:04:00,completed
2475,21,1,2026-05-06 16:00:00,2026-05-06 22:00:00,2026-05-06 16:01:00,2026-05-06 21:51:00,completed
2476,50,1,2026-05-06 10:00:00,2026-05-06 16:00:00,2026-05-06 10:03:00,2026-05-06 16:03:00,completed
2477,63,2,2026-05-06 09:00:00,2026-05-06 17:00:00,2026-05-06 08:58:00,2026-05-06 16:58:00,completed
2478,32,2,2026-05-06 08:00:00,2026-05-06 14:00:00,2026-05-06 08:01:00,2026-05-06 13:57:00,completed
2479,60,2,2026-05-06 15:00:00,2026-05-06 21:00:00,2026-05-06 15:03:00,2026-05-06 20:48:00,completed
2480,30,2,2026-05-06 10:00:00,2026-05-06 16:00:00,2026-05-06 09:57:00,2026-05-06 16:06:00,completed
2481,58,3,2026-05-06 10:00:00,2026-05-06 18:00:00,2026-05-06 10:03:00,2026-05-06 17:57:00,completed
2482,31,3,2026-05-06 09:00:00,2026-05-06 15:00:00,2026-05-06 09:00:00,2026-05-06 14:55:00,completed
2483,75,3,2026-05-06 15:00:00,2026-05-06 21:00:00,2026-05-06 15:01:00,2026-05-06 20:54:00,completed
2484,15,3,2026-05-06 11:00:00,2026-05-06 17:00:00,2026-05-06 10:59:00,2026-05-06 17:03:00,completed
2485,67,1,2026-05-07 09:00:00,2026-05-07 17:00:00,2026-05-07 08:58:00,2026-05-07 17:05:00,completed
2486,72,1,2026-05-07 08:00:00,2026-05-07 14:00:00,2026-05-07 07:58:00,2026-05-07 14:00:00,completed
2487,41,1,2026-05-07 16:00:00,2026-05-07 22:00:00,2026-05-07 16:02:00,2026-05-07 22:05:00,completed
2488,14,1,2026-05-07 10:00:00,2026-05-07 16:00:00,2026-05-07 10:07:00,2026-05-07 15:50:00,completed
2489,16,2,2026-05-07 09:00:00,2026-05-07 17:00:00,2026-05-07 08:56:00,2026-05-07 17:07:00,completed
2490,19,2,2026-05-07 08:00:00,2026-05-07 14:00:00,2026-05-07 08:05:00,2026-05-07 14:00:00,completed
2491,55,2,2026-05-07 15:00:00,2026-05-07 21:00:00,2026-05-07 15:05:00,2026-05-07 20:57:00,completed
2492,45,2,2026-05-07 10:00:00,2026-05-07 16:00:00,2026-05-07 10:04:00,2026-05-07 16:06:00,completed
2493,47,3,2026-05-07 10:00:00,2026-05-07 18:00:00,2026-05-07 09:59:00,2026-05-07 18:03:00,completed
2494,64,3,2026-05-07 09:00:00,2026-05-07 15:00:00,2026-05-07 08:59:00,2026-05-07 15:09:00,completed
2495,36,3,2026-05-07 15:00:00,2026-05-07 21:00:00,2026-05-07 14:57:00,2026-05-07 21:00:00,completed
2496,25,3,2026-05-07 11:00:00,2026-05-07 17:00:00,2026-05-07 11:02:00,2026-05-07 17:03:00,completed
2497,1,1,2026-05-08 09:00:00,2026-05-08 17:00:00,2026-05-08 08:58:00,2026-05-08 16:57:00,completed
2498,43,1,2026-05-08 08:00:00,2026-05-08 14:00:00,2026-05-08 08:01:00,2026-05-08 14:09:00,completed
2499,18,1,2026-05-08 16:00:00,2026-05-08 22:00:00,2026-05-08 15:58:00,2026-05-08 21:50:00,completed
2500,29,1,2026-05-08 10:00:00,2026-05-08 16:00:00,2026-05-08 10:00:00,2026-05-08 16:04:00,completed
2501,12,1,2026-05-08 12:00:00,2026-05-08 17:00:00,2026-05-08 12:00:00,2026-05-08 17:05:00,completed
2502,2,2,2026-05-08 09:00:00,2026-05-08 17:00:00,2026-05-08 08:55:00,2026-05-08 17:01:00,completed
2503,23,2,2026-05-08 08:00:00,2026-05-08 14:00:00,2026-05-08 07:54:00,2026-05-08 14:12:00,completed
2504,13,2,2026-05-08 15:00:00,2026-05-08 21:00:00,,,missed
2505,37,2,2026-05-08 10:00:00,2026-05-08 16:00:00,2026-05-08 10:06:00,2026-05-08 16:06:00,completed
2506,38,2,2026-05-08 12:00:00,2026-05-08 17:00:00,2026-05-08 12:00:00,2026-05-08 16:59:00,completed
2507,3,3,2026-05-08 10:00:00,2026-05-08 18:00:00,2026-05-08 10:01:00,2026-05-08 17:58:00,completed
2508,26,3,2026-05-08 09:00:00,2026-05-08 15:00:00,2026-05-08 08:57:00,2026-05-08 15:00:00,completed
2509,5,3,2026-05-08 15:00:00,2026-05-08 21:00:00,2026-05-08 15:02:00,2026-05-08 21:03:00,completed
2510,71,3,2026-05-08 11:00:00,2026-05-08 17:00:00,2026-05-08 11:00:00,2026-05-08 16:58:00,completed
2511,77,3,2026-05-08 13:00:00,2026-05-08 18:00:00,2026-05-08 12:57:00,2026-05-08 18:05:00,completed
2512,67,1,2026-05-09 09:00:00,2026-05-09 17:00:00,2026-05-09 08:59:00,2026-05-09 17:00:00,completed
2513,12,1,2026-05-09 08:00:00,2026-05-09 14:00:00,2026-05-09 08:01:00,2026-05-09 14:12:00,completed
2514,49,1,2026-05-09 16:00:00,2026-05-09 22:00:00,2026-05-09 16:00:00,2026-05-09 21:57:00,completed
2515,6,1,2026-05-09 10:00:00,2026-05-09 16:00:00,2026-05-09 10:03:00,2026-05-09 16:02:00,completed
2516,52,1,2026-05-09 12:00:00,2026-05-09 17:00:00,2026-05-09 12:02:00,2026-05-09 16:55:00,completed
2517,2,2,2026-05-09 09:00:00,2026-05-09 17:00:00,2026-05-09 09:00:00,2026-05-09 17:04:00,completed
2518,40,2,2026-05-09 08:00:00,2026-05-09 14:00:00,,,cancelled
2519,38,2,2026-05-09 15:00:00,2026-05-09 21:00:00,2026-05-09 15:04:00,2026-05-09 20:57:00,completed
2520,37,2,2026-05-09 10:00:00,2026-05-09 16:00:00,2026-05-09 09:58:00,2026-05-09 16:01:00,completed
2521,23,2,2026-05-09 12:00:00,2026-05-09 17:00:00,2026-05-09 12:02:00,2026-05-09 16:58:00,completed
2522,3,3,2026-05-09 10:00:00,2026-05-09 18:00:00,2026-05-09 10:02:00,2026-05-09 18:13:00,completed
2523,69,3,2026-05-09 09:00:00,2026-05-09 15:00:00,2026-05-09 08:56:00,2026-05-09 14:58:00,completed
2524,44,3,2026-05-09 15:00:00,2026-05-09 21:00:00,2026-05-09 14:59:00,2026-05-09 20:52:00,completed
2525,22,3,2026-05-09 11:00:00,2026-05-09 17:00:00,2026-05-09 11:01:00,2026-05-09 17:00:00,completed
2526,34,3,2026-05-09 13:00:00,2026-05-09 18:00:00,2026-05-09 12:56:00,2026-05-09 17:58:00,completed
2527,1,1,2026-05-10 09:00:00,2026-05-10 17:00:00,2026-05-10 09:01:00,2026-05-10 17:00:00,completed
2528,66,1,2026-05-10 08:00:00,2026-05-10 14:00:00,2026-05-10 07:56:00,2026-05-10 14:05:00,completed
2529,33,1,2026-05-10 16:00:00,2026-05-10 22:00:00,2026-05-10 15:59:00,2026-05-10 22:04:00,completed
2530,14,1,2026-05-10 10:00:00,2026-05-10 16:00:00,2026-05-10 09:56:00,2026-05-10 16:00:00,completed
2531,72,1,2026-05-10 12:00:00,2026-05-10 17:00:00,,,cancelled
2532,10,2,2026-05-10 09:00:00,2026-05-10 17:00:00,2026-05-10 08:57:00,2026-05-10 17:02:00,completed
2533,40,2,2026-05-10 08:00:00,2026-05-10 14:00:00,2026-05-10 07:55:00,2026-05-10 13:59:00,completed
2534,24,2,2026-05-10 15:00:00,2026-05-10 21:00:00,2026-05-10 15:03:00,2026-05-10 21:00:00,completed
2535,51,2,2026-05-10 10:00:00,2026-05-10 16:00:00,2026-05-10 10:01:00,2026-05-10 16:02:00,completed
2536,39,2,2026-05-10 12:00:00,2026-05-10 17:00:00,2026-05-10 11:53:00,2026-05-10 17:09:00,completed
2537,58,3,2026-05-10 10:00:00,2026-05-10 18:00:00,2026-05-10 09:55:00,2026-05-10 18:01:00,completed
2538,35,3,2026-05-10 09:00:00,2026-05-10 15:00:00,2026-05-10 08:57:00,2026-05-10 15:01:00,completed
2539,11,3,2026-05-10 15:00:00,2026-05-10 21:00:00,2026-05-10 15:02:00,2026-05-10 21:04:00,completed
2540,70,3,2026-05-10 11:00:00,2026-05-10 17:00:00,,,missed
2541,34,3,2026-05-10 13:00:00,2026-05-10 18:00:00,2026-05-10 13:02:00,2026-05-10 18:07:00,completed
2542,67,1,2026-05-11 09:00:00,2026-05-11 17:00:00,,,cancelled
2543,49,1,2026-05-11 08:00:00,2026-05-11 14:00:00,2026-05-11 07:53:00,2026-05-11 14:04:00,completed
2544,43,1,2026-05-11 16:00:00,2026-05-11 22:00:00,,,cancelled
2545,29,1,2026-05-11 10:00:00,2026-05-11 16:00:00,2026-05-11 10:04:00,2026-05-11 16:00:00,completed
2546,10,2,2026-05-11 09:00:00,2026-05-11 17:00:00,2026-05-11 08:59:00,2026-05-11 16:56:00,completed
2547,46,2,2026-05-11 08:00:00,2026-05-11 14:00:00,2026-05-11 08:01:00,2026-05-11 13:59:00,completed
2548,32,2,2026-05-11 15:00:00,2026-05-11 21:00:00,2026-05-11 15:01:00,2026-05-11 20:57:00,completed
2549,51,2,2026-05-11 10:00:00,2026-05-11 16:00:00,2026-05-11 10:00:00,2026-05-11 15:50:00,completed
2550,4,3,2026-05-11 10:00:00,2026-05-11 18:00:00,,,cancelled
2551,28,3,2026-05-11 09:00:00,2026-05-11 15:00:00,2026-05-11 08:55:00,2026-05-11 14:48:00,completed
2552,36,3,2026-05-11 15:00:00,2026-05-11 21:00:00,2026-05-11 14:57:00,2026-05-11 20:53:00,completed
2553,56,3,2026-05-11 11:00:00,2026-05-11 17:00:00,2026-05-11 10:59:00,2026-05-11 16:50:00,completed
2554,1,1,2026-05-12 09:00:00,2026-05-12 17:00:00,2026-05-12 09:01:00,2026-05-12 17:00:00,completed
2555,18,1,2026-05-12 08:00:00,2026-05-12 14:00:00,2026-05-12 08:02:00,2026-05-12 13:55:00,completed
2556,21,1,2026-05-12 16:00:00,2026-05-12 22:00:00,2026-05-12 16:00:00,2026-05-12 21:58:00,completed
2557,50,1,2026-05-12 10:00:00,2026-05-12 16:00:00,,,missed
2558,68,2,2026-05-12 09:00:00,2026-05-12 17:00:00,2026-05-12 09:05:00,2026-05-12 16:55:00,completed
2559,24,2,2026-05-12 08:00:00,2026-05-12 14:00:00,2026-05-12 08:00:00,2026-05-12 14:00:00,completed
2560,39,2,2026-05-12 15:00:00,2026-05-12 21:00:00,2026-05-12 14:58:00,2026-05-12 21:02:00,completed
2561,30,2,2026-05-12 10:00:00,2026-05-12 16:00:00,2026-05-12 10:03:00,2026-05-12 15:52:00,completed
2562,47,3,2026-05-12 10:00:00,2026-05-12 18:00:00,2026-05-12 10:12:00,2026-05-12 17:59:00,completed
2563,20,3,2026-05-12 09:00:00,2026-05-12 15:00:00,2026-05-12 09:02:00,2026-05-12 14:59:00,completed
2564,26,3,2026-05-12 15:00:00,2026-05-12 21:00:00,2026-05-12 15:00:00,2026-05-12 21:01:00,completed
2565,15,3,2026-05-12 11:00:00,2026-05-12 17:00:00,,,cancelled
2566,1,1,2026-05-13 09:00:00,2026-05-13 17:00:00,2026-05-13 08:57:00,2026-05-13 17:00:00,completed
2567,33,1,2026-05-13 08:00:00,2026-05-13 14:00:00,2026-05-13 08:04:00,2026-05-13 14:04:00,completed
2568,41,1,2026-05-13 16:00:00,2026-05-13 22:00:00,2026-05-13 16:03:00,2026-05-13 22:05:00,completed
2569,6,1,2026-05-13 10:00:00,2026-05-13 16:00:00,2026-05-13 10:17:00,2026-05-13 15:54:00,completed
2570,16,2,2026-05-13 09:00:00,2026-05-13 17:00:00,2026-05-13 08:59:00,2026-05-13 17:11:00,completed
2571,7,2,2026-05-13 08:00:00,2026-05-13 14:00:00,2026-05-13 08:01:00,2026-05-13 13:56:00,completed
2572,19,2,2026-05-13 15:00:00,2026-05-13 21:00:00,,,cancelled
2573,45,2,2026-05-13 10:00:00,2026-05-13 16:00:00,2026-05-13 10:01:00,2026-05-13 16:03:00,completed
2574,62,3,2026-05-13 10:00:00,2026-05-13 18:00:00,2026-05-13 09:56:00,2026-05-13 18:00:00,completed
2575,8,3,2026-05-13 09:00:00,2026-05-13 15:00:00,2026-05-13 08:59:00,2026-05-13 15:04:00,completed
2576,5,3,2026-05-13 15:00:00,2026-05-13 21:00:00,2026-05-13 15:01:00,2026-05-13 20:51:00,completed
2577,71,3,2026-05-13 11:00:00,2026-05-13 17:00:00,2026-05-13 10:56:00,2026-05-13 16:59:00,completed
2578,67,1,2026-05-14 09:00:00,2026-05-14 17:00:00,2026-05-14 09:03:00,2026-05-14 16:55:00,completed
2579,52,1,2026-05-14 08:00:00,2026-05-14 14:00:00,2026-05-14 08:04:00,2026-05-14 14:11:00,completed
2580,66,1,2026-05-14 16:00:00,2026-05-14 22:00:00,2026-05-14 16:02:00,2026-05-14 22:05:00,completed
2581,29,1,2026-05-14 10:00:00,2026-05-14 16:00:00,2026-05-14 10:03:00,2026-05-14 16:08:00,completed
2582,63,2,2026-05-14 09:00:00,2026-05-14 17:00:00,2026-05-14 09:02:00,2026-05-14 16:56:00,completed
2583,60,2,2026-05-14 08:00:00,2026-05-14 14:00:00,2026-05-14 07:59:00,2026-05-14 14:08:00,completed
2584,55,2,2026-05-14 15:00:00,2026-05-14 21:00:00,2026-05-14 15:00:00,2026-05-14 20:57:00,completed
2585,80,2,2026-05-14 10:00:00,2026-05-14 16:00:00,2026-05-14 09:53:00,2026-05-14 16:06:00,completed
2586,58,3,2026-05-14 10:00:00,2026-05-14 18:00:00,2026-05-14 10:02:00,2026-05-14 17:48:00,completed
2587,54,3,2026-05-14 09:00:00,2026-05-14 15:00:00,,,cancelled
2588,64,3,2026-05-14 15:00:00,2026-05-14 21:00:00,2026-05-14 15:14:00,2026-05-14 21:00:00,completed
2589,22,3,2026-05-14 11:00:00,2026-05-14 17:00:00,2026-05-14 10:59:00,2026-05-14 16:57:00,completed
2590,1,1,2026-05-15 09:00:00,2026-05-15 17:00:00,2026-05-15 09:01:00,2026-05-15 16:49:00,completed
2591,17,1,2026-05-15 08:00:00,2026-05-15 14:00:00,2026-05-15 08:02:00,2026-05-15 14:05:00,completed
2592,72,1,2026-05-15 16:00:00,2026-05-15 22:00:00,2026-05-15 16:02:00,2026-05-15 21:57:00,completed
2593,50,1,2026-05-15 10:00:00,2026-05-15 16:00:00,2026-05-15 09:59:00,2026-05-15 15:49:00,completed
2594,12,1,2026-05-15 12:00:00,2026-05-15 17:00:00,2026-05-15 11:58:00,2026-05-15 17:03:00,completed
2595,2,2,2026-05-15 09:00:00,2026-05-15 17:00:00,,,cancelled
2596,23,2,2026-05-15 08:00:00,2026-05-15 14:00:00,2026-05-15 07:59:00,2026-05-15 13:58:00,completed
2597,13,2,2026-05-15 15:00:00,2026-05-15 21:00:00,2026-05-15 15:18:00,2026-05-15 20:58:00,completed
2598,37,2,2026-05-15 10:00:00,2026-05-15 16:00:00,2026-05-15 10:04:00,2026-05-15 16:00:00,completed
2599,38,2,2026-05-15 12:00:00,2026-05-15 17:00:00,2026-05-15 11:55:00,2026-05-15 16:53:00,completed
2600,3,3,2026-05-15 10:00:00,2026-05-15 18:00:00,,,cancelled
2601,31,3,2026-05-15 09:00:00,2026-05-15 15:00:00,2026-05-15 08:59:00,2026-05-15 14:52:00,completed
2602,75,3,2026-05-15 15:00:00,2026-05-15 21:00:00,2026-05-15 14:56:00,2026-05-15 21:13:00,completed
2603,78,3,2026-05-15 11:00:00,2026-05-15 17:00:00,,,missed
2604,77,3,2026-05-15 13:00:00,2026-05-15 18:00:00,2026-05-15 12:55:00,2026-05-15 17:57:00,completed
2605,67,1,2026-05-16 09:00:00,2026-05-16 17:00:00,2026-05-16 08:58:00,2026-05-16 16:58:00,completed
2606,12,1,2026-05-16 08:00:00,2026-05-16 14:00:00,,,cancelled
2607,49,1,2026-05-16 16:00:00,2026-05-16 22:00:00,2026-05-16 16:05:00,2026-05-16 22:04:00,completed
2608,6,1,2026-05-16 10:00:00,2026-05-16 16:00:00,2026-05-16 10:03:00,2026-05-16 16:08:00,completed
2609,17,1,2026-05-16 12:00:00,2026-05-16 17:00:00,2026-05-16 12:03:00,2026-05-16 16:55:00,completed
2610,2,2,2026-05-16 09:00:00,2026-05-16 17:00:00,2026-05-16 09:02:00,2026-05-16 16:57:00,completed
2611,40,2,2026-05-16 08:00:00,2026-05-16 14:00:00,2026-05-16 07:59:00,2026-05-16 13:56:00,completed
2612,38,2,2026-05-16 15:00:00,2026-05-16 21:00:00,2026-05-16 14:59:00,2026-05-16 21:01:00,completed
2613,37,2,2026-05-16 10:00:00,2026-05-16 16:00:00,2026-05-16 09:57:00,2026-05-16 16:06:00,completed
2614,13,2,2026-05-16 12:00:00,2026-05-16 17:00:00,2026-05-16 12:01:00,2026-05-16 16:55:00,completed
2615,3,3,2026-05-16 10:00:00,2026-05-16 18:00:00,2026-05-16 10:01:00,2026-05-16 17:57:00,completed
2616,44,3,2026-05-16 09:00:00,2026-05-16 15:00:00,2026-05-16 08:58:00,2026-05-16 14:55:00,completed
2617,69,3,2026-05-16 15:00:00,2026-05-16 21:00:00,2026-05-16 14:55:00,2026-05-16 21:00:00,completed
2618,25,3,2026-05-16 11:00:00,2026-05-16 17:00:00,2026-05-16 10:58:00,2026-05-16 16:55:00,completed
2619,11,3,2026-05-16 13:00:00,2026-05-16 18:00:00,2026-05-16 12:55:00,2026-05-16 18:00:00,completed
2620,1,1,2026-05-17 09:00:00,2026-05-17 17:00:00,2026-05-17 09:01:00,2026-05-17 16:59:00,completed
2621,43,1,2026-05-17 08:00:00,2026-05-17 14:00:00,2026-05-17 07:54:00,2026-05-17 13:54:00,completed
2622,33,1,2026-05-17 16:00:00,2026-05-17 22:00:00,2026-05-17 16:01:00,2026-05-17 22:08:00,completed
2623,29,1,2026-05-17 10:00:00,2026-05-17 16:00:00,2026-05-17 10:00:00,2026-05-17 16:04:00,completed
2624,18,1,2026-05-17 12:00:00,2026-05-17 17:00:00,2026-05-17 12:03:00,2026-05-17 16:57:00,completed
2625,10,2,2026-05-17 09:00:00,2026-05-17 17:00:00,2026-05-17 08:57:00,2026-05-17 17:11:00,completed
2626,23,2,2026-05-17 08:00:00,2026-05-17 14:00:00,2026-05-17 07:57:00,2026-05-17 13:59:00,completed
2627,40,2,2026-05-17 15:00:00,2026-05-17 21:00:00,2026-05-17 15:04:00,2026-05-17 21:07:00,completed
2628,30,2,2026-05-17 10:00:00,2026-05-17 16:00:00,2026-05-17 10:00:00,2026-05-17 16:05:00,completed
2629,46,2,2026-05-17 12:00:00,2026-05-17 17:00:00,2026-05-17 12:03:00,2026-05-17 16:59:00,completed
2630,62,3,2026-05-17 10:00:00,2026-05-17 18:00:00,2026-05-17 09:55:00,2026-05-17 18:00:00,completed
2631,35,3,2026-05-17 09:00:00,2026-05-17 15:00:00,,,missed
2632,34,3,2026-05-17 15:00:00,2026-05-17 21:00:00,2026-05-17 15:02:00,2026-05-17 21:07:00,completed
2633,70,3,2026-05-17 11:00:00,2026-05-17 17:00:00,2026-05-17 11:03:00,2026-05-17 17:03:00,completed
2634,11,3,2026-05-17 13:00:00,2026-05-17 18:00:00,2026-05-17 13:01:00,2026-05-17 17:54:00,completed
2635,67,1,2026-05-18 09:00:00,2026-05-18 17:00:00,2026-05-18 09:03:00,2026-05-18 16:59:00,completed
2636,49,1,2026-05-18 08:00:00,2026-05-18 14:00:00,,,cancelled
2637,21,1,2026-05-18 16:00:00,2026-05-18 22:00:00,2026-05-18 16:02:00,2026-05-18 22:02:00,completed
2638,29,1,2026-05-18 10:00:00,2026-05-18 16:00:00,2026-05-18 10:05:00,2026-05-18 15:52:00,completed
2639,10,2,2026-05-18 09:00:00,2026-05-18 17:00:00,2026-05-18 08:54:00,2026-05-18 16:59:00,completed
2640,46,2,2026-05-18 08:00:00,2026-05-18 14:00:00,2026-05-18 08:00:00,2026-05-18 13:56:00,completed
2641,7,2,2026-05-18 15:00:00,2026-05-18 21:00:00,2026-05-18 14:55:00,2026-05-18 21:04:00,completed
2642,51,2,2026-05-18 10:00:00,2026-05-18 16:00:00,2026-05-18 10:02:00,2026-05-18 15:57:00,completed
2643,47,3,2026-05-18 10:00:00,2026-05-18 18:00:00,2026-05-18 10:04:00,2026-05-18 18:05:00,completed
2644,8,3,2026-05-18 09:00:00,2026-05-18 15:00:00,2026-05-18 08:59:00,2026-05-18 15:04:00,completed
2645,54,3,2026-05-18 15:00:00,2026-05-18 21:00:00,2026-05-18 14:57:00,2026-05-18 20:59:00,completed
2646,56,3,2026-05-18 11:00:00,2026-05-18 17:00:00,2026-05-18 10:59:00,2026-05-18 16:58:00,completed
2647,1,1,2026-05-19 09:00:00,2026-05-19 17:00:00,2026-05-19 09:05:00,2026-05-19 17:04:00,completed
2648,41,1,2026-05-19 08:00:00,2026-05-19 14:00:00,2026-05-19 08:04:00,2026-05-19 14:05:00,completed
2649,52,1,2026-05-19 16:00:00,2026-05-19 22:00:00,2026-05-19 16:03:00,2026-05-19 21:58:00,completed
2650,14,1,2026-05-19 10:00:00,2026-05-19 16:00:00,2026-05-19 09:58:00,2026-05-19 15:59:00,completed
2651,68,2,2026-05-19 09:00:00,2026-05-19 17:00:00,2026-05-19 09:03:00,2026-05-19 17:02:00,completed
2652,19,2,2026-05-19 08:00:00,2026-05-19 14:00:00,2026-05-19 08:00:00,2026-05-19 13:56:00,completed
2653,24,2,2026-05-19 15:00:00,2026-05-19 21:00:00,2026-05-19 15:00:00,2026-05-19 20:51:00,completed
2654,80,2,2026-05-19 10:00:00,2026-05-19 16:00:00,2026-05-19 09:58:00,2026-05-19 15:55:00,completed
2655,4,3,2026-05-19 10:00:00,2026-05-19 18:00:00,2026-05-19 10:03:00,2026-05-19 18:03:00,completed
2656,36,3,2026-05-19 09:00:00,2026-05-19 15:00:00,2026-05-19 09:02:00,2026-05-19 14:57:00,completed
2657,20,3,2026-05-19 15:00:00,2026-05-19 21:00:00,2026-05-19 15:01:00,2026-05-19 21:00:00,completed
2658,53,3,2026-05-19 11:00:00,2026-05-19 17:00:00,2026-05-19 10:59:00,2026-05-19 16:56:00,completed
2659,1,1,2026-05-20 09:00:00,2026-05-20 17:00:00,2026-05-20 08:58:00,2026-05-20 17:00:00,completed
2660,66,1,2026-05-20 08:00:00,2026-05-20 14:00:00,2026-05-20 08:03:00,2026-05-20 14:04:00,completed
2661,72,1,2026-05-20 16:00:00,2026-05-20 22:00:00,2026-05-20 15:58:00,2026-05-20 22:04:00,completed
2662,50,1,2026-05-20 10:00:00,2026-05-20 16:00:00,2026-05-20 10:03:00,2026-05-20 15:51:00,completed
2663,16,2,2026-05-20 09:00:00,2026-05-20 17:00:00,,,cancelled
2664,60,2,2026-05-20 08:00:00,2026-05-20 14:00:00,,,cancelled
2665,39,2,2026-05-20 15:00:00,2026-05-20 21:00:00,2026-05-20 15:01:00,2026-05-20 20:53:00,completed
2666,45,2,2026-05-20 10:00:00,2026-05-20 16:00:00,2026-05-20 10:03:00,2026-05-20 16:02:00,completed
2667,62,3,2026-05-20 10:00:00,2026-05-20 18:00:00,2026-05-20 09:56:00,2026-05-20 17:58:00,completed
2668,31,3,2026-05-20 09:00:00,2026-05-20 15:00:00,2026-05-20 08:59:00,2026-05-20 14:58:00,completed
2669,75,3,2026-05-20 15:00:00,2026-05-20 21:00:00,2026-05-20 14:59:00,2026-05-20 21:13:00,completed
2670,15,3,2026-05-20 11:00:00,2026-05-20 17:00:00,2026-05-20 10:58:00,2026-05-20 17:04:00,completed
2671,67,1,2026-05-21 09:00:00,2026-05-21 17:00:00,2026-05-21 09:03:00,2026-05-21 17:06:00,completed
2672,43,1,2026-05-21 08:00:00,2026-05-21 14:00:00,2026-05-21 07:58:00,2026-05-21 14:01:00,completed
2673,17,1,2026-05-21 16:00:00,2026-05-21 22:00:00,2026-05-21 16:08:00,2026-05-21 21:56:00,completed
2674,6,1,2026-05-21 10:00:00,2026-05-21 16:00:00,2026-05-21 09:57:00,2026-05-21 16:01:00,completed
2675,63,2,2026-05-21 09:00:00,2026-05-21 17:00:00,2026-05-21 09:00:00,2026-05-21 17:03:00,completed
2676,32,2,2026-05-21 08:00:00,2026-05-21 14:00:00,2026-05-21 07:59:00,2026-05-21 14:02:00,completed
2677,55,2,2026-05-21 15:00:00,2026-05-21 21:00:00,2026-05-21 15:00:00,2026-05-21 20:59:00,completed
2678,30,2,2026-05-21 10:00:00,2026-05-21 16:00:00,2026-05-21 09:58:00,2026-05-21 16:05:00,completed
2679,58,3,2026-05-21 10:00:00,2026-05-21 18:00:00,2026-05-21 10:00:00,2026-05-21 17:56:00,completed
2680,28,3,2026-05-21 09:00:00,2026-05-21 15:00:00,2026-05-21 09:02:00,2026-05-21 14:48:00,completed
2681,26,3,2026-05-21 15:00:00,2026-05-21 21:00:00,2026-05-21 14:58:00,2026-05-21 21:04:00,completed
2682,22,3,2026-05-21 11:00:00,2026-05-21 17:00:00,2026-05-21 10:58:00,2026-05-21 17:06:00,completed
2683,1,1,2026-05-22 09:00:00,2026-05-22 17:00:00,2026-05-22 08:58:00,2026-05-22 16:56:00,completed
2684,33,1,2026-05-22 08:00:00,2026-05-22 14:00:00,2026-05-22 08:00:00,2026-05-22 13:55:00,completed
2685,18,1,2026-05-22 16:00:00,2026-05-22 22:00:00,2026-05-22 16:04:00,2026-05-22 22:00:00,completed
2686,29,1,2026-05-22 10:00:00,2026-05-22 16:00:00,2026-05-22 10:05:00,2026-05-22 15:55:00,completed
2687,12,1,2026-05-22 12:00:00,2026-05-22 17:00:00,,,cancelled
2688,2,2,2026-05-22 09:00:00,2026-05-22 17:00:00,2026-05-22 08:58:00,2026-05-22 16:53:00,completed
2689,23,2,2026-05-22 08:00:00,2026-05-22 14:00:00,2026-05-22 08:00:00,2026-05-22 14:00:00,completed
2690,13,2,2026-05-22 15:00:00,2026-05-22 21:00:00,2026-05-22 14:58:00,2026-05-22 21:00:00,completed
2691,37,2,2026-05-22 10:00:00,2026-05-22 16:00:00,2026-05-22 09:58:00,2026-05-22 15:55:00,completed
2692,40,2,2026-05-22 12:00:00,2026-05-22 17:00:00,2026-05-22 11:59:00,2026-05-22 16:53:00,completed
2693,3,3,2026-05-22 10:00:00,2026-05-22 18:00:00,2026-05-22 10:05:00,2026-05-22 17:56:00,completed
2694,5,3,2026-05-22 09:00:00,2026-05-22 15:00:00,2026-05-22 09:05:00,2026-05-22 15:02:00,completed
2695,64,3,2026-05-22 15:00:00,2026-05-22 21:00:00,2026-05-22 14:57:00,2026-05-22 20:59:00,completed
2696,78,3,2026-05-22 11:00:00,2026-05-22 17:00:00,2026-05-22 11:05:00,2026-05-22 16:57:00,completed
2697,77,3,2026-05-22 13:00:00,2026-05-22 18:00:00,2026-05-22 13:05:00,2026-05-22 18:10:00,completed
2698,67,1,2026-05-23 09:00:00,2026-05-23 17:00:00,2026-05-23 09:01:00,2026-05-23 17:07:00,completed
2699,12,1,2026-05-23 08:00:00,2026-05-23 14:00:00,2026-05-23 08:02:00,2026-05-23 13:59:00,completed
2700,49,1,2026-05-23 16:00:00,2026-05-23 22:00:00,2026-05-23 15:58:00,2026-05-23 21:58:00,completed
2701,14,1,2026-05-23 10:00:00,2026-05-23 16:00:00,2026-05-23 10:01:00,2026-05-23 15:58:00,completed
2702,21,1,2026-05-23 12:00:00,2026-05-23 17:00:00,2026-05-23 11:57:00,2026-05-23 16:51:00,completed
2703,2,2,2026-05-23 09:00:00,2026-05-23 17:00:00,2026-05-23 09:02:00,2026-05-23 16:56:00,completed
2704,38,2,2026-05-23 08:00:00,2026-05-23 14:00:00,2026-05-23 08:04:00,2026-05-23 13:58:00,completed
2705,40,2,2026-05-23 15:00:00,2026-05-23 21:00:00,2026-05-23 15:05:00,2026-05-23 21:03:00,completed
2706,37,2,2026-05-23 10:00:00,2026-05-23 16:00:00,2026-05-23 10:02:00,2026-05-23 15:50:00,completed
2707,13,2,2026-05-23 12:00:00,2026-05-23 17:00:00,2026-05-23 12:01:00,2026-05-23 16:56:00,completed
2708,3,3,2026-05-23 10:00:00,2026-05-23 18:00:00,2026-05-23 09:59:00,2026-05-23 18:05:00,completed
2709,44,3,2026-05-23 09:00:00,2026-05-23 15:00:00,2026-05-23 08:59:00,2026-05-23 14:56:00,completed
2710,69,3,2026-05-23 15:00:00,2026-05-23 21:00:00,2026-05-23 15:06:00,2026-05-23 21:00:00,completed
2711,25,3,2026-05-23 11:00:00,2026-05-23 17:00:00,2026-05-23 11:02:00,2026-05-23 17:08:00,completed
2712,35,3,2026-05-23 13:00:00,2026-05-23 18:00:00,2026-05-23 12:57:00,2026-05-23 18:06:00,completed
2713,1,1,2026-05-24 09:00:00,2026-05-24 17:00:00,2026-05-24 08:58:00,2026-05-24 17:00:00,completed
2714,41,1,2026-05-24 08:00:00,2026-05-24 14:00:00,2026-05-24 08:00:00,2026-05-24 14:04:00,completed
2715,66,1,2026-05-24 16:00:00,2026-05-24 22:00:00,2026-05-24 15:59:00,2026-05-24 21:59:00,completed
2716,50,1,2026-05-24 10:00:00,2026-05-24 16:00:00,,,cancelled
2717,52,1,2026-05-24 12:00:00,2026-05-24 17:00:00,,,cancelled
2718,10,2,2026-05-24 09:00:00,2026-05-24 17:00:00,2026-05-24 09:01:00,2026-05-24 17:02:00,completed
2719,23,2,2026-05-24 08:00:00,2026-05-24 14:00:00,2026-05-24 08:05:00,2026-05-24 13:55:00,completed
2720,38,2,2026-05-24 15:00:00,2026-05-24 21:00:00,2026-05-24 15:05:00,2026-05-24 21:03:00,completed
2721,51,2,2026-05-24 10:00:00,2026-05-24 16:00:00,2026-05-24 10:02:00,2026-05-24 16:03:00,completed
2722,7,2,2026-05-24 12:00:00,2026-05-24 17:00:00,2026-05-24 12:00:00,2026-05-24 16:56:00,completed
2723,4,3,2026-05-24 10:00:00,2026-05-24 18:00:00,2026-05-24 10:00:00,2026-05-24 18:06:00,completed
2724,11,3,2026-05-24 09:00:00,2026-05-24 15:00:00,2026-05-24 09:00:00,2026-05-24 15:01:00,completed
2725,34,3,2026-05-24 15:00:00,2026-05-24 21:00:00,2026-05-24 14:56:00,2026-05-24 21:09:00,completed
2726,70,3,2026-05-24 11:00:00,2026-05-24 17:00:00,2026-05-24 11:00:00,2026-05-24 17:03:00,completed
2727,77,3,2026-05-24 13:00:00,2026-05-24 18:00:00,2026-05-24 12:58:00,2026-05-24 18:06:00,completed
2728,67,1,2026-05-25 09:00:00,2026-05-25 17:00:00,2026-05-25 09:04:00,2026-05-25 17:15:00,completed
2729,49,1,2026-05-25 08:00:00,2026-05-25 14:00:00,2026-05-25 08:00:00,2026-05-25 13:57:00,completed
2730,21,1,2026-05-25 16:00:00,2026-05-25 22:00:00,2026-05-25 16:03:00,2026-05-25 21:53:00,completed
2731,29,1,2026-05-25 10:00:00,2026-05-25 16:00:00,2026-05-25 10:00:00,2026-05-25 15:56:00,completed
2732,10,2,2026-05-25 09:00:00,2026-05-25 17:00:00,2026-05-25 09:08:00,2026-05-25 16:59:00,completed
2733,55,2,2026-05-25 08:00:00,2026-05-25 14:00:00,2026-05-25 08:03:00,2026-05-25 13:57:00,completed
2734,24,2,2026-05-25 15:00:00,2026-05-25 21:00:00,2026-05-25 15:02:00,2026-05-25 20:59:00,completed
2735,80,2,2026-05-25 10:00:00,2026-05-25 16:00:00,2026-05-25 09:57:00,2026-05-25 15:56:00,completed
2736,47,3,2026-05-25 10:00:00,2026-05-25 18:00:00,2026-05-25 10:00:00,2026-05-25 17:57:00,completed
2737,5,3,2026-05-25 09:00:00,2026-05-25 15:00:00,2026-05-25 09:03:00,2026-05-25 14:58:00,completed
2738,26,3,2026-05-25 15:00:00,2026-05-25 21:00:00,2026-05-25 15:01:00,2026-05-25 21:01:00,completed
2739,56,3,2026-05-25 11:00:00,2026-05-25 17:00:00,2026-05-25 11:02:00,2026-05-25 17:01:00,completed
2740,1,1,2026-05-26 09:00:00,2026-05-26 17:00:00,2026-05-26 08:56:00,2026-05-26 16:57:00,completed
2741,72,1,2026-05-26 08:00:00,2026-05-26 14:00:00,2026-05-26 08:01:00,2026-05-26 14:00:00,completed
2742,33,1,2026-05-26 16:00:00,2026-05-26 22:00:00,2026-05-26 15:59:00,2026-05-26 22:02:00,completed
2743,14,1,2026-05-26 10:00:00,2026-05-26 16:00:00,2026-05-26 09:59:00,2026-05-26 16:03:00,completed
2744,68,2,2026-05-26 09:00:00,2026-05-26 17:00:00,2026-05-26 09:05:00,2026-05-26 17:03:00,completed
2745,46,2,2026-05-26 08:00:00,2026-05-26 14:00:00,2026-05-26 07:55:00,2026-05-26 13:50:00,completed
2746,19,2,2026-05-26 15:00:00,2026-05-26 21:00:00,2026-05-26 15:04:00,2026-05-26 20:53:00,completed
2747,45,2,2026-05-26 10:00:00,2026-05-26 16:00:00,2026-05-26 09:56:00,2026-05-26 16:01:00,completed
2748,62,3,2026-05-26 10:00:00,2026-05-26 18:00:00,2026-05-26 10:10:00,2026-05-26 17:59:00,completed
2749,8,3,2026-05-26 09:00:00,2026-05-26 15:00:00,2026-05-26 09:10:00,2026-05-26 15:00:00,completed
2750,75,3,2026-05-26 15:00:00,2026-05-26 21:00:00,2026-05-26 15:01:00,2026-05-26 21:03:00,completed
2751,53,3,2026-05-26 11:00:00,2026-05-26 17:00:00,2026-05-26 10:58:00,2026-05-26 16:56:00,completed
2752,1,1,2026-05-27 09:00:00,2026-05-27 17:00:00,2026-05-27 09:01:00,2026-05-27 17:00:00,completed
2753,17,1,2026-05-27 08:00:00,2026-05-27 14:00:00,2026-05-27 07:59:00,2026-05-27 13:56:00,completed
2754,43,1,2026-05-27 16:00:00,2026-05-27 22:00:00,2026-05-27 16:01:00,2026-05-27 22:04:00,completed
2755,50,1,2026-05-27 10:00:00,2026-05-27 16:00:00,2026-05-27 10:01:00,2026-05-27 15:56:00,completed
2756,63,2,2026-05-27 09:00:00,2026-05-27 17:00:00,2026-05-27 09:05:00,2026-05-27 17:01:00,completed
2757,39,2,2026-05-27 08:00:00,2026-05-27 14:00:00,2026-05-27 07:56:00,2026-05-27 14:03:00,completed
2758,32,2,2026-05-27 15:00:00,2026-05-27 21:00:00,2026-05-27 15:05:00,2026-05-27 20:55:00,completed
2759,51,2,2026-05-27 10:00:00,2026-05-27 16:00:00,2026-05-27 10:01:00,2026-05-27 15:58:00,completed
2760,58,3,2026-05-27 10:00:00,2026-05-27 18:00:00,2026-05-27 10:00:00,2026-05-27 18:05:00,completed
2761,36,3,2026-05-27 09:00:00,2026-05-27 15:00:00,2026-05-27 09:01:00,2026-05-27 14:56:00,completed
2762,20,3,2026-05-27 15:00:00,2026-05-27 21:00:00,2026-05-27 15:04:00,2026-05-27 20:57:00,completed
2763,71,3,2026-05-27 11:00:00,2026-05-27 17:00:00,,,cancelled
2764,67,1,2026-05-28 09:00:00,2026-05-28 17:00:00,2026-05-28 08:57:00,2026-05-28 17:01:00,completed
2765,52,1,2026-05-28 08:00:00,2026-05-28 14:00:00,2026-05-28 08:00:00,2026-05-28 14:10:00,completed
2766,18,1,2026-05-28 16:00:00,2026-05-28 22:00:00,2026-05-28 16:02:00,2026-05-28 21:52:00,completed
2767,6,1,2026-05-28 10:00:00,2026-05-28 16:00:00,,,cancelled
2768,16,2,2026-05-28 09:00:00,2026-05-28 17:00:00,2026-05-28 09:02:00,2026-05-28 16:50:00,completed
2769,60,2,2026-05-28 08:00:00,2026-05-28 14:00:00,2026-05-28 07:59:00,2026-05-28 14:03:00,completed
2770,7,2,2026-05-28 15:00:00,2026-05-28 21:00:00,2026-05-28 15:04:00,2026-05-28 20:59:00,completed
2771,30,2,2026-05-28 10:00:00,2026-05-28 16:00:00,2026-05-28 09:56:00,2026-05-28 16:08:00,completed
2772,4,3,2026-05-28 10:00:00,2026-05-28 18:00:00,2026-05-28 10:00:00,2026-05-28 17:52:00,completed
2773,31,3,2026-05-28 09:00:00,2026-05-28 15:00:00,2026-05-28 08:58:00,2026-05-28 14:58:00,completed
2774,64,3,2026-05-28 15:00:00,2026-05-28 21:00:00,2026-05-28 15:00:00,2026-05-28 21:02:00,completed
2775,15,3,2026-05-28 11:00:00,2026-05-28 17:00:00,2026-05-28 10:58:00,2026-05-28 17:05:00,completed
2776,1,1,2026-05-29 09:00:00,2026-05-29 17:00:00,2026-05-29 09:00:00,2026-05-29 17:03:00,completed
2777,41,1,2026-05-29 08:00:00,2026-05-29 14:00:00,2026-05-29 08:04:00,2026-05-29 13:57:00,completed
2778,66,1,2026-05-29 16:00:00,2026-05-29 22:00:00,2026-05-29 16:01:00,2026-05-29 21:55:00,completed
2779,29,1,2026-05-29 10:00:00,2026-05-29 16:00:00,2026-05-29 10:15:00,2026-05-29 15:57:00,completed
2780,12,1,2026-05-29 12:00:00,2026-05-29 17:00:00,2026-05-29 12:00:00,2026-05-29 16:55:00,completed
2781,2,2,2026-05-29 09:00:00,2026-05-29 17:00:00,,,cancelled
2782,23,2,2026-05-29 08:00:00,2026-05-29 14:00:00,,,cancelled
2783,13,2,2026-05-29 15:00:00,2026-05-29 21:00:00,2026-05-29 15:01:00,2026-05-29 21:04:00,completed
2784,37,2,2026-05-29 10:00:00,2026-05-29 16:00:00,2026-05-29 09:57:00,2026-05-29 15:54:00,completed
2785,40,2,2026-05-29 12:00:00,2026-05-29 17:00:00,2026-05-29 12:00:00,2026-05-29 17:07:00,completed
2786,3,3,2026-05-29 10:00:00,2026-05-29 18:00:00,2026-05-29 09:59:00,2026-05-29 17:51:00,completed
2787,28,3,2026-05-29 09:00:00,2026-05-29 15:00:00,2026-05-29 09:02:00,2026-05-29 14:56:00,completed
2788,54,3,2026-05-29 15:00:00,2026-05-29 21:00:00,2026-05-29 15:02:00,2026-05-29 20:51:00,completed
2789,22,3,2026-05-29 11:00:00,2026-05-29 17:00:00,2026-05-29 11:02:00,2026-05-29 17:00:00,completed
2790,77,3,2026-05-29 13:00:00,2026-05-29 18:00:00,2026-05-29 12:58:00,2026-05-29 18:08:00,completed
2791,67,1,2026-05-30 09:00:00,2026-05-30 17:00:00,2026-05-30 09:04:00,2026-05-30 17:01:00,completed
2792,12,1,2026-05-30 08:00:00,2026-05-30 14:00:00,2026-05-30 08:09:00,2026-05-30 13:51:00,completed
2793,49,1,2026-05-30 16:00:00,2026-05-30 22:00:00,2026-05-30 16:09:00,2026-05-30 22:02:00,completed
2794,14,1,2026-05-30 10:00:00,2026-05-30 16:00:00,2026-05-30 10:05:00,2026-05-30 15:54:00,completed
2795,43,1,2026-05-30 12:00:00,2026-05-30 17:00:00,2026-05-30 12:03:00,2026-05-30 16:58:00,completed
2796,2,2,2026-05-30 09:00:00,2026-05-30 17:00:00,2026-05-30 08:56:00,2026-05-30 17:04:00,completed
2797,38,2,2026-05-30 08:00:00,2026-05-30 14:00:00,2026-05-30 08:02:00,2026-05-30 14:00:00,completed
2798,40,2,2026-05-30 15:00:00,2026-05-30 21:00:00,2026-05-30 15:14:00,2026-05-30 21:02:00,completed
2799,37,2,2026-05-30 10:00:00,2026-05-30 16:00:00,2026-05-30 09:56:00,2026-05-30 16:03:00,completed
2800,13,2,2026-05-30 12:00:00,2026-05-30 17:00:00,2026-05-30 12:00:00,2026-05-30 17:08:00,completed
2801,3,3,2026-05-30 10:00:00,2026-05-30 18:00:00,2026-05-30 09:57:00,2026-05-30 17:51:00,completed
2802,44,3,2026-05-30 09:00:00,2026-05-30 15:00:00,2026-05-30 08:58:00,2026-05-30 15:05:00,completed
2803,69,3,2026-05-30 15:00:00,2026-05-30 21:00:00,2026-05-30 14:56:00,2026-05-30 21:07:00,completed
2804,25,3,2026-05-30 11:00:00,2026-05-30 17:00:00,,,missed
2805,35,3,2026-05-30 13:00:00,2026-05-30 18:00:00,2026-05-30 13:03:00,2026-05-30 17:56:00,completed
2806,1,1,2026-05-31 09:00:00,2026-05-31 17:00:00,2026-05-31 08:58:00,2026-05-31 16:59:00,completed
2807,41,1,2026-05-31 08:00:00,2026-05-31 14:00:00,2026-05-31 08:03:00,2026-05-31 13:52:00,completed
2808,21,1,2026-05-31 16:00:00,2026-05-31 22:00:00,2026-05-31 15:53:00,2026-05-31 21:58:00,completed
2809,6,1,2026-05-31 10:00:00,2026-05-31 16:00:00,2026-05-31 09:59:00,2026-05-31 15:57:00,completed
2810,33,1,2026-05-31 12:00:00,2026-05-31 17:00:00,2026-05-31 12:00:00,2026-05-31 17:14:00,completed
2811,10,2,2026-05-31 09:00:00,2026-05-31 17:00:00,2026-05-31 08:55:00,2026-05-31 16:53:00,completed
2812,23,2,2026-05-31 08:00:00,2026-05-31 14:00:00,2026-05-31 08:04:00,2026-05-31 14:01:00,completed
2813,38,2,2026-05-31 15:00:00,2026-05-31 21:00:00,2026-05-31 15:00:00,2026-05-31 21:08:00,completed
2814,45,2,2026-05-31 10:00:00,2026-05-31 16:00:00,2026-05-31 09:57:00,2026-05-31 15:56:00,completed
2815,32,2,2026-05-31 12:00:00,2026-05-31 17:00:00,2026-05-31 12:04:00,2026-05-31 17:02:00,completed
2816,47,3,2026-05-31 10:00:00,2026-05-31 18:00:00,2026-05-31 10:02:00,2026-05-31 17:58:00,completed
2817,34,3,2026-05-31 09:00:00,2026-05-31 15:00:00,2026-05-31 08:59:00,2026-05-31 15:03:00,completed
2818,11,3,2026-05-31 15:00:00,2026-05-31 21:00:00,2026-05-31 15:05:00,2026-05-31 20:59:00,completed
2819,78,3,2026-05-31 11:00:00,2026-05-31 17:00:00,2026-05-31 10:58:00,2026-05-31 16:58:00,completed
2820,77,3,2026-05-31 13:00:00,2026-05-31 18:00:00,,,missed
2821,67,1,2026-06-01 09:00:00,2026-06-01 17:00:00,2026-06-01 09:04:00,2026-06-01 17:00:00,completed
2822,49,1,2026-06-01 08:00:00,2026-06-01 14:00:00,2026-06-01 08:02:00,2026-06-01 13:49:00,completed
2823,66,1,2026-06-01 16:00:00,2026-06-01 22:00:00,2026-06-01 15:57:00,2026-06-01 21:57:00,completed
2824,29,1,2026-06-01 10:00:00,2026-06-01 16:00:00,2026-06-01 10:04:00,2026-06-01 16:03:00,completed
2825,10,2,2026-06-01 09:00:00,2026-06-01 17:00:00,2026-06-01 09:01:00,2026-06-01 16:51:00,completed
2826,60,2,2026-06-01 08:00:00,2026-06-01 14:00:00,2026-06-01 07:59:00,2026-06-01 13:56:00,completed
2827,24,2,2026-06-01 15:00:00,2026-06-01 21:00:00,2026-06-01 15:02:00,2026-06-01 21:01:00,completed
2828,80,2,2026-06-01 10:00:00,2026-06-01 16:00:00,2026-06-01 09:59:00,2026-06-01 15:57:00,completed
2829,47,3,2026-06-01 10:00:00,2026-06-01 18:00:00,2026-06-01 10:02:00,2026-06-01 17:58:00,completed
2830,36,3,2026-06-01 09:00:00,2026-06-01 15:00:00,2026-06-01 09:11:00,2026-06-01 15:03:00,completed
2831,28,3,2026-06-01 15:00:00,2026-06-01 21:00:00,2026-06-01 15:00:00,2026-06-01 20:55:00,completed
2832,56,3,2026-06-01 11:00:00,2026-06-01 17:00:00,2026-06-01 11:00:00,2026-06-01 17:12:00,completed
2833,1,1,2026-06-02 09:00:00,2026-06-02 17:00:00,2026-06-02 09:03:00,2026-06-02 17:02:00,completed
2834,17,1,2026-06-02 08:00:00,2026-06-02 14:00:00,2026-06-02 07:54:00,2026-06-02 13:56:00,completed
2835,72,1,2026-06-02 16:00:00,2026-06-02 22:00:00,2026-06-02 15:56:00,2026-06-02 21:50:00,completed
2836,14,1,2026-06-02 10:00:00,2026-06-02 16:00:00,2026-06-02 10:02:00,2026-06-02 16:04:00,completed
2837,68,2,2026-06-02 09:00:00,2026-06-02 17:00:00,2026-06-02 09:04:00,2026-06-02 16:55:00,completed
2838,55,2,2026-06-02 08:00:00,2026-06-02 14:00:00,2026-06-02 08:03:00,2026-06-02 14:04:00,completed
2839,39,2,2026-06-02 15:00:00,2026-06-02 21:00:00,,,cancelled
2840,51,2,2026-06-02 10:00:00,2026-06-02 16:00:00,2026-06-02 09:59:00,2026-06-02 16:02:00,completed
2841,4,3,2026-06-02 10:00:00,2026-06-02 18:00:00,2026-06-02 09:57:00,2026-06-02 18:02:00,completed
2842,31,3,2026-06-02 09:00:00,2026-06-02 15:00:00,2026-06-02 09:00:00,2026-06-02 14:51:00,completed
2843,64,3,2026-06-02 15:00:00,2026-06-02 21:00:00,2026-06-02 15:11:00,2026-06-02 21:03:00,completed
2844,70,3,2026-06-02 11:00:00,2026-06-02 17:00:00,2026-06-02 11:04:00,2026-06-02 17:02:00,completed
2845,1,1,2026-06-03 09:00:00,2026-06-03 17:00:00,2026-06-03 09:03:00,2026-06-03 17:03:00,completed
2846,18,1,2026-06-03 08:00:00,2026-06-03 14:00:00,2026-06-03 08:02:00,2026-06-03 13:58:00,completed
2847,52,1,2026-06-03 16:00:00,2026-06-03 22:00:00,2026-06-03 16:02:00,2026-06-03 21:49:00,completed
2848,50,1,2026-06-03 10:00:00,2026-06-03 16:00:00,2026-06-03 10:00:00,2026-06-03 15:58:00,completed
2849,63,2,2026-06-03 09:00:00,2026-06-03 17:00:00,2026-06-03 08:58:00,2026-06-03 17:05:00,completed
2850,65,2,2026-06-03 08:00:00,2026-06-03 14:00:00,2026-06-03 07:58:00,2026-06-03 14:06:00,completed
2851,19,2,2026-06-03 15:00:00,2026-06-03 21:00:00,2026-06-03 15:04:00,2026-06-03 20:55:00,completed
2852,30,2,2026-06-03 10:00:00,2026-06-03 16:00:00,2026-06-03 10:06:00,2026-06-03 16:04:00,completed
2853,62,3,2026-06-03 10:00:00,2026-06-03 18:00:00,2026-06-03 10:16:00,2026-06-03 18:03:00,completed
2854,20,3,2026-06-03 09:00:00,2026-06-03 15:00:00,2026-06-03 08:59:00,2026-06-03 14:57:00,completed
2855,75,3,2026-06-03 15:00:00,2026-06-03 21:00:00,2026-06-03 14:55:00,2026-06-03 20:58:00,completed
2856,71,3,2026-06-03 11:00:00,2026-06-03 17:00:00,2026-06-03 11:02:00,2026-06-03 16:53:00,completed
2857,67,1,2026-06-04 09:00:00,2026-06-04 17:00:00,2026-06-04 09:02:00,2026-06-04 17:04:00,completed
2858,43,1,2026-06-04 08:00:00,2026-06-04 14:00:00,2026-06-04 07:58:00,2026-06-04 13:59:00,completed
2859,33,1,2026-06-04 16:00:00,2026-06-04 22:00:00,2026-06-04 16:05:00,2026-06-04 22:00:00,completed
2860,6,1,2026-06-04 10:00:00,2026-06-04 16:00:00,2026-06-04 09:57:00,2026-06-04 16:06:00,completed
2861,16,2,2026-06-04 09:00:00,2026-06-04 17:00:00,2026-06-04 08:59:00,2026-06-04 16:57:00,completed
2862,46,2,2026-06-04 08:00:00,2026-06-04 14:00:00,,,cancelled
2863,32,2,2026-06-04 15:00:00,2026-06-04 21:00:00,2026-06-04 15:00:00,2026-06-04 21:12:00,completed
2864,45,2,2026-06-04 10:00:00,2026-06-04 16:00:00,2026-06-04 10:00:00,2026-06-04 15:54:00,completed
2865,58,3,2026-06-04 10:00:00,2026-06-04 18:00:00,2026-06-04 10:01:00,2026-06-04 17:59:00,completed
2866,8,3,2026-06-04 09:00:00,2026-06-04 15:00:00,2026-06-04 08:57:00,2026-06-04 15:00:00,completed
2867,26,3,2026-06-04 15:00:00,2026-06-04 21:00:00,2026-06-04 14:58:00,2026-06-04 21:02:00,completed
2868,78,3,2026-06-04 11:00:00,2026-06-04 17:00:00,2026-06-04 11:02:00,2026-06-04 16:53:00,completed
2869,1,1,2026-06-05 09:00:00,2026-06-05 17:00:00,2026-06-05 08:59:00,2026-06-05 16:54:00,completed
2870,41,1,2026-06-05 08:00:00,2026-06-05 14:00:00,2026-06-05 08:02:00,2026-06-05 13:57:00,completed
2871,21,1,2026-06-05 16:00:00,2026-06-05 22:00:00,2026-06-05 15:56:00,2026-06-05 21:55:00,completed
2872,29,1,2026-06-05 10:00:00,2026-06-05 16:00:00,2026-06-05 10:03:00,2026-06-05 16:00:00,completed
2873,12,1,2026-06-05 12:00:00,2026-06-05 17:00:00,2026-06-05 11:56:00,2026-06-05 16:55:00,completed
2874,2,2,2026-06-05 09:00:00,2026-06-05 17:00:00,2026-06-05 09:13:00,2026-06-05 16:55:00,completed
2875,7,2,2026-06-05 08:00:00,2026-06-05 14:00:00,2026-06-05 08:02:00,2026-06-05 14:00:00,completed
2876,13,2,2026-06-05 15:00:00,2026-06-05 21:00:00,2026-06-05 15:03:00,2026-06-05 21:02:00,completed
2877,37,2,2026-06-05 10:00:00,2026-06-05 16:00:00,2026-06-05 09:59:00,2026-06-05 15:57:00,completed
2878,23,2,2026-06-05 12:00:00,2026-06-05 17:00:00,2026-06-05 11:58:00,2026-06-05 17:07:00,completed
2879,3,3,2026-06-05 10:00:00,2026-06-05 18:00:00,2026-06-05 10:02:00,2026-06-05 17:58:00,completed
2880,54,3,2026-06-05 09:00:00,2026-06-05 15:00:00,2026-06-05 09:05:00,2026-06-05 14:56:00,completed
2881,5,3,2026-06-05 15:00:00,2026-06-05 21:00:00,2026-06-05 15:02:00,2026-06-05 20:57:00,completed
2882,25,3,2026-06-05 11:00:00,2026-06-05 17:00:00,2026-06-05 10:52:00,2026-06-05 16:55:00,completed
2883,69,3,2026-06-05 13:00:00,2026-06-05 18:00:00,,,cancelled
2884,67,1,2026-06-06 09:00:00,2026-06-06 17:00:00,2026-06-06 08:59:00,2026-06-06 17:02:00,completed
2885,12,1,2026-06-06 08:00:00,2026-06-06 14:00:00,2026-06-06 07:56:00,2026-06-06 14:04:00,completed
2886,49,1,2026-06-06 16:00:00,2026-06-06 22:00:00,2026-06-06 16:04:00,2026-06-06 21:58:00,completed
2887,14,1,2026-06-06 10:00:00,2026-06-06 16:00:00,2026-06-06 10:03:00,2026-06-06 15:57:00,completed
2888,17,1,2026-06-06 12:00:00,2026-06-06 17:00:00,2026-06-06 11:58:00,2026-06-06 17:09:00,completed
2889,2,2,2026-06-06 09:00:00,2026-06-06 17:00:00,2026-06-06 09:00:00,2026-06-06 16:56:00,completed
2890,40,2,2026-06-06 08:00:00,2026-06-06 14:00:00,2026-06-06 07:59:00,2026-06-06 14:07:00,completed
2891,38,2,2026-06-06 15:00:00,2026-06-06 21:00:00,2026-06-06 15:02:00,2026-06-06 21:00:00,completed
2892,37,2,2026-06-06 10:00:00,2026-06-06 16:00:00,2026-06-06 10:02:00,2026-06-06 15:58:00,completed
2893,23,2,2026-06-06 12:00:00,2026-06-06 17:00:00,2026-06-06 11:57:00,2026-06-06 16:59:00,completed
2894,3,3,2026-06-06 10:00:00,2026-06-06 18:00:00,2026-06-06 09:59:00,2026-06-06 17:59:00,completed
2895,44,3,2026-06-06 09:00:00,2026-06-06 15:00:00,2026-06-06 09:02:00,2026-06-06 14:55:00,completed
2896,35,3,2026-06-06 15:00:00,2026-06-06 21:00:00,2026-06-06 14:57:00,2026-06-06 20:50:00,completed
2897,53,3,2026-06-06 11:00:00,2026-06-06 17:00:00,2026-06-06 10:57:00,2026-06-06 16:56:00,completed
2898,77,3,2026-06-06 13:00:00,2026-06-06 18:00:00,2026-06-06 13:01:00,2026-06-06 17:55:00,completed
2899,1,1,2026-06-07 09:00:00,2026-06-07 17:00:00,2026-06-07 08:55:00,2026-06-07 17:04:00,completed
2900,52,1,2026-06-07 08:00:00,2026-06-07 14:00:00,2026-06-07 07:59:00,2026-06-07 14:03:00,completed
2901,66,1,2026-06-07 16:00:00,2026-06-07 22:00:00,2026-06-07 16:02:00,2026-06-07 21:56:00,completed
2902,50,1,2026-06-07 10:00:00,2026-06-07 16:00:00,2026-06-07 10:00:00,2026-06-07 16:06:00,completed
2903,18,1,2026-06-07 12:00:00,2026-06-07 17:00:00,2026-06-07 12:01:00,2026-06-07 16:52:00,completed
2904,10,2,2026-06-07 09:00:00,2026-06-07 17:00:00,2026-06-07 08:55:00,2026-06-07 16:56:00,completed
2905,13,2,2026-06-07 08:00:00,2026-06-07 14:00:00,,,cancelled
2906,40,2,2026-06-07 15:00:00,2026-06-07 21:00:00,2026-06-07 15:01:00,2026-06-07 20:51:00,completed
2907,80,2,2026-06-07 10:00:00,2026-06-07 16:00:00,2026-06-07 10:01:00,2026-06-07 15:56:00,completed
2908,38,2,2026-06-07 12:00:00,2026-06-07 17:00:00,2026-06-07 12:01:00,2026-06-07 16:53:00,completed
2909,58,3,2026-06-07 10:00:00,2026-06-07 18:00:00,2026-06-07 10:02:00,2026-06-07 18:07:00,completed
2910,34,3,2026-06-07 09:00:00,2026-06-07 15:00:00,2026-06-07 08:59:00,2026-06-07 15:04:00,completed
2911,11,3,2026-06-07 15:00:00,2026-06-07 21:00:00,2026-06-07 15:00:00,2026-06-07 21:03:00,completed
2912,22,3,2026-06-07 11:00:00,2026-06-07 17:00:00,2026-06-07 10:57:00,2026-06-07 16:54:00,completed
2913,69,3,2026-06-07 13:00:00,2026-06-07 18:00:00,2026-06-07 12:58:00,2026-06-07 17:57:00,completed
2914,67,1,2026-06-08 09:00:00,2026-06-08 17:00:00,2026-06-08 09:04:00,2026-06-08 17:04:00,completed
2915,49,1,2026-06-08 08:00:00,2026-06-08 14:00:00,2026-06-08 07:57:00,2026-06-08 14:11:00,completed
2916,72,1,2026-06-08 16:00:00,2026-06-08 22:00:00,2026-06-08 16:01:00,2026-06-08 22:02:00,completed
2917,29,1,2026-06-08 10:00:00,2026-06-08 16:00:00,2026-06-08 09:59:00,2026-06-08 16:09:00,completed
2918,10,2,2026-06-08 09:00:00,2026-06-08 17:00:00,2026-06-08 09:01:00,2026-06-08 16:58:00,completed
2919,65,2,2026-06-08 08:00:00,2026-06-08 14:00:00,2026-06-08 07:56:00,2026-06-08 14:02:00,completed
2920,39,2,2026-06-08 15:00:00,2026-06-08 21:00:00,2026-06-08 15:00:00,2026-06-08 21:09:00,completed
2921,45,2,2026-06-08 10:00:00,2026-06-08 16:00:00,2026-06-08 09:57:00,2026-06-08 16:04:00,completed
2922,47,3,2026-06-08 10:00:00,2026-06-08 18:00:00,2026-06-08 10:04:00,2026-06-08 17:58:00,completed
2923,54,3,2026-06-08 09:00:00,2026-06-08 15:00:00,2026-06-08 08:56:00,2026-06-08 14:58:00,completed
2924,36,3,2026-06-08 15:00:00,2026-06-08 21:00:00,2026-06-08 15:00:00,2026-06-08 21:01:00,completed
2925,53,3,2026-06-08 11:00:00,2026-06-08 17:00:00,2026-06-08 10:58:00,2026-06-08 17:02:00,completed
2926,1,1,2026-06-09 09:00:00,2026-06-09 17:00:00,2026-06-09 08:56:00,2026-06-09 16:59:00,completed
2927,21,1,2026-06-09 08:00:00,2026-06-09 14:00:00,2026-06-09 08:04:00,2026-06-09 13:59:00,completed
2928,41,1,2026-06-09 16:00:00,2026-06-09 22:00:00,2026-06-09 16:01:00,2026-06-09 22:05:00,completed
2929,14,1,2026-06-09 10:00:00,2026-06-09 16:00:00,2026-06-09 10:03:00,2026-06-09 16:04:00,completed
2930,68,2,2026-06-09 09:00:00,2026-06-09 17:00:00,2026-06-09 09:02:00,2026-06-09 17:00:00,completed
2931,55,2,2026-06-09 08:00:00,2026-06-09 14:00:00,2026-06-09 08:01:00,2026-06-09 14:04:00,completed
2932,24,2,2026-06-09 15:00:00,2026-06-09 21:00:00,2026-06-09 15:03:00,2026-06-09 21:03:00,completed
2933,30,2,2026-06-09 10:00:00,2026-06-09 16:00:00,2026-06-09 09:57:00,2026-06-09 15:55:00,completed
2934,62,3,2026-06-09 10:00:00,2026-06-09 18:00:00,2026-06-09 10:04:00,2026-06-09 18:12:00,completed
2935,64,3,2026-06-09 09:00:00,2026-06-09 15:00:00,2026-06-09 08:55:00,2026-06-09 15:00:00,completed
2936,26,3,2026-06-09 15:00:00,2026-06-09 21:00:00,2026-06-09 14:59:00,2026-06-09 21:07:00,completed
2937,56,3,2026-06-09 11:00:00,2026-06-09 17:00:00,2026-06-09 10:58:00,2026-06-09 17:00:00,completed
2938,1,1,2026-06-10 09:00:00,2026-06-10 17:00:00,2026-06-10 08:54:00,2026-06-10 16:58:00,completed
2939,17,1,2026-06-10 08:00:00,2026-06-10 14:00:00,2026-06-10 07:58:00,2026-06-10 14:03:00,completed
2940,18,1,2026-06-10 16:00:00,2026-06-10 22:00:00,2026-06-10 15:59:00,2026-06-10 22:05:00,completed
2941,6,1,2026-06-10 10:00:00,2026-06-10 16:00:00,2026-06-10 10:04:00,2026-06-10 15:59:00,completed
2942,16,2,2026-06-10 09:00:00,2026-06-10 17:00:00,2026-06-10 08:59:00,2026-06-10 16:58:00,completed
2943,46,2,2026-06-10 08:00:00,2026-06-10 14:00:00,2026-06-10 08:01:00,2026-06-10 14:10:00,completed
2944,19,2,2026-06-10 15:00:00,2026-06-10 21:00:00,2026-06-10 15:04:00,2026-06-10 21:03:00,completed
2945,51,2,2026-06-10 10:00:00,2026-06-10 16:00:00,2026-06-10 10:04:00,2026-06-10 16:01:00,completed
2946,4,3,2026-06-10 10:00:00,2026-06-10 18:00:00,2026-06-10 09:59:00,2026-06-10 18:02:00,completed
2947,20,3,2026-06-10 09:00:00,2026-06-10 15:00:00,2026-06-10 08:56:00,2026-06-10 14:54:00,completed
2948,75,3,2026-06-10 15:00:00,2026-06-10 21:00:00,2026-06-10 14:57:00,2026-06-10 20:55:00,completed
2949,15,3,2026-06-10 11:00:00,2026-06-10 17:00:00,2026-06-10 10:58:00,2026-06-10 16:59:00,completed
2950,67,1,2026-06-11 09:00:00,2026-06-11 17:00:00,2026-06-11 08:57:00,2026-06-11 17:09:00,completed
2951,66,1,2026-06-11 08:00:00,2026-06-11 14:00:00,2026-06-11 08:02:00,2026-06-11 14:08:00,completed
2952,33,1,2026-06-11 16:00:00,2026-06-11 22:00:00,2026-06-11 16:03:00,2026-06-11 22:05:00,completed
2953,50,1,2026-06-11 10:00:00,2026-06-11 16:00:00,2026-06-11 10:01:00,2026-06-11 16:03:00,completed
2954,63,2,2026-06-11 09:00:00,2026-06-11 17:00:00,2026-06-11 09:05:00,2026-06-11 17:02:00,completed
2955,60,2,2026-06-11 08:00:00,2026-06-11 14:00:00,2026-06-11 08:04:00,2026-06-11 14:08:00,completed
2956,32,2,2026-06-11 15:00:00,2026-06-11 21:00:00,2026-06-11 15:03:00,2026-06-11 20:59:00,completed
2957,80,2,2026-06-11 10:00:00,2026-06-11 16:00:00,2026-06-11 09:59:00,2026-06-11 16:08:00,completed
2958,58,3,2026-06-11 10:00:00,2026-06-11 18:00:00,2026-06-11 10:00:00,2026-06-11 18:10:00,completed
2959,8,3,2026-06-11 09:00:00,2026-06-11 15:00:00,,,missed
2960,28,3,2026-06-11 15:00:00,2026-06-11 21:00:00,2026-06-11 14:59:00,2026-06-11 20:56:00,completed
2961,70,3,2026-06-11 11:00:00,2026-06-11 17:00:00,2026-06-11 10:59:00,2026-06-11 17:05:00,completed
2962,1,1,2026-06-12 09:00:00,2026-06-12 17:00:00,2026-06-12 09:02:00,2026-06-12 17:05:00,completed
2963,43,1,2026-06-12 08:00:00,2026-06-12 14:00:00,2026-06-12 08:03:00,2026-06-12 14:02:00,completed
2964,52,1,2026-06-12 16:00:00,2026-06-12 22:00:00,2026-06-12 16:01:00,2026-06-12 21:53:00,completed
2965,29,1,2026-06-12 10:00:00,2026-06-12 16:00:00,2026-06-12 10:03:00,2026-06-12 16:01:00,completed
2966,12,1,2026-06-12 12:00:00,2026-06-12 17:00:00,2026-06-12 11:56:00,2026-06-12 17:03:00,completed
2967,2,2,2026-06-12 09:00:00,2026-06-12 17:00:00,2026-06-12 09:00:00,2026-06-12 17:10:00,completed
2968,7,2,2026-06-12 08:00:00,2026-06-12 14:00:00,2026-06-12 08:00:00,2026-06-12 13:57:00,completed
2969,13,2,2026-06-12 15:00:00,2026-06-12 21:00:00,2026-06-12 14:57:00,2026-06-12 20:59:00,completed
2970,37,2,2026-06-12 10:00:00,2026-06-12 16:00:00,2026-06-12 09:58:00,2026-06-12 16:00:00,completed
2971,23,2,2026-06-12 12:00:00,2026-06-12 17:00:00,2026-06-12 12:00:00,2026-06-12 17:03:00,completed
2972,3,3,2026-06-12 10:00:00,2026-06-12 18:00:00,2026-06-12 09:58:00,2026-06-12 18:11:00,completed
2973,31,3,2026-06-12 09:00:00,2026-06-12 15:00:00,2026-06-12 08:59:00,2026-06-12 14:52:00,completed
2974,5,3,2026-06-12 15:00:00,2026-06-12 21:00:00,2026-06-12 15:02:00,2026-06-12 20:50:00,completed
2975,71,3,2026-06-12 11:00:00,2026-06-12 17:00:00,2026-06-12 10:57:00,2026-06-12 17:04:00,completed
2976,44,3,2026-06-12 13:00:00,2026-06-12 18:00:00,2026-06-12 13:02:00,2026-06-12 18:00:00,completed
2977,67,1,2026-06-13 09:00:00,2026-06-13 17:00:00,2026-06-13 09:01:00,2026-06-13 16:57:00,completed
2978,12,1,2026-06-13 08:00:00,2026-06-13 14:00:00,2026-06-13 07:58:00,2026-06-13 14:08:00,completed
2979,49,1,2026-06-13 16:00:00,2026-06-13 22:00:00,2026-06-13 15:58:00,2026-06-13 21:59:00,completed
2980,6,1,2026-06-13 10:00:00,2026-06-13 16:00:00,2026-06-13 10:01:00,2026-06-13 16:08:00,completed
2981,72,1,2026-06-13 12:00:00,2026-06-13 17:00:00,2026-06-13 11:56:00,2026-06-13 17:02:00,completed
2982,2,2,2026-06-13 09:00:00,2026-06-13 17:00:00,2026-06-13 08:59:00,2026-06-13 16:52:00,completed
2983,38,2,2026-06-13 08:00:00,2026-06-13 14:00:00,2026-06-13 08:00:00,2026-06-13 13:52:00,completed
2984,40,2,2026-06-13 15:00:00,2026-06-13 21:00:00,2026-06-13 15:04:00,2026-06-13 20:54:00,completed
2985,37,2,2026-06-13 10:00:00,2026-06-13 16:00:00,2026-06-13 09:59:00,2026-06-13 16:08:00,completed
2986,23,2,2026-06-13 12:00:00,2026-06-13 17:00:00,2026-06-13 12:00:00,2026-06-13 16:54:00,completed
2987,3,3,2026-06-13 10:00:00,2026-06-13 18:00:00,2026-06-13 09:59:00,2026-06-13 18:03:00,completed
2988,69,3,2026-06-13 09:00:00,2026-06-13 15:00:00,2026-06-13 09:00:00,2026-06-13 14:54:00,completed
2989,35,3,2026-06-13 15:00:00,2026-06-13 21:00:00,2026-06-13 15:00:00,2026-06-13 20:59:00,completed
2990,78,3,2026-06-13 11:00:00,2026-06-13 17:00:00,,,cancelled
2991,11,3,2026-06-13 13:00:00,2026-06-13 18:00:00,2026-06-13 13:01:00,2026-06-13 18:02:00,completed
2992,1,1,2026-06-14 09:00:00,2026-06-14 17:00:00,2026-06-14 09:02:00,2026-06-14 16:53:00,completed
2993,43,1,2026-06-14 08:00:00,2026-06-14 14:00:00,2026-06-14 08:02:00,2026-06-14 14:06:00,completed
2994,18,1,2026-06-14 16:00:00,2026-06-14 22:00:00,2026-06-14 16:02:00,2026-06-14 21:57:00,completed
2995,50,1,2026-06-14 10:00:00,2026-06-14 16:00:00,2026-06-14 10:01:00,2026-06-14 16:03:00,completed
2996,33,1,2026-06-14 12:00:00,2026-06-14 17:00:00,2026-06-14 11:59:00,2026-06-14 16:59:00,completed
2997,10,2,2026-06-14 09:00:00,2026-06-14 17:00:00,2026-06-14 09:00:00,2026-06-14 17:00:00,completed
2998,13,2,2026-06-14 08:00:00,2026-06-14 14:00:00,2026-06-14 08:00:00,2026-06-14 13:55:00,completed
2999,40,2,2026-06-14 15:00:00,2026-06-14 21:00:00,2026-06-14 15:01:00,2026-06-14 21:01:00,completed
3000,51,2,2026-06-14 10:00:00,2026-06-14 16:00:00,2026-06-14 10:00:00,2026-06-14 15:57:00,completed
3001,38,2,2026-06-14 12:00:00,2026-06-14 17:00:00,2026-06-14 12:01:00,2026-06-14 16:58:00,completed
3002,47,3,2026-06-14 10:00:00,2026-06-14 18:00:00,2026-06-14 09:59:00,2026-06-14 17:57:00,completed
3003,34,3,2026-06-14 09:00:00,2026-06-14 15:00:00,2026-06-14 08:58:00,2026-06-14 14:58:00,completed
3004,11,3,2026-06-14 15:00:00,2026-06-14 21:00:00,2026-06-14 15:01:00,2026-06-14 20:48:00,completed
3005,25,3,2026-06-14 11:00:00,2026-06-14 17:00:00,,,cancelled
3006,44,3,2026-06-14 13:00:00,2026-06-14 18:00:00,2026-06-14 13:00:00,2026-06-14 18:01:00,completed
3007,67,1,2026-06-15 09:00:00,2026-06-15 17:00:00,2026-06-15 09:04:00,2026-06-15 16:58:00,completed
3008,49,1,2026-06-15 08:00:00,2026-06-15 14:00:00,2026-06-15 07:57:00,2026-06-15 14:04:00,completed
3009,72,1,2026-06-15 16:00:00,2026-06-15 22:00:00,2026-06-15 15:58:00,2026-06-15 22:00:00,completed
3010,29,1,2026-06-15 10:00:00,2026-06-15 16:00:00,2026-06-15 09:55:00,2026-06-15 15:57:00,completed
3011,10,2,2026-06-15 09:00:00,2026-06-15 17:00:00,2026-06-15 09:01:00,2026-06-15 17:02:00,completed
3012,65,2,2026-06-15 08:00:00,2026-06-15 14:00:00,2026-06-15 08:05:00,2026-06-15 14:03:00,completed
3013,24,2,2026-06-15 15:00:00,2026-06-15 21:00:00,2026-06-15 14:55:00,2026-06-15 20:49:00,completed
3014,45,2,2026-06-15 10:00:00,2026-06-15 16:00:00,,,missed
3015,62,3,2026-06-15 10:00:00,2026-06-15 18:00:00,2026-06-15 10:01:00,2026-06-15 18:14:00,completed
3016,54,3,2026-06-15 09:00:00,2026-06-15 15:00:00,2026-06-15 08:58:00,2026-06-15 15:05:00,completed
3017,28,3,2026-06-15 15:00:00,2026-06-15 21:00:00,2026-06-15 15:01:00,2026-06-15 21:01:00,completed
3018,53,3,2026-06-15 11:00:00,2026-06-15 17:00:00,2026-06-15 11:00:00,2026-06-15 16:59:00,completed
3019,1,1,2026-06-16 09:00:00,2026-06-16 17:00:00,2026-06-16 08:57:00,2026-06-16 17:08:00,completed
3020,52,1,2026-06-16 08:00:00,2026-06-16 14:00:00,2026-06-16 08:01:00,2026-06-16 13:58:00,completed
3021,41,1,2026-06-16 16:00:00,2026-06-16 22:00:00,2026-06-16 15:57:00,2026-06-16 22:01:00,completed
3022,14,1,2026-06-16 10:00:00,2026-06-16 16:00:00,2026-06-16 09:59:00,2026-06-16 15:58:00,completed
3023,68,2,2026-06-16 09:00:00,2026-06-16 17:00:00,2026-06-16 09:01:00,2026-06-16 16:54:00,completed
3024,60,2,2026-06-16 08:00:00,2026-06-16 14:00:00,2026-06-16 08:01:00,2026-06-16 14:05:00,completed
3025,55,2,2026-06-16 15:00:00,2026-06-16 21:00:00,2026-06-16 15:01:00,2026-06-16 21:09:00,completed
3026,30,2,2026-06-16 10:00:00,2026-06-16 16:00:00,2026-06-16 09:57:00,2026-06-16 15:58:00,completed
3027,4,3,2026-06-16 10:00:00,2026-06-16 18:00:00,2026-06-16 10:03:00,2026-06-16 17:55:00,completed
3028,36,3,2026-06-16 09:00:00,2026-06-16 15:00:00,2026-06-16 09:00:00,2026-06-16 15:01:00,completed
3029,8,3,2026-06-16 15:00:00,2026-06-16 21:00:00,2026-06-16 15:02:00,2026-06-16 21:00:00,completed
3030,71,3,2026-06-16 11:00:00,2026-06-16 17:00:00,2026-06-16 10:56:00,2026-06-16 16:58:00,completed
3031,1,1,2026-06-17 09:00:00,2026-06-17 17:00:00,2026-06-17 09:04:00,2026-06-17 16:56:00,completed
3032,17,1,2026-06-17 08:00:00,2026-06-17 14:00:00,2026-06-17 07:58:00,2026-06-17 14:02:00,completed
3033,21,1,2026-06-17 16:00:00,2026-06-17 22:00:00,2026-06-17 16:04:00,2026-06-17 22:04:00,completed
3034,6,1,2026-06-17 10:00:00,2026-06-17 16:00:00,2026-06-17 10:00:00,2026-06-17 16:03:00,completed
3035,63,2,2026-06-17 09:00:00,2026-06-17 17:00:00,2026-06-17 08:57:00,2026-06-17 17:06:00,completed
3036,19,2,2026-06-17 08:00:00,2026-06-17 14:00:00,2026-06-17 08:00:00,2026-06-17 14:01:00,completed
3037,46,2,2026-06-17 15:00:00,2026-06-17 21:00:00,2026-06-17 14:59:00,2026-06-17 21:03:00,completed
3038,80,2,2026-06-17 10:00:00,2026-06-17 16:00:00,2026-06-17 10:02:00,2026-06-17 15:58:00,completed
3039,47,3,2026-06-17 10:00:00,2026-06-17 18:00:00,2026-06-17 09:56:00,2026-06-17 18:07:00,completed
3040,20,3,2026-06-17 09:00:00,2026-06-17 15:00:00,2026-06-17 09:01:00,2026-06-17 15:08:00,completed
3041,64,3,2026-06-17 15:00:00,2026-06-17 21:00:00,2026-06-17 14:58:00,2026-06-17 21:04:00,completed
3042,56,3,2026-06-17 11:00:00,2026-06-17 17:00:00,2026-06-17 10:57:00,2026-06-17 16:58:00,completed
3043,67,1,2026-06-18 09:00:00,2026-06-18 17:00:00,2026-06-18 09:02:00,2026-06-18 16:48:00,completed
3044,66,1,2026-06-18 08:00:00,2026-06-18 14:00:00,2026-06-18 08:00:00,2026-06-18 13:56:00,completed
3045,33,1,2026-06-18 16:00:00,2026-06-18 22:00:00,2026-06-18 16:05:00,2026-06-18 21:55:00,completed
3046,50,1,2026-06-18 10:00:00,2026-06-18 16:00:00,2026-06-18 10:01:00,2026-06-18 15:54:00,completed
3047,16,2,2026-06-18 09:00:00,2026-06-18 17:00:00,2026-06-18 08:57:00,2026-06-18 17:04:00,completed
3048,39,2,2026-06-18 08:00:00,2026-06-18 14:00:00,2026-06-18 07:58:00,2026-06-18 14:08:00,completed
3049,32,2,2026-06-18 15:00:00,2026-06-18 21:00:00,2026-06-18 14:56:00,2026-06-18 21:04:00,completed
3050,51,2,2026-06-18 10:00:00,2026-06-18 16:00:00,2026-06-18 10:05:00,2026-06-18 16:01:00,completed
3051,58,3,2026-06-18 10:00:00,2026-06-18 18:00:00,2026-06-18 10:00:00,2026-06-18 17:51:00,completed
3052,75,3,2026-06-18 09:00:00,2026-06-18 15:00:00,2026-06-18 08:57:00,2026-06-18 15:02:00,completed
3053,26,3,2026-06-18 15:00:00,2026-06-18 21:00:00,2026-06-18 15:05:00,2026-06-18 21:15:00,completed
3054,22,3,2026-06-18 11:00:00,2026-06-18 17:00:00,2026-06-18 11:03:00,2026-06-18 17:02:00,completed
3055,1,1,2026-06-19 09:00:00,2026-06-19 17:00:00,2026-06-19 09:07:00,2026-06-19 17:10:00,completed
3056,18,1,2026-06-19 08:00:00,2026-06-19 14:00:00,2026-06-19 08:03:00,2026-06-19 14:07:00,completed
3057,43,1,2026-06-19 16:00:00,2026-06-19 22:00:00,2026-06-19 15:56:00,2026-06-19 22:07:00,completed
3058,29,1,2026-06-19 10:00:00,2026-06-19 16:00:00,2026-06-19 09:59:00,2026-06-19 15:58:00,completed
3059,12,1,2026-06-19 12:00:00,2026-06-19 17:00:00,2026-06-19 11:58:00,2026-06-19 16:57:00,completed
3060,2,2,2026-06-19 09:00:00,2026-06-19 17:00:00,2026-06-19 09:01:00,2026-06-19 16:58:00,completed
3061,7,2,2026-06-19 08:00:00,2026-06-19 14:00:00,2026-06-19 07:55:00,2026-06-19 13:59:00,completed
3062,23,2,2026-06-19 15:00:00,2026-06-19 21:00:00,2026-06-19 14:59:00,2026-06-19 20:54:00,completed
3063,37,2,2026-06-19 10:00:00,2026-06-19 16:00:00,2026-06-19 10:01:00,2026-06-19 16:00:00,completed
3064,13,2,2026-06-19 12:00:00,2026-06-19 17:00:00,2026-06-19 11:59:00,2026-06-19 16:54:00,completed
3065,3,3,2026-06-19 10:00:00,2026-06-19 18:00:00,2026-06-19 09:56:00,2026-06-19 17:55:00,completed
3066,31,3,2026-06-19 09:00:00,2026-06-19 15:00:00,2026-06-19 09:01:00,2026-06-19 15:02:00,completed
3067,5,3,2026-06-19 15:00:00,2026-06-19 21:00:00,2026-06-19 15:00:00,2026-06-19 20:58:00,completed
3068,70,3,2026-06-19 11:00:00,2026-06-19 17:00:00,2026-06-19 11:01:00,2026-06-19 16:52:00,completed
3069,77,3,2026-06-19 13:00:00,2026-06-19 18:00:00,2026-06-19 13:03:00,2026-06-19 17:58:00,completed
3070,67,1,2026-06-20 09:00:00,2026-06-20 17:00:00,2026-06-20 09:03:00,2026-06-20 17:04:00,completed
3071,12,1,2026-06-20 08:00:00,2026-06-20 14:00:00,,,missed
3072,49,1,2026-06-20 16:00:00,2026-06-20 22:00:00,,,missed
3073,14,1,2026-06-20 10:00:00,2026-06-20 16:00:00,2026-06-20 10:18:00,2026-06-20 15:59:00,completed
3074,72,1,2026-06-20 12:00:00,2026-06-20 17:00:00,2026-06-20 12:01:00,2026-06-20 16:59:00,completed
3075,2,2,2026-06-20 09:00:00,2026-06-20 17:00:00,,,missed
3076,40,2,2026-06-20 08:00:00,2026-06-20 14:00:00,2026-06-20 07:56:00,2026-06-20 14:03:00,completed
3077,38,2,2026-06-20 15:00:00,2026-06-20 21:00:00,2026-06-20 15:03:00,2026-06-20 20:52:00,completed
3078,37,2,2026-06-20 10:00:00,2026-06-20 16:00:00,2026-06-20 10:02:00,2026-06-20 15:59:00,completed
3079,13,2,2026-06-20 12:00:00,2026-06-20 17:00:00,2026-06-20 11:57:00,2026-06-20 17:04:00,completed
3080,3,3,2026-06-20 10:00:00,2026-06-20 18:00:00,2026-06-20 10:00:00,2026-06-20 17:58:00,completed
3081,44,3,2026-06-20 09:00:00,2026-06-20 15:00:00,2026-06-20 09:18:00,2026-06-20 15:04:00,completed
3082,69,3,2026-06-20 15:00:00,2026-06-20 21:00:00,,,cancelled
3083,15,3,2026-06-20 11:00:00,2026-06-20 17:00:00,2026-06-20 11:00:00,2026-06-20 16:53:00,completed
3084,35,3,2026-06-20 13:00:00,2026-06-20 18:00:00,2026-06-20 13:00:00,2026-06-20 17:56:00,completed
3085,1,1,2026-06-21 09:00:00,2026-06-21 17:00:00,2026-06-21 08:55:00,2026-06-21 16:54:00,completed
3086,21,1,2026-06-21 08:00:00,2026-06-21 14:00:00,2026-06-21 08:00:00,2026-06-21 14:06:00,completed
3087,52,1,2026-06-21 16:00:00,2026-06-21 22:00:00,2026-06-21 16:05:00,2026-06-21 21:53:00,completed
3088,50,1,2026-06-21 10:00:00,2026-06-21 16:00:00,2026-06-21 10:01:00,2026-06-21 16:04:00,completed
3089,17,1,2026-06-21 12:00:00,2026-06-21 17:00:00,2026-06-21 11:58:00,2026-06-21 17:09:00,completed
3090,10,2,2026-06-21 09:00:00,2026-06-21 17:00:00,2026-06-21 09:00:00,2026-06-21 16:59:00,completed
3091,23,2,2026-06-21 08:00:00,2026-06-21 14:00:00,2026-06-21 08:04:00,2026-06-21 14:05:00,completed
3092,40,2,2026-06-21 15:00:00,2026-06-21 21:00:00,2026-06-21 15:00:00,2026-06-21 21:00:00,completed
3093,30,2,2026-06-21 10:00:00,2026-06-21 16:00:00,2026-06-21 10:00:00,2026-06-21 15:57:00,completed
3094,38,2,2026-06-21 12:00:00,2026-06-21 17:00:00,2026-06-21 12:03:00,2026-06-21 16:58:00,completed
3095,62,3,2026-06-21 10:00:00,2026-06-21 18:00:00,2026-06-21 09:58:00,2026-06-21 18:00:00,completed
3096,34,3,2026-06-21 09:00:00,2026-06-21 15:00:00,2026-06-21 09:12:00,2026-06-21 14:57:00,completed
3097,11,3,2026-06-21 15:00:00,2026-06-21 21:00:00,2026-06-21 15:02:00,2026-06-21 21:05:00,completed
3098,78,3,2026-06-21 11:00:00,2026-06-21 17:00:00,2026-06-21 10:58:00,2026-06-21 17:06:00,completed
3099,77,3,2026-06-21 13:00:00,2026-06-21 18:00:00,2026-06-21 13:01:00,2026-06-21 17:49:00,completed
3100,67,1,2026-06-22 09:00:00,2026-06-22 17:00:00,2026-06-22 09:02:00,2026-06-22 16:53:00,completed
3101,49,1,2026-06-22 08:00:00,2026-06-22 14:00:00,2026-06-22 08:00:00,2026-06-22 14:03:00,completed
3102,66,1,2026-06-22 16:00:00,2026-06-22 22:00:00,2026-06-22 15:51:00,2026-06-22 21:55:00,completed
3103,29,1,2026-06-22 10:00:00,2026-06-22 16:00:00,2026-06-22 09:59:00,2026-06-22 16:10:00,completed
3104,10,2,2026-06-22 09:00:00,2026-06-22 17:00:00,2026-06-22 08:58:00,2026-06-22 17:02:00,completed
3105,65,2,2026-06-22 08:00:00,2026-06-22 14:00:00,2026-06-22 07:59:00,2026-06-22 14:03:00,completed
3106,24,2,2026-06-22 15:00:00,2026-06-22 21:00:00,,,cancelled
3107,80,2,2026-06-22 10:00:00,2026-06-22 16:00:00,2026-06-22 10:03:00,2026-06-22 15:59:00,completed
3108,4,3,2026-06-22 10:00:00,2026-06-22 18:00:00,2026-06-22 09:58:00,2026-06-22 18:08:00,completed
3109,75,3,2026-06-22 09:00:00,2026-06-22 15:00:00,2026-06-22 09:04:00,2026-06-22 15:01:00,completed
3110,54,3,2026-06-22 15:00:00,2026-06-22 21:00:00,2026-06-22 14:58:00,2026-06-22 21:06:00,completed
3111,53,3,2026-06-22 11:00:00,2026-06-22 17:00:00,2026-06-22 10:59:00,2026-06-22 16:51:00,completed
3112,1,1,2026-06-23 09:00:00,2026-06-23 17:00:00,2026-06-23 08:59:00,2026-06-23 16:56:00,completed
3113,41,1,2026-06-23 08:00:00,2026-06-23 14:00:00,2026-06-23 07:59:00,2026-06-23 13:55:00,completed
3114,21,1,2026-06-23 16:00:00,2026-06-23 22:00:00,2026-06-23 16:02:00,2026-06-23 22:00:00,completed
3115,6,1,2026-06-23 10:00:00,2026-06-23 16:00:00,2026-06-23 09:58:00,2026-06-23 16:03:00,completed
3116,68,2,2026-06-23 09:00:00,2026-06-23 17:00:00,2026-06-23 08:55:00,2026-06-23 17:06:00,completed
3117,60,2,2026-06-23 08:00:00,2026-06-23 14:00:00,2026-06-23 08:03:00,2026-06-23 14:09:00,completed
3118,19,2,2026-06-23 15:00:00,2026-06-23 21:00:00,2026-06-23 14:58:00,2026-06-23 20:58:00,completed
3119,45,2,2026-06-23 10:00:00,2026-06-23 16:00:00,2026-06-23 10:03:00,2026-06-23 16:04:00,completed
3120,58,3,2026-06-23 10:00:00,2026-06-23 18:00:00,2026-06-23 09:59:00,2026-06-23 17:57:00,completed
3121,64,3,2026-06-23 09:00:00,2026-06-23 15:00:00,2026-06-23 09:02:00,2026-06-23 15:04:00,completed
3122,20,3,2026-06-23 15:00:00,2026-06-23 21:00:00,2026-06-23 15:18:00,2026-06-23 20:55:00,completed
3123,70,3,2026-06-23 11:00:00,2026-06-23 17:00:00,2026-06-23 11:04:00,2026-06-23 16:57:00,completed
3124,1,1,2026-06-24 09:00:00,2026-06-24 17:00:00,2026-06-24 08:57:00,2026-06-24 17:10:00,completed
3125,18,1,2026-06-24 08:00:00,2026-06-24 14:00:00,2026-06-24 07:59:00,2026-06-24 13:55:00,completed
3126,17,1,2026-06-24 16:00:00,2026-06-24 22:00:00,2026-06-24 15:59:00,2026-06-24 21:58:00,completed
3127,14,1,2026-06-24 10:00:00,2026-06-24 16:00:00,2026-06-24 10:05:00,2026-06-24 16:01:00,completed
3128,16,2,2026-06-24 09:00:00,2026-06-24 17:00:00,2026-06-24 08:58:00,2026-06-24 17:01:00,completed
3129,39,2,2026-06-24 08:00:00,2026-06-24 14:00:00,2026-06-24 07:58:00,2026-06-24 14:07:00,completed
3130,46,2,2026-06-24 15:00:00,2026-06-24 21:00:00,2026-06-24 15:02:00,2026-06-24 21:01:00,completed
3131,51,2,2026-06-24 10:00:00,2026-06-24 16:00:00,2026-06-24 09:59:00,2026-06-24 15:57:00,completed
3132,47,3,2026-06-24 10:00:00,2026-06-24 18:00:00,2026-06-24 10:03:00,2026-06-24 18:00:00,completed
3133,31,3,2026-06-24 09:00:00,2026-06-24 15:00:00,2026-06-24 09:00:00,2026-06-24 15:05:00,completed
3134,26,3,2026-06-24 15:00:00,2026-06-24 21:00:00,2026-06-24 15:00:00,2026-06-24 20:59:00,completed
3135,71,3,2026-06-24 11:00:00,2026-06-24 17:00:00,2026-06-24 10:56:00,2026-06-24 17:06:00,completed
3136,67,1,2026-06-25 09:00:00,2026-06-25 17:00:00,2026-06-25 09:03:00,2026-06-25 16:57:00,completed
3137,33,1,2026-06-25 08:00:00,2026-06-25 14:00:00,2026-06-25 07:58:00,2026-06-25 14:04:00,completed
3138,43,1,2026-06-25 16:00:00,2026-06-25 22:00:00,2026-06-25 16:01:00,2026-06-25 21:55:00,completed
3139,50,1,2026-06-25 10:00:00,2026-06-25 16:00:00,2026-06-25 10:00:00,2026-06-25 16:02:00,completed
3140,63,2,2026-06-25 09:00:00,2026-06-25 17:00:00,2026-06-25 08:56:00,2026-06-25 17:00:00,completed
3141,55,2,2026-06-25 08:00:00,2026-06-25 14:00:00,2026-06-25 08:02:00,2026-06-25 14:07:00,completed
3142,7,2,2026-06-25 15:00:00,2026-06-25 21:00:00,2026-06-25 14:56:00,2026-06-25 20:53:00,completed
3143,30,2,2026-06-25 10:00:00,2026-06-25 16:00:00,2026-06-25 09:59:00,2026-06-25 16:07:00,completed
3144,62,3,2026-06-25 10:00:00,2026-06-25 18:00:00,2026-06-25 10:02:00,2026-06-25 18:09:00,completed
3145,28,3,2026-06-25 09:00:00,2026-06-25 15:00:00,2026-06-25 08:59:00,2026-06-25 14:54:00,completed
3146,5,3,2026-06-25 15:00:00,2026-06-25 21:00:00,,,cancelled
3147,22,3,2026-06-25 11:00:00,2026-06-25 17:00:00,2026-06-25 11:01:00,2026-06-25 17:01:00,completed
3148,1,1,2026-06-26 09:00:00,2026-06-26 17:00:00,2026-06-26 09:01:00,2026-06-26 17:03:00,completed
3149,72,1,2026-06-26 08:00:00,2026-06-26 14:00:00,2026-06-26 08:00:00,2026-06-26 13:57:00,completed
3150,12,1,2026-06-26 16:00:00,2026-06-26 22:00:00,2026-06-26 16:02:00,2026-06-26 22:05:00,completed
3151,29,1,2026-06-26 10:00:00,2026-06-26 16:00:00,2026-06-26 10:05:00,2026-06-26 15:57:00,completed
3152,49,1,2026-06-26 12:00:00,2026-06-26 17:00:00,2026-06-26 12:02:00,2026-06-26 16:53:00,completed
3153,2,2,2026-06-26 09:00:00,2026-06-26 17:00:00,2026-06-26 08:58:00,2026-06-26 16:50:00,completed
3154,32,2,2026-06-26 08:00:00,2026-06-26 14:00:00,2026-06-26 08:09:00,2026-06-26 14:00:00,completed
3155,13,2,2026-06-26 15:00:00,2026-06-26 21:00:00,2026-06-26 15:01:00,2026-06-26 21:05:00,completed
3156,37,2,2026-06-26 10:00:00,2026-06-26 16:00:00,2026-06-26 10:00:00,2026-06-26 15:51:00,completed
3157,23,2,2026-06-26 12:00:00,2026-06-26 17:00:00,2026-06-26 12:00:00,2026-06-26 16:51:00,completed
3158,3,3,2026-06-26 10:00:00,2026-06-26 18:00:00,2026-06-26 09:57:00,2026-06-26 17:58:00,completed
3159,8,3,2026-06-26 09:00:00,2026-06-26 15:00:00,2026-06-26 08:59:00,2026-06-26 14:58:00,completed
3160,36,3,2026-06-26 15:00:00,2026-06-26 21:00:00,2026-06-26 15:00:00,2026-06-26 21:02:00,completed
3161,25,3,2026-06-26 11:00:00,2026-06-26 17:00:00,2026-06-26 11:00:00,2026-06-26 16:57:00,completed
3162,35,3,2026-06-26 13:00:00,2026-06-26 18:00:00,,,cancelled
3163,67,1,2026-06-27 09:00:00,2026-06-27 17:00:00,2026-06-27 09:04:00,2026-06-27 17:02:00,completed
3164,52,1,2026-06-27 08:00:00,2026-06-27 14:00:00,2026-06-27 08:02:00,2026-06-27 14:06:00,completed
3165,41,1,2026-06-27 16:00:00,2026-06-27 22:00:00,2026-06-27 16:02:00,2026-06-27 22:07:00,completed
3166,14,1,2026-06-27 10:00:00,2026-06-27 16:00:00,2026-06-27 10:00:00,2026-06-27 15:56:00,completed
3167,66,1,2026-06-27 12:00:00,2026-06-27 17:00:00,2026-06-27 12:03:00,2026-06-27 16:51:00,completed
3168,2,2,2026-06-27 09:00:00,2026-06-27 17:00:00,2026-06-27 08:57:00,2026-06-27 16:58:00,completed
3169,38,2,2026-06-27 08:00:00,2026-06-27 14:00:00,2026-06-27 07:59:00,2026-06-27 14:06:00,completed
3170,40,2,2026-06-27 15:00:00,2026-06-27 21:00:00,2026-06-27 14:59:00,2026-06-27 21:07:00,completed
3171,37,2,2026-06-27 10:00:00,2026-06-27 16:00:00,2026-06-27 09:56:00,2026-06-27 16:04:00,completed
3172,23,2,2026-06-27 12:00:00,2026-06-27 17:00:00,2026-06-27 11:59:00,2026-06-27 16:52:00,completed
3173,3,3,2026-06-27 10:00:00,2026-06-27 18:00:00,2026-06-27 09:59:00,2026-06-27 18:05:00,completed
3174,77,3,2026-06-27 09:00:00,2026-06-27 15:00:00,2026-06-27 09:04:00,2026-06-27 14:56:00,completed
3175,69,3,2026-06-27 15:00:00,2026-06-27 21:00:00,2026-06-27 15:01:00,2026-06-27 20:48:00,completed
3176,56,3,2026-06-27 11:00:00,2026-06-27 17:00:00,2026-06-27 11:01:00,2026-06-27 16:59:00,completed
3177,44,3,2026-06-27 13:00:00,2026-06-27 18:00:00,2026-06-27 13:03:00,2026-06-27 18:11:00,completed
3178,1,1,2026-06-28 09:00:00,2026-06-28 17:00:00,2026-06-28 08:56:00,2026-06-28 17:04:00,completed
3179,72,1,2026-06-28 08:00:00,2026-06-28 14:00:00,2026-06-28 08:03:00,2026-06-28 14:10:00,completed
3180,33,1,2026-06-28 16:00:00,2026-06-28 22:00:00,2026-06-28 15:55:00,2026-06-28 22:08:00,completed
3181,6,1,2026-06-28 10:00:00,2026-06-28 16:00:00,2026-06-28 10:00:00,2026-06-28 16:02:00,completed
3182,43,1,2026-06-28 12:00:00,2026-06-28 17:00:00,2026-06-28 11:59:00,2026-06-28 16:59:00,completed
3183,10,2,2026-06-28 09:00:00,2026-06-28 17:00:00,2026-06-28 09:01:00,2026-06-28 17:04:00,completed
3184,13,2,2026-06-28 08:00:00,2026-06-28 14:00:00,2026-06-28 08:02:00,2026-06-28 13:54:00,completed
3185,40,2,2026-06-28 15:00:00,2026-06-28 21:00:00,2026-06-28 15:02:00,2026-06-28 20:57:00,completed
3186,80,2,2026-06-28 10:00:00,2026-06-28 16:00:00,2026-06-28 09:56:00,2026-06-28 15:50:00,completed
3187,38,2,2026-06-28 12:00:00,2026-06-28 17:00:00,2026-06-28 11:58:00,2026-06-28 17:05:00,completed
3188,4,3,2026-06-28 10:00:00,2026-06-28 18:00:00,2026-06-28 10:00:00,2026-06-28 18:02:00,completed
3189,34,3,2026-06-28 09:00:00,2026-06-28 15:00:00,2026-06-28 08:56:00,2026-06-28 15:00:00,completed
3190,11,3,2026-06-28 15:00:00,2026-06-28 21:00:00,2026-06-28 15:05:00,2026-06-28 21:11:00,completed
3191,15,3,2026-06-28 11:00:00,2026-06-28 17:00:00,2026-06-28 11:00:00,2026-06-28 16:55:00,completed
3192,44,3,2026-06-28 13:00:00,2026-06-28 18:00:00,2026-06-28 13:00:00,2026-06-28 17:58:00,completed
3193,67,1,2026-06-29 09:00:00,2026-06-29 17:00:00,2026-06-29 09:00:00,2026-06-29 16:57:00,completed
3194,49,1,2026-06-29 08:00:00,2026-06-29 14:00:00,2026-06-29 08:04:00,2026-06-29 13:55:00,completed
3195,21,1,2026-06-29 16:00:00,2026-06-29 22:00:00,2026-06-29 16:01:00,2026-06-29 22:01:00,completed
3196,29,1,2026-06-29 10:00:00,2026-06-29 16:00:00,2026-06-29 10:03:00,2026-06-29 15:56:00,completed
3197,10,2,2026-06-29 09:00:00,2026-06-29 17:00:00,,,cancelled
3198,65,2,2026-06-29 08:00:00,2026-06-29 14:00:00,2026-06-29 07:56:00,2026-06-29 14:11:00,completed
3199,19,2,2026-06-29 15:00:00,2026-06-29 21:00:00,2026-06-29 15:03:00,2026-06-29 21:01:00,completed
3200,45,2,2026-06-29 10:00:00,2026-06-29 16:00:00,2026-06-29 10:00:00,2026-06-29 15:58:00,completed
3201,62,3,2026-06-29 10:00:00,2026-06-29 18:00:00,,,cancelled
3202,31,3,2026-06-29 09:00:00,2026-06-29 15:00:00,2026-06-29 09:00:00,2026-06-29 14:49:00,completed
3203,26,3,2026-06-29 15:00:00,2026-06-29 21:00:00,2026-06-29 14:58:00,2026-06-29 21:12:00,completed
3204,70,3,2026-06-29 11:00:00,2026-06-29 17:00:00,2026-06-29 11:03:00,2026-06-29 17:02:00,completed
3205,1,1,2026-06-30 09:00:00,2026-06-30 17:00:00,2026-06-30 08:59:00,2026-06-30 17:02:00,completed
3206,66,1,2026-06-30 08:00:00,2026-06-30 14:00:00,2026-06-30 08:02:00,2026-06-30 14:05:00,completed
3207,18,1,2026-06-30 16:00:00,2026-06-30 22:00:00,2026-06-30 15:59:00,2026-06-30 21:57:00,completed
3208,14,1,2026-06-30 10:00:00,2026-06-30 16:00:00,2026-06-30 09:59:00,2026-06-30 16:08:00,completed
3209,68,2,2026-06-30 09:00:00,2026-06-30 17:00:00,2026-06-30 09:05:00,2026-06-30 17:04:00,completed
3210,60,2,2026-06-30 08:00:00,2026-06-30 14:00:00,2026-06-30 07:58:00,2026-06-30 14:02:00,completed
3211,46,2,2026-06-30 15:00:00,2026-06-30 21:00:00,2026-06-30 15:00:00,2026-06-30 20:54:00,completed
3212,80,2,2026-06-30 10:00:00,2026-06-30 16:00:00,2026-06-30 09:58:00,2026-06-30 15:52:00,completed
3213,4,3,2026-06-30 10:00:00,2026-06-30 18:00:00,2026-06-30 10:02:00,2026-06-30 17:58:00,completed
3214,8,3,2026-06-30 09:00:00,2026-06-30 15:00:00,2026-06-30 08:57:00,2026-06-30 14:54:00,completed
3215,75,3,2026-06-30 15:00:00,2026-06-30 21:00:00,2026-06-30 14:59:00,2026-06-30 21:06:00,completed
3216,22,3,2026-06-30 11:00:00,2026-06-30 17:00:00,2026-06-30 11:01:00,2026-06-30 17:02:00,completed
3217,1,1,2026-07-01 09:00:00,2026-07-01 17:00:00,,,cancelled
3218,17,1,2026-07-01 08:00:00,2026-07-01 14:00:00,2026-07-01 08:00:00,2026-07-01 13:51:00,completed
3219,41,1,2026-07-01 16:00:00,2026-07-01 22:00:00,2026-07-01 16:00:00,2026-07-01 21:56:00,completed
3220,50,1,2026-07-01 10:00:00,2026-07-01 16:00:00,2026-07-01 09:58:00,2026-07-01 15:48:00,completed
3221,63,2,2026-07-01 09:00:00,2026-07-01 17:00:00,2026-07-01 08:55:00,2026-07-01 17:05:00,completed
3222,55,2,2026-07-01 08:00:00,2026-07-01 14:00:00,2026-07-01 08:01:00,2026-07-01 13:56:00,completed
3223,24,2,2026-07-01 15:00:00,2026-07-01 21:00:00,2026-07-01 15:02:00,2026-07-01 21:02:00,completed
3224,51,2,2026-07-01 10:00:00,2026-07-01 16:00:00,2026-07-01 10:02:00,2026-07-01 16:08:00,completed
3225,58,3,2026-07-01 10:00:00,2026-07-01 18:00:00,2026-07-01 10:16:00,2026-07-01 17:52:00,completed
3226,36,3,2026-07-01 09:00:00,2026-07-01 15:00:00,2026-07-01 09:00:00,2026-07-01 15:00:00,completed
3227,64,3,2026-07-01 15:00:00,2026-07-01 21:00:00,2026-07-01 15:02:00,2026-07-01 20:56:00,completed
3228,15,3,2026-07-01 11:00:00,2026-07-01 17:00:00,2026-07-01 11:04:00,2026-07-01 16:56:00,completed
3229,67,1,2026-07-02 09:00:00,2026-07-02 17:00:00,2026-07-02 09:04:00,2026-07-02 16:57:00,completed
3230,52,1,2026-07-02 08:00:00,2026-07-02 14:00:00,2026-07-02 07:55:00,2026-07-02 13:59:00,completed
3231,72,1,2026-07-02 16:00:00,2026-07-02 22:00:00,2026-07-02 16:01:00,2026-07-02 22:00:00,completed
3232,6,1,2026-07-02 10:00:00,2026-07-02 16:00:00,2026-07-02 09:59:00,2026-07-02 15:57:00,completed
3233,16,2,2026-07-02 09:00:00,2026-07-02 17:00:00,2026-07-02 09:00:00,2026-07-02 16:56:00,completed
3234,39,2,2026-07-02 08:00:00,2026-07-02 14:00:00,2026-07-02 07:58:00,2026-07-02 14:02:00,completed
3235,7,2,2026-07-02 15:00:00,2026-07-02 21:00:00,2026-07-02 15:02:00,2026-07-02 20:57:00,completed
3236,30,2,2026-07-02 10:00:00,2026-07-02 16:00:00,2026-07-02 09:58:00,2026-07-02 15:53:00,completed
3237,47,3,2026-07-02 10:00:00,2026-07-02 18:00:00,2026-07-02 09:55:00,2026-07-02 17:56:00,completed
3238,5,3,2026-07-02 09:00:00,2026-07-02 15:00:00,2026-07-02 09:01:00,2026-07-02 15:09:00,completed
3239,20,3,2026-07-02 15:00:00,2026-07-02 21:00:00,2026-07-02 14:57:00,2026-07-02 21:04:00,completed
3240,71,3,2026-07-02 11:00:00,2026-07-02 17:00:00,2026-07-02 11:02:00,2026-07-02 16:59:00,completed
3241,1,1,2026-07-03 09:00:00,2026-07-03 17:00:00,2026-07-03 09:01:00,2026-07-03 17:05:00,completed
3242,33,1,2026-07-03 08:00:00,2026-07-03 14:00:00,2026-07-03 08:04:00,2026-07-03 14:00:00,completed
3243,43,1,2026-07-03 16:00:00,2026-07-03 22:00:00,2026-07-03 15:58:00,2026-07-03 21:53:00,completed
3244,29,1,2026-07-03 10:00:00,2026-07-03 16:00:00,2026-07-03 10:03:00,2026-07-03 16:06:00,completed
3245,12,1,2026-07-03 12:00:00,2026-07-03 17:00:00,2026-07-03 11:58:00,2026-07-03 17:15:00,completed
3246,2,2,2026-07-03 09:00:00,2026-07-03 17:00:00,2026-07-03 09:01:00,2026-07-03 17:00:00,completed
3247,32,2,2026-07-03 08:00:00,2026-07-03 14:00:00,2026-07-03 08:05:00,2026-07-03 14:01:00,completed
3248,23,2,2026-07-03 15:00:00,2026-07-03 21:00:00,2026-07-03 15:00:00,2026-07-03 20:58:00,completed
3249,37,2,2026-07-03 10:00:00,2026-07-03 16:00:00,2026-07-03 10:03:00,2026-07-03 15:53:00,completed
3250,13,2,2026-07-03 12:00:00,2026-07-03 17:00:00,2026-07-03 12:04:00,2026-07-03 16:59:00,completed
3251,3,3,2026-07-03 10:00:00,2026-07-03 18:00:00,2026-07-03 10:01:00,2026-07-03 17:52:00,completed
3252,54,3,2026-07-03 09:00:00,2026-07-03 15:00:00,2026-07-03 09:00:00,2026-07-03 14:50:00,completed
3253,28,3,2026-07-03 15:00:00,2026-07-03 21:00:00,2026-07-03 15:01:00,2026-07-03 20:58:00,completed
3254,56,3,2026-07-03 11:00:00,2026-07-03 17:00:00,2026-07-03 10:58:00,2026-07-03 16:51:00,completed
3255,35,3,2026-07-03 13:00:00,2026-07-03 18:00:00,2026-07-03 13:12:00,2026-07-03 17:57:00,completed
3256,67,1,2026-07-04 09:00:00,2026-07-04 17:00:00,2026-07-04 08:58:00,2026-07-04 17:03:00,completed
3257,12,1,2026-07-04 08:00:00,2026-07-04 14:00:00,2026-07-04 08:01:00,2026-07-04 14:01:00,completed
3258,49,1,2026-07-04 16:00:00,2026-07-04 22:00:00,2026-07-04 16:02:00,2026-07-04 22:09:00,completed
3259,6,1,2026-07-04 10:00:00,2026-07-04 16:00:00,2026-07-04 10:00:00,2026-07-04 15:59:00,completed
3260,41,1,2026-07-04 12:00:00,2026-07-04 17:00:00,2026-07-04 12:03:00,2026-07-04 17:01:00,completed
3261,2,2,2026-07-04 09:00:00,2026-07-04 17:00:00,2026-07-04 09:01:00,2026-07-04 16:59:00,completed
3262,38,2,2026-07-04 08:00:00,2026-07-04 14:00:00,2026-07-04 08:00:00,2026-07-04 13:59:00,completed
3263,40,2,2026-07-04 15:00:00,2026-07-04 21:00:00,2026-07-04 15:01:00,2026-07-04 21:07:00,completed
3264,37,2,2026-07-04 10:00:00,2026-07-04 16:00:00,2026-07-04 09:56:00,2026-07-04 15:58:00,completed
3265,13,2,2026-07-04 12:00:00,2026-07-04 17:00:00,2026-07-04 12:06:00,2026-07-04 16:56:00,completed
3266,3,3,2026-07-04 10:00:00,2026-07-04 18:00:00,2026-07-04 10:01:00,2026-07-04 18:02:00,completed
3267,77,3,2026-07-04 09:00:00,2026-07-04 15:00:00,2026-07-04 08:57:00,2026-07-04 14:56:00,completed
3268,44,3,2026-07-04 15:00:00,2026-07-04 21:00:00,,,cancelled
3269,53,3,2026-07-04 11:00:00,2026-07-04 17:00:00,,,cancelled
3270,34,3,2026-07-04 13:00:00,2026-07-04 18:00:00,2026-07-04 12:55:00,2026-07-04 18:08:00,completed
3271,1,1,2026-07-05 09:00:00,2026-07-05 17:00:00,2026-07-05 09:01:00,2026-07-05 16:48:00,completed
3272,18,1,2026-07-05 08:00:00,2026-07-05 14:00:00,2026-07-05 07:58:00,2026-07-05 13:59:00,completed
3273,52,1,2026-07-05 16:00:00,2026-07-05 22:00:00,2026-07-05 16:00:00,2026-07-05 21:57:00,completed
3274,50,1,2026-07-05 10:00:00,2026-07-05 16:00:00,,,cancelled
3275,66,1,2026-07-05 12:00:00,2026-07-05 17:00:00,2026-07-05 12:03:00,2026-07-05 17:02:00,completed
3276,10,2,2026-07-05 09:00:00,2026-07-05 17:00:00,2026-07-05 09:03:00,2026-07-05 17:04:00,completed
3277,23,2,2026-07-05 08:00:00,2026-07-05 14:00:00,2026-07-05 08:05:00,2026-07-05 14:05:00,completed
3278,38,2,2026-07-05 15:00:00,2026-07-05 21:00:00,2026-07-05 15:01:00,2026-07-05 20:56:00,completed
3279,45,2,2026-07-05 10:00:00,2026-07-05 16:00:00,2026-07-05 09:59:00,2026-07-05 15:55:00,completed
3280,40,2,2026-07-05 12:00:00,2026-07-05 17:00:00,2026-07-05 12:02:00,2026-07-05 17:05:00,completed
3281,4,3,2026-07-05 10:00:00,2026-07-05 18:00:00,2026-07-05 10:00:00,2026-07-05 18:03:00,completed
3282,69,3,2026-07-05 09:00:00,2026-07-05 15:00:00,2026-07-05 08:59:00,2026-07-05 15:04:00,completed
3283,11,3,2026-07-05 15:00:00,2026-07-05 21:00:00,2026-07-05 14:59:00,2026-07-05 21:13:00,completed
3284,25,3,2026-07-05 11:00:00,2026-07-05 17:00:00,2026-07-05 10:59:00,2026-07-05 17:01:00,completed
3285,34,3,2026-07-05 13:00:00,2026-07-05 18:00:00,2026-07-05 12:58:00,2026-07-05 17:52:00,completed
3286,67,1,2026-07-06 09:00:00,2026-07-06 17:00:00,2026-07-06 09:03:00,2026-07-06 16:53:00,completed
3287,49,1,2026-07-06 08:00:00,2026-07-06 14:00:00,2026-07-06 07:58:00,2026-07-06 14:12:00,completed
3288,21,1,2026-07-06 16:00:00,2026-07-06 22:00:00,2026-07-06 15:59:00,2026-07-06 22:05:00,completed
3289,29,1,2026-07-06 10:00:00,2026-07-06 16:00:00,2026-07-06 10:04:00,2026-07-06 16:05:00,completed
3290,10,2,2026-07-06 09:00:00,2026-07-06 17:00:00,2026-07-06 09:05:00,2026-07-06 16:58:00,completed
3291,65,2,2026-07-06 08:00:00,2026-07-06 14:00:00,2026-07-06 08:03:00,2026-07-06 14:04:00,completed
3292,39,2,2026-07-06 15:00:00,2026-07-06 21:00:00,2026-07-06 14:59:00,2026-07-06 21:01:00,completed
3293,30,2,2026-07-06 10:00:00,2026-07-06 16:00:00,2026-07-06 09:55:00,2026-07-06 16:07:00,completed
3294,47,3,2026-07-06 10:00:00,2026-07-06 18:00:00,2026-07-06 09:56:00,2026-07-06 17:53:00,completed
3295,31,3,2026-07-06 09:00:00,2026-07-06 15:00:00,2026-07-06 09:01:00,2026-07-06 15:04:00,completed
3296,75,3,2026-07-06 15:00:00,2026-07-06 21:00:00,2026-07-06 14:57:00,2026-07-06 20:48:00,completed
3297,78,3,2026-07-06 11:00:00,2026-07-06 17:00:00,2026-07-06 11:02:00,2026-07-06 17:05:00,completed
3298,1,1,2026-07-07 09:00:00,2026-07-07 17:00:00,2026-07-07 08:53:00,2026-07-07 16:48:00,completed
3299,17,1,2026-07-07 08:00:00,2026-07-07 14:00:00,2026-07-07 08:01:00,2026-07-07 13:54:00,completed
3300,41,1,2026-07-07 16:00:00,2026-07-07 22:00:00,2026-07-07 15:55:00,2026-07-07 21:59:00,completed
3301,14,1,2026-07-07 10:00:00,2026-07-07 16:00:00,2026-07-07 10:04:00,2026-07-07 15:54:00,completed
3302,68,2,2026-07-07 09:00:00,2026-07-07 17:00:00,2026-07-07 09:01:00,2026-07-07 17:00:00,completed
3303,55,2,2026-07-07 08:00:00,2026-07-07 14:00:00,2026-07-07 07:58:00,2026-07-07 13:53:00,completed
3304,24,2,2026-07-07 15:00:00,2026-07-07 21:00:00,2026-07-07 14:57:00,2026-07-07 21:07:00,completed
3305,80,2,2026-07-07 10:00:00,2026-07-07 16:00:00,2026-07-07 10:04:00,2026-07-07 15:56:00,completed
3306,58,3,2026-07-07 10:00:00,2026-07-07 18:00:00,2026-07-07 10:05:00,2026-07-07 18:01:00,completed
3307,64,3,2026-07-07 09:00:00,2026-07-07 15:00:00,2026-07-07 08:58:00,2026-07-07 15:01:00,completed
3308,54,3,2026-07-07 15:00:00,2026-07-07 21:00:00,2026-07-07 14:57:00,2026-07-07 20:54:00,completed
3309,22,3,2026-07-07 11:00:00,2026-07-07 17:00:00,2026-07-07 11:05:00,2026-07-07 17:02:00,completed
3310,1,1,2026-07-08 09:00:00,2026-07-08 17:00:00,2026-07-08 08:59:00,2026-07-08 17:00:00,completed
3311,66,1,2026-07-08 08:00:00,2026-07-08 14:00:00,2026-07-08 08:01:00,2026-07-08 14:06:00,completed
3312,72,1,2026-07-08 16:00:00,2026-07-08 22:00:00,2026-07-08 16:02:00,2026-07-08 22:00:00,completed
3313,50,1,2026-07-08 10:00:00,2026-07-08 16:00:00,2026-07-08 10:02:00,2026-07-08 15:58:00,completed
3314,63,2,2026-07-08 09:00:00,2026-07-08 17:00:00,2026-07-08 09:01:00,2026-07-08 16:51:00,completed
3315,19,2,2026-07-08 08:00:00,2026-07-08 14:00:00,2026-07-08 08:01:00,2026-07-08 13:59:00,completed
3316,46,2,2026-07-08 15:00:00,2026-07-08 21:00:00,2026-07-08 14:58:00,2026-07-08 21:02:00,completed
3317,45,2,2026-07-08 10:00:00,2026-07-08 16:00:00,2026-07-08 10:00:00,2026-07-08 15:49:00,completed
3318,62,3,2026-07-08 10:00:00,2026-07-08 18:00:00,2026-07-08 10:05:00,2026-07-08 18:10:00,completed
3319,28,3,2026-07-08 09:00:00,2026-07-08 15:00:00,2026-07-08 09:01:00,2026-07-08 15:06:00,completed
3320,36,3,2026-07-08 15:00:00,2026-07-08 21:00:00,2026-07-08 14:58:00,2026-07-08 21:08:00,completed
3321,53,3,2026-07-08 11:00:00,2026-07-08 17:00:00,2026-07-08 11:00:00,2026-07-08 17:00:00,completed
3322,67,1,2026-07-09 09:00:00,2026-07-09 17:00:00,2026-07-09 09:11:00,2026-07-09 17:01:00,completed
3323,18,1,2026-07-09 08:00:00,2026-07-09 14:00:00,2026-07-09 08:01:00,2026-07-09 13:54:00,completed
3324,43,1,2026-07-09 16:00:00,2026-07-09 22:00:00,,,missed
3325,6,1,2026-07-09 10:00:00,2026-07-09 16:00:00,2026-07-09 10:16:00,2026-07-09 16:03:00,completed
3326,16,2,2026-07-09 09:00:00,2026-07-09 17:00:00,2026-07-09 08:50:00,2026-07-09 17:01:00,completed
3327,60,2,2026-07-09 08:00:00,2026-07-09 14:00:00,2026-07-09 08:01:00,2026-07-09 14:05:00,completed
3328,32,2,2026-07-09 15:00:00,2026-07-09 21:00:00,2026-07-09 15:13:00,2026-07-09 21:01:00,completed
3329,51,2,2026-07-09 10:00:00,2026-07-09 16:00:00,,,missed
3330,4,3,2026-07-09 10:00:00,2026-07-09 18:00:00,2026-07-09 09:56:00,2026-07-09 17:49:00,completed
3331,8,3,2026-07-09 09:00:00,2026-07-09 15:00:00,2026-07-09 09:00:00,2026-07-09 15:01:00,completed
3332,26,3,2026-07-09 15:00:00,2026-07-09 21:00:00,2026-07-09 15:01:00,2026-07-09 21:08:00,completed
3333,15,3,2026-07-09 11:00:00,2026-07-09 17:00:00,2026-07-09 10:58:00,2026-07-09 17:05:00,completed
3334,1,1,2026-07-10 09:00:00,2026-07-10 17:00:00,,,cancelled
3335,33,1,2026-07-10 08:00:00,2026-07-10 14:00:00,2026-07-10 07:57:00,2026-07-10 14:02:00,completed
3336,52,1,2026-07-10 16:00:00,2026-07-10 22:00:00,2026-07-10 16:00:00,2026-07-10 21:51:00,completed
3337,29,1,2026-07-10 10:00:00,2026-07-10 16:00:00,2026-07-10 10:01:00,2026-07-10 16:04:00,completed
3338,12,1,2026-07-10 12:00:00,2026-07-10 17:00:00,2026-07-10 11:59:00,2026-07-10 17:03:00,completed
3339,2,2,2026-07-10 09:00:00,2026-07-10 17:00:00,2026-07-10 09:00:00,2026-07-10 17:15:00,completed
3340,7,2,2026-07-10 08:00:00,2026-07-10 14:00:00,2026-07-10 08:00:00,2026-07-10 14:07:00,completed
3341,23,2,2026-07-10 15:00:00,2026-07-10 21:00:00,2026-07-10 14:57:00,2026-07-10 21:05:00,completed
3342,37,2,2026-07-10 10:00:00,2026-07-10 16:00:00,2026-07-10 10:01:00,2026-07-10 16:01:00,completed
3343,13,2,2026-07-10 12:00:00,2026-07-10 17:00:00,2026-07-10 11:59:00,2026-07-10 17:02:00,completed
3344,3,3,2026-07-10 10:00:00,2026-07-10 18:00:00,2026-07-10 09:59:00,2026-07-10 17:59:00,completed
3345,20,3,2026-07-10 09:00:00,2026-07-10 15:00:00,2026-07-10 08:59:00,2026-07-10 15:03:00,completed
3346,5,3,2026-07-10 15:00:00,2026-07-10 21:00:00,2026-07-10 15:04:00,2026-07-10 20:57:00,completed
3347,71,3,2026-07-10 11:00:00,2026-07-10 17:00:00,2026-07-10 11:01:00,2026-07-10 16:55:00,completed
3348,69,3,2026-07-10 13:00:00,2026-07-10 18:00:00,2026-07-10 13:05:00,2026-07-10 17:54:00,completed
3349,67,1,2026-07-11 09:00:00,2026-07-11 17:00:00,2026-07-11 09:04:00,2026-07-11 17:03:00,completed
3350,12,1,2026-07-11 08:00:00,2026-07-11 14:00:00,2026-07-11 08:02:00,2026-07-11 14:05:00,completed
3351,49,1,2026-07-11 16:00:00,2026-07-11 22:00:00,2026-07-11 16:01:00,2026-07-11 22:05:00,completed
3352,14,1,2026-07-11 10:00:00,2026-07-11 16:00:00,2026-07-11 10:17:00,2026-07-11 16:10:00,completed
3353,17,1,2026-07-11 12:00:00,2026-07-11 17:00:00,2026-07-11 11:53:00,2026-07-11 17:01:00,completed
3354,2,2,2026-07-11 09:00:00,2026-07-11 17:00:00,2026-07-11 09:17:00,2026-07-11 17:02:00,completed
3355,38,2,2026-07-11 08:00:00,2026-07-11 14:00:00,2026-07-11 08:04:00,2026-07-11 14:00:00,completed
3356,40,2,2026-07-11 15:00:00,2026-07-11 21:00:00,2026-07-11 15:00:00,2026-07-11 21:05:00,completed
3357,37,2,2026-07-11 10:00:00,2026-07-11 16:00:00,2026-07-11 09:56:00,2026-07-11 16:04:00,completed
3358,13,2,2026-07-11 12:00:00,2026-07-11 17:00:00,2026-07-11 11:58:00,2026-07-11 17:08:00,completed
3359,3,3,2026-07-11 10:00:00,2026-07-11 18:00:00,2026-07-11 10:04:00,2026-07-11 18:09:00,completed
3360,77,3,2026-07-11 09:00:00,2026-07-11 15:00:00,2026-07-11 08:57:00,2026-07-11 15:03:00,completed
3361,35,3,2026-07-11 15:00:00,2026-07-11 21:00:00,2026-07-11 15:03:00,2026-07-11 20:54:00,completed
3362,56,3,2026-07-11 11:00:00,2026-07-11 17:00:00,2026-07-11 10:59:00,2026-07-11 17:05:00,completed
3363,44,3,2026-07-11 13:00:00,2026-07-11 18:00:00,2026-07-11 12:59:00,2026-07-11 17:57:00,completed
3364,1,1,2026-07-12 09:00:00,2026-07-12 17:00:00,2026-07-12 09:00:00,2026-07-12 17:02:00,completed
3365,21,1,2026-07-12 08:00:00,2026-07-12 14:00:00,2026-07-12 08:02:00,2026-07-12 14:01:00,completed
3366,72,1,2026-07-12 16:00:00,2026-07-12 22:00:00,2026-07-12 16:02:00,2026-07-12 21:56:00,completed
3367,6,1,2026-07-12 10:00:00,2026-07-12 16:00:00,2026-07-12 10:00:00,2026-07-12 15:54:00,completed
3368,18,1,2026-07-12 12:00:00,2026-07-12 17:00:00,,,cancelled
3369,10,2,2026-07-12 09:00:00,2026-07-12 17:00:00,2026-07-12 09:06:00,2026-07-12 16:59:00,completed
3370,23,2,2026-07-12 08:00:00,2026-07-12 14:00:00,2026-07-12 08:00:00,2026-07-12 13:48:00,completed
3371,38,2,2026-07-12 15:00:00,2026-07-12 21:00:00,2026-07-12 15:03:00,2026-07-12 20:57:00,completed
3372,30,2,2026-07-12 10:00:00,2026-07-12 16:00:00,2026-07-12 10:03:00,2026-07-12 15:55:00,completed
3373,40,2,2026-07-12 12:00:00,2026-07-12 17:00:00,2026-07-12 12:03:00,2026-07-12 16:58:00,completed
3374,47,3,2026-07-12 10:00:00,2026-07-12 18:00:00,2026-07-12 10:01:00,2026-07-12 18:06:00,completed
3375,34,3,2026-07-12 09:00:00,2026-07-12 15:00:00,2026-07-12 08:55:00,2026-07-12 15:00:00,completed
3376,11,3,2026-07-12 15:00:00,2026-07-12 21:00:00,2026-07-12 15:00:00,2026-07-12 21:00:00,completed
3377,25,3,2026-07-12 11:00:00,2026-07-12 17:00:00,2026-07-12 10:55:00,2026-07-12 16:57:00,completed
3378,69,3,2026-07-12 13:00:00,2026-07-12 18:00:00,2026-07-12 13:03:00,2026-07-12 17:57:00,completed
3379,67,1,2026-07-13 09:00:00,2026-07-13 17:00:00,2026-07-13 09:00:00,2026-07-13 17:05:00,completed
3380,49,1,2026-07-13 08:00:00,2026-07-13 14:00:00,2026-07-13 08:03:00,2026-07-13 14:00:00,completed
3381,17,1,2026-07-13 16:00:00,2026-07-13 22:00:00,2026-07-13 16:00:00,2026-07-13 21:52:00,completed
3382,29,1,2026-07-13 10:00:00,2026-07-13 16:00:00,2026-07-13 10:00:00,2026-07-13 16:03:00,completed
3383,10,2,2026-07-13 09:00:00,2026-07-13 17:00:00,,,cancelled
3384,65,2,2026-07-13 08:00:00,2026-07-13 14:00:00,2026-07-13 08:02:00,2026-07-13 13:58:00,completed
3385,46,2,2026-07-13 15:00:00,2026-07-13 21:00:00,2026-07-13 15:02:00,2026-07-13 20:53:00,completed
3386,51,2,2026-07-13 10:00:00,2026-07-13 16:00:00,2026-07-13 10:02:00,2026-07-13 16:03:00,completed
3387,62,3,2026-07-13 10:00:00,2026-07-13 18:00:00,2026-07-13 10:03:00,2026-07-13 18:06:00,completed
3388,8,3,2026-07-13 09:00:00,2026-07-13 15:00:00,2026-07-13 09:01:00,2026-07-13 15:02:00,completed
3389,5,3,2026-07-13 15:00:00,2026-07-13 21:00:00,2026-07-13 14:59:00,2026-07-13 21:03:00,completed
3390,78,3,2026-07-13 11:00:00,2026-07-13 17:00:00,2026-07-13 11:02:00,2026-07-13 16:51:00,completed
3391,1,1,2026-07-14 09:00:00,2026-07-14 17:00:00,2026-07-14 08:59:00,2026-07-14 16:54:00,completed
3392,33,1,2026-07-14 08:00:00,2026-07-14 14:00:00,2026-07-14 07:59:00,2026-07-14 13:55:00,completed
3393,21,1,2026-07-14 16:00:00,2026-07-14 22:00:00,,,cancelled
3394,14,1,2026-07-14 10:00:00,2026-07-14 16:00:00,,,missed
3395,68,2,2026-07-14 09:00:00,2026-07-14 17:00:00,2026-07-14 08:58:00,2026-07-14 16:58:00,completed
3396,19,2,2026-07-14 08:00:00,2026-07-14 14:00:00,2026-07-14 08:00:00,2026-07-14 13:59:00,completed
3397,60,2,2026-07-14 15:00:00,2026-07-14 21:00:00,2026-07-14 15:03:00,2026-07-14 21:04:00,completed
3398,45,2,2026-07-14 10:00:00,2026-07-14 16:00:00,2026-07-14 09:59:00,2026-07-14 16:04:00,completed
3399,58,3,2026-07-14 10:00:00,2026-07-14 18:00:00,2026-07-14 10:04:00,2026-07-14 18:02:00,completed
3400,75,3,2026-07-14 09:00:00,2026-07-14 15:00:00,2026-07-14 09:00:00,2026-07-14 15:03:00,completed
3401,36,3,2026-07-14 15:00:00,2026-07-14 21:00:00,2026-07-14 15:03:00,2026-07-14 21:02:00,completed
3402,70,3,2026-07-14 11:00:00,2026-07-14 17:00:00,2026-07-14 11:03:00,2026-07-14 16:59:00,completed
3403,1,1,2026-07-15 09:00:00,2026-07-15 17:00:00,2026-07-15 08:59:00,2026-07-15 17:01:00,completed
3404,52,1,2026-07-15 08:00:00,2026-07-15 14:00:00,2026-07-15 08:02:00,2026-07-15 14:04:00,completed
3405,66,1,2026-07-15 16:00:00,2026-07-15 22:00:00,2026-07-15 15:59:00,2026-07-15 21:59:00,completed
3406,50,1,2026-07-15 10:00:00,2026-07-15 16:00:00,2026-07-15 09:59:00,2026-07-15 15:54:00,completed
3407,16,2,2026-07-15 09:00:00,2026-07-15 17:00:00,2026-07-15 09:07:00,2026-07-15 17:00:00,completed
3408,55,2,2026-07-15 08:00:00,2026-07-15 14:00:00,,,missed
3409,24,2,2026-07-15 15:00:00,2026-07-15 21:00:00,2026-07-15 15:01:00,2026-07-15 21:09:00,completed
3410,80,2,2026-07-15 10:00:00,2026-07-15 16:00:00,2026-07-15 09:56:00,2026-07-15 16:03:00,completed
3411,4,3,2026-07-15 10:00:00,2026-07-15 18:00:00,2026-07-15 10:05:00,2026-07-15 17:57:00,completed
3412,20,3,2026-07-15 09:00:00,2026-07-15 15:00:00,2026-07-15 08:54:00,2026-07-15 14:59:00,completed
3413,26,3,2026-07-15 15:00:00,2026-07-15 21:00:00,,,missed
3414,56,3,2026-07-15 11:00:00,2026-07-15 17:00:00,2026-07-15 11:01:00,2026-07-15 17:02:00,completed
3415,67,1,2026-07-16 09:00:00,2026-07-16 17:00:00,2026-07-16 08:57:00,2026-07-16 16:58:00,completed
3416,41,1,2026-07-16 08:00:00,2026-07-16 14:00:00,2026-07-16 08:00:00,2026-07-16 13:54:00,completed
3417,43,1,2026-07-16 16:00:00,2026-07-16 22:00:00,2026-07-16 15:57:00,2026-07-16 22:02:00,completed
3418,6,1,2026-07-16 10:00:00,2026-07-16 16:00:00,2026-07-16 09:55:00,2026-07-16 16:02:00,completed
3419,63,2,2026-07-16 09:00:00,2026-07-16 17:00:00,2026-07-16 08:59:00,2026-07-16 16:58:00,completed
3420,39,2,2026-07-16 08:00:00,2026-07-16 14:00:00,2026-07-16 08:03:00,2026-07-16 14:02:00,completed
3421,7,2,2026-07-16 15:00:00,2026-07-16 21:00:00,2026-07-16 15:01:00,2026-07-16 20:58:00,completed
3422,30,2,2026-07-16 10:00:00,2026-07-16 16:00:00,2026-07-16 09:59:00,2026-07-16 15:54:00,completed
3423,47,3,2026-07-16 10:00:00,2026-07-16 18:00:00,2026-07-16 10:05:00,2026-07-16 17:54:00,completed
3424,28,3,2026-07-16 09:00:00,2026-07-16 15:00:00,2026-07-16 08:59:00,2026-07-16 14:56:00,completed
3425,31,3,2026-07-16 15:00:00,2026-07-16 21:00:00,2026-07-16 14:58:00,2026-07-16 20:59:00,completed
3426,25,3,2026-07-16 11:00:00,2026-07-16 17:00:00,2026-07-16 11:03:00,2026-07-16 16:48:00,completed
3427,1,1,2026-07-17 09:00:00,2026-07-17 17:00:00,2026-07-17 08:59:00,2026-07-17 17:02:00,completed
3428,72,1,2026-07-17 08:00:00,2026-07-17 14:00:00,2026-07-17 07:58:00,2026-07-17 13:59:00,completed
3429,18,1,2026-07-17 16:00:00,2026-07-17 22:00:00,2026-07-17 15:59:00,2026-07-17 22:05:00,completed
3430,29,1,2026-07-17 10:00:00,2026-07-17 16:00:00,2026-07-17 09:58:00,2026-07-17 15:57:00,completed
3431,12,1,2026-07-17 12:00:00,2026-07-17 17:00:00,2026-07-17 11:58:00,2026-07-17 16:57:00,completed
3432,2,2,2026-07-17 09:00:00,2026-07-17 17:00:00,2026-07-17 09:05:00,2026-07-17 16:59:00,completed
3433,32,2,2026-07-17 08:00:00,2026-07-17 14:00:00,,,cancelled
3434,23,2,2026-07-17 15:00:00,2026-07-17 21:00:00,2026-07-17 14:59:00,2026-07-17 21:08:00,completed
3435,37,2,2026-07-17 10:00:00,2026-07-17 16:00:00,2026-07-17 09:59:00,2026-07-17 15:52:00,completed
3436,13,2,2026-07-17 12:00:00,2026-07-17 17:00:00,2026-07-17 12:00:00,2026-07-17 16:49:00,completed
3437,3,3,2026-07-17 10:00:00,2026-07-17 18:00:00,2026-07-17 10:02:00,2026-07-17 18:01:00,completed
3438,54,3,2026-07-17 09:00:00,2026-07-17 15:00:00,2026-07-17 09:00:00,2026-07-17 15:01:00,completed
3439,64,3,2026-07-17 15:00:00,2026-07-17 21:00:00,2026-07-17 14:57:00,2026-07-17 20:58:00,completed
3440,15,3,2026-07-17 11:00:00,2026-07-17 17:00:00,2026-07-17 10:55:00,2026-07-17 16:58:00,completed
3441,35,3,2026-07-17 13:00:00,2026-07-17 18:00:00,,,missed
3442,67,1,2026-07-18 09:00:00,2026-07-18 17:00:00,2026-07-18 09:09:00,2026-07-18 16:54:00,completed
3443,12,1,2026-07-18 08:00:00,2026-07-18 14:00:00,2026-07-18 07:58:00,2026-07-18 13:59:00,completed
3444,49,1,2026-07-18 16:00:00,2026-07-18 22:00:00,2026-07-18 16:02:00,2026-07-18 21:50:00,completed
3445,50,1,2026-07-18 10:00:00,2026-07-18 16:00:00,2026-07-18 09:56:00,2026-07-18 16:03:00,completed
3446,66,1,2026-07-18 12:00:00,2026-07-18 17:00:00,2026-07-18 11:59:00,2026-07-18 17:07:00,completed
3447,2,2,2026-07-18 09:00:00,2026-07-18 17:00:00,2026-07-18 08:56:00,2026-07-18 17:03:00,completed
3448,38,2,2026-07-18 08:00:00,2026-07-18 14:00:00,2026-07-18 08:03:00,2026-07-18 14:10:00,completed
3449,40,2,2026-07-18 15:00:00,2026-07-18 21:00:00,2026-07-18 15:03:00,2026-07-18 21:09:00,completed
3450,37,2,2026-07-18 10:00:00,2026-07-18 16:00:00,2026-07-18 10:02:00,2026-07-18 16:04:00,completed
3451,13,2,2026-07-18 12:00:00,2026-07-18 17:00:00,2026-07-18 11:57:00,2026-07-18 17:09:00,completed
3452,3,3,2026-07-18 10:00:00,2026-07-18 18:00:00,2026-07-18 10:05:00,2026-07-18 17:58:00,completed
3453,77,3,2026-07-18 09:00:00,2026-07-18 15:00:00,2026-07-18 09:15:00,2026-07-18 15:01:00,completed
3454,69,3,2026-07-18 15:00:00,2026-07-18 21:00:00,2026-07-18 15:04:00,2026-07-18 21:00:00,completed
3455,22,3,2026-07-18 11:00:00,2026-07-18 17:00:00,2026-07-18 10:55:00,2026-07-18 17:00:00,completed
3456,44,3,2026-07-18 13:00:00,2026-07-18 18:00:00,2026-07-18 12:55:00,2026-07-18 18:01:00,completed
3457,1,1,2026-07-19 09:00:00,2026-07-19 17:00:00,2026-07-19 08:57:00,2026-07-19 17:03:00,completed
3458,17,1,2026-07-19 08:00:00,2026-07-19 14:00:00,,,cancelled
3459,52,1,2026-07-19 16:00:00,2026-07-19 22:00:00,2026-07-19 15:55:00,2026-07-19 22:05:00,completed
3460,14,1,2026-07-19 10:00:00,2026-07-19 16:00:00,2026-07-19 09:59:00,2026-07-19 16:01:00,completed
3461,41,1,2026-07-19 12:00:00,2026-07-19 17:00:00,2026-07-19 12:00:00,2026-07-19 17:11:00,completed
3462,10,2,2026-07-19 09:00:00,2026-07-19 17:00:00,2026-07-19 09:00:00,2026-07-19 16:57:00,completed
3463,23,2,2026-07-19 08:00:00,2026-07-19 14:00:00,2026-07-19 08:03:00,2026-07-19 13:58:00,completed
3464,38,2,2026-07-19 15:00:00,2026-07-19 21:00:00,2026-07-19 14:59:00,2026-07-19 20:53:00,completed
3465,80,2,2026-07-19 10:00:00,2026-07-19 16:00:00,2026-07-19 10:00:00,2026-07-19 15:51:00,completed
3466,40,2,2026-07-19 12:00:00,2026-07-19 17:00:00,2026-07-19 12:03:00,2026-07-19 17:01:00,completed
3467,58,3,2026-07-19 10:00:00,2026-07-19 18:00:00,2026-07-19 10:05:00,2026-07-19 18:01:00,completed
3468,34,3,2026-07-19 09:00:00,2026-07-19 15:00:00,2026-07-19 08:57:00,2026-07-19 14:59:00,completed
3469,11,3,2026-07-19 15:00:00,2026-07-19 21:00:00,2026-07-19 15:00:00,2026-07-19 20:59:00,completed
3470,71,3,2026-07-19 11:00:00,2026-07-19 17:00:00,2026-07-19 10:58:00,2026-07-19 17:04:00,completed
3471,35,3,2026-07-19 13:00:00,2026-07-19 18:00:00,2026-07-19 13:00:00,2026-07-19 18:00:00,completed
3472,67,1,2026-07-20 09:00:00,2026-07-20 17:00:00,2026-07-20 09:05:00,2026-07-20 16:56:00,completed
3473,49,1,2026-07-20 08:00:00,2026-07-20 14:00:00,2026-07-20 08:00:00,2026-07-20 13:55:00,completed
3474,21,1,2026-07-20 16:00:00,2026-07-20 22:00:00,2026-07-20 16:02:00,2026-07-20 22:04:00,completed
3475,29,1,2026-07-20 10:00:00,2026-07-20 16:00:00,2026-07-20 10:03:00,2026-07-20 15:48:00,completed
3476,10,2,2026-07-20 09:00:00,2026-07-20 17:00:00,2026-07-20 08:57:00,2026-07-20 17:05:00,completed
3477,65,2,2026-07-20 08:00:00,2026-07-20 14:00:00,2026-07-20 07:56:00,2026-07-20 13:49:00,completed
3478,24,2,2026-07-20 15:00:00,2026-07-20 21:00:00,2026-07-20 15:02:00,2026-07-20 20:57:00,completed
3479,51,2,2026-07-20 10:00:00,2026-07-20 16:00:00,2026-07-20 10:04:00,2026-07-20 16:03:00,completed
3480,62,3,2026-07-20 10:00:00,2026-07-20 18:00:00,2026-07-20 09:57:00,2026-07-20 17:50:00,completed
3481,28,3,2026-07-20 09:00:00,2026-07-20 15:00:00,2026-07-20 09:00:00,2026-07-20 15:02:00,completed
3482,64,3,2026-07-20 15:00:00,2026-07-20 21:00:00,2026-07-20 15:03:00,2026-07-20 21:01:00,completed
3483,70,3,2026-07-20 11:00:00,2026-07-20 17:00:00,2026-07-20 11:02:00,2026-07-20 17:09:00,completed
3484,1,1,2026-07-21 09:00:00,2026-07-21 17:00:00,2026-07-21 09:03:00,2026-07-21 16:54:00,completed
3485,43,1,2026-07-21 08:00:00,2026-07-21 14:00:00,2026-07-21 07:56:00,2026-07-21 14:07:00,completed
3486,33,1,2026-07-21 16:00:00,2026-07-21 22:00:00,2026-07-21 16:04:00,2026-07-21 21:56:00,completed
3487,50,1,2026-07-21 10:00:00,2026-07-21 16:00:00,2026-07-21 10:00:00,2026-07-21 15:57:00,completed
3488,68,2,2026-07-21 09:00:00,2026-07-21 17:00:00,2026-07-21 08:59:00,2026-07-21 16:48:00,completed
3489,60,2,2026-07-21 08:00:00,2026-07-21 14:00:00,2026-07-21 07:59:00,2026-07-21 14:07:00,completed
3490,39,2,2026-07-21 15:00:00,2026-07-21 21:00:00,2026-07-21 15:00:00,2026-07-21 21:08:00,completed
3491,45,2,2026-07-21 10:00:00,2026-07-21 16:00:00,2026-07-21 10:03:00,2026-07-21 16:03:00,completed
3492,4,3,2026-07-21 10:00:00,2026-07-21 18:00:00,2026-07-21 10:05:00,2026-07-21 18:02:00,completed
3493,31,3,2026-07-21 09:00:00,2026-07-21 15:00:00,2026-07-21 08:59:00,2026-07-21 15:02:00,completed
3494,5,3,2026-07-21 15:00:00,2026-07-21 21:00:00,2026-07-21 15:04:00,2026-07-21 20:59:00,completed
3495,53,3,2026-07-21 11:00:00,2026-07-21 17:00:00,2026-07-21 11:00:00,2026-07-21 17:03:00,completed
3496,1,1,2026-07-22 09:00:00,2026-07-22 17:00:00,2026-07-22 09:00:00,2026-07-22 17:09:00,completed
3497,52,1,2026-07-22 08:00:00,2026-07-22 14:00:00,2026-07-22 08:04:00,2026-07-22 13:58:00,completed
3498,18,1,2026-07-22 16:00:00,2026-07-22 22:00:00,2026-07-22 15:57:00,2026-07-22 22:08:00,completed
3499,6,1,2026-07-22 10:00:00,2026-07-22 16:00:00,2026-07-22 10:02:00,2026-07-22 16:11:00,completed
3500,63,2,2026-07-22 09:00:00,2026-07-22 17:00:00,,,cancelled
3501,55,2,2026-07-22 08:00:00,2026-07-22 14:00:00,2026-07-22 08:12:00,2026-07-22 13:55:00,completed
3502,46,2,2026-07-22 15:00:00,2026-07-22 21:00:00,2026-07-22 15:04:00,2026-07-22 20:52:00,completed
3503,30,2,2026-07-22 10:00:00,2026-07-22 16:00:00,2026-07-22 10:02:00,2026-07-22 15:48:00,completed
3504,58,3,2026-07-22 10:00:00,2026-07-22 18:00:00,2026-07-22 10:13:00,2026-07-22 18:00:00,completed
3505,75,3,2026-07-22 09:00:00,2026-07-22 15:00:00,,,cancelled
3506,8,3,2026-07-22 15:00:00,2026-07-22 21:00:00,2026-07-22 15:03:00,2026-07-22 20:59:00,completed
3507,78,3,2026-07-22 11:00:00,2026-07-22 17:00:00,2026-07-22 10:58:00,2026-07-22 16:59:00,completed
3508,67,1,2026-07-23 09:00:00,2026-07-23 17:00:00,2026-07-23 09:00:00,2026-07-23 17:03:00,completed
3509,72,1,2026-07-23 08:00:00,2026-07-23 14:00:00,2026-07-23 08:02:00,2026-07-23 13:56:00,completed
3510,66,1,2026-07-23 16:00:00,2026-07-23 22:00:00,2026-07-23 15:59:00,2026-07-23 21:54:00,completed
3511,14,1,2026-07-23 10:00:00,2026-07-23 16:00:00,,,cancelled
3512,16,2,2026-07-23 09:00:00,2026-07-23 17:00:00,2026-07-23 08:59:00,2026-07-23 17:00:00,completed
3513,19,2,2026-07-23 08:00:00,2026-07-23 14:00:00,2026-07-23 08:03:00,2026-07-23 13:48:00,completed
3514,7,2,2026-07-23 15:00:00,2026-07-23 21:00:00,2026-07-23 14:57:00,2026-07-23 21:05:00,completed
3515,80,2,2026-07-23 10:00:00,2026-07-23 16:00:00,2026-07-23 09:59:00,2026-07-23 16:05:00,completed
3516,47,3,2026-07-23 10:00:00,2026-07-23 18:00:00,2026-07-23 09:59:00,2026-07-23 17:57:00,completed
3517,36,3,2026-07-23 09:00:00,2026-07-23 15:00:00,2026-07-23 09:03:00,2026-07-23 14:57:00,completed
3518,54,3,2026-07-23 15:00:00,2026-07-23 21:00:00,2026-07-23 15:01:00,2026-07-23 20:53:00,completed
3519,25,3,2026-07-23 11:00:00,2026-07-23 17:00:00,2026-07-23 10:57:00,2026-07-23 16:52:00,completed
3520,1,1,2026-07-24 09:00:00,2026-07-24 17:00:00,2026-07-24 08:57:00,2026-07-24 16:52:00,completed
3521,17,1,2026-07-24 08:00:00,2026-07-24 14:00:00,2026-07-24 08:01:00,2026-07-24 13:54:00,completed
3522,41,1,2026-07-24 16:00:00,2026-07-24 22:00:00,2026-07-24 16:09:00,2026-07-24 22:03:00,completed
3523,29,1,2026-07-24 10:00:00,2026-07-24 16:00:00,2026-07-24 09:59:00,2026-07-24 16:09:00,completed
3524,12,1,2026-07-24 12:00:00,2026-07-24 17:00:00,2026-07-24 12:01:00,2026-07-24 17:01:00,completed
3525,2,2,2026-07-24 09:00:00,2026-07-24 17:00:00,2026-07-24 08:59:00,2026-07-24 17:09:00,completed
3526,32,2,2026-07-24 08:00:00,2026-07-24 14:00:00,,,cancelled
3527,23,2,2026-07-24 15:00:00,2026-07-24 21:00:00,2026-07-24 15:02:00,2026-07-24 21:09:00,completed
3528,37,2,2026-07-24 10:00:00,2026-07-24 16:00:00,2026-07-24 10:03:00,2026-07-24 16:02:00,completed
3529,13,2,2026-07-24 12:00:00,2026-07-24 17:00:00,2026-07-24 12:01:00,2026-07-24 16:59:00,completed
3530,3,3,2026-07-24 10:00:00,2026-07-24 18:00:00,2026-07-24 10:01:00,2026-07-24 18:01:00,completed
3531,20,3,2026-07-24 09:00:00,2026-07-24 15:00:00,2026-07-24 08:58:00,2026-07-24 15:06:00,completed
3532,26,3,2026-07-24 15:00:00,2026-07-24 21:00:00,2026-07-24 14:57:00,2026-07-24 21:06:00,completed
3533,56,3,2026-07-24 11:00:00,2026-07-24 17:00:00,2026-07-24 10:57:00,2026-07-24 17:01:00,completed
3534,77,3,2026-07-24 13:00:00,2026-07-24 18:00:00,2026-07-24 12:54:00,2026-07-24 17:56:00,completed
3535,67,1,2026-07-25 09:00:00,2026-07-25 17:00:00,2026-07-25 09:01:00,2026-07-25 17:03:00,completed
3536,12,1,2026-07-25 08:00:00,2026-07-25 14:00:00,2026-07-25 07:57:00,2026-07-25 13:59:00,completed
3537,49,1,2026-07-25 16:00:00,2026-07-25 22:00:00,2026-07-25 15:59:00,2026-07-25 21:58:00,completed
3538,50,1,2026-07-25 10:00:00,2026-07-25 16:00:00,2026-07-25 10:03:00,2026-07-25 16:01:00,completed
3539,21,1,2026-07-25 12:00:00,2026-07-25 17:00:00,2026-07-25 12:02:00,2026-07-25 16:58:00,completed
3540,2,2,2026-07-25 09:00:00,2026-07-25 17:00:00,2026-07-25 08:55:00,2026-07-25 17:04:00,completed
3541,40,2,2026-07-25 08:00:00,2026-07-25 14:00:00,2026-07-25 08:04:00,2026-07-25 13:59:00,completed
3542,38,2,2026-07-25 15:00:00,2026-07-25 21:00:00,2026-07-25 15:18:00,2026-07-25 20:58:00,completed
3543,37,2,2026-07-25 10:00:00,2026-07-25 16:00:00,2026-07-25 09:58:00,2026-07-25 16:01:00,completed
3544,13,2,2026-07-25 12:00:00,2026-07-25 17:00:00,2026-07-25 11:59:00,2026-07-25 16:55:00,completed
3545,3,3,2026-07-25 10:00:00,2026-07-25 18:00:00,2026-07-25 09:59:00,2026-07-25 17:55:00,completed
3546,35,3,2026-07-25 09:00:00,2026-07-25 15:00:00,2026-07-25 08:58:00,2026-07-25 14:56:00,completed
3547,69,3,2026-07-25 15:00:00,2026-07-25 21:00:00,,,cancelled
3548,15,3,2026-07-25 11:00:00,2026-07-25 17:00:00,2026-07-25 11:01:00,2026-07-25 17:09:00,completed
3549,44,3,2026-07-25 13:00:00,2026-07-25 18:00:00,2026-07-25 12:57:00,2026-07-25 18:02:00,completed
3550,1,1,2026-07-26 09:00:00,2026-07-26 17:00:00,2026-07-26 08:58:00,2026-07-26 16:57:00,completed
3551,33,1,2026-07-26 08:00:00,2026-07-26 14:00:00,2026-07-26 08:00:00,2026-07-26 13:59:00,completed
3552,43,1,2026-07-26 16:00:00,2026-07-26 22:00:00,2026-07-26 15:54:00,2026-07-26 21:53:00,completed
3553,6,1,2026-07-26 10:00:00,2026-07-26 16:00:00,2026-07-26 09:57:00,2026-07-26 16:01:00,completed
3554,18,1,2026-07-26 12:00:00,2026-07-26 17:00:00,2026-07-26 12:05:00,2026-07-26 17:13:00,completed
3555,10,2,2026-07-26 09:00:00,2026-07-26 17:00:00,2026-07-26 08:58:00,2026-07-26 17:03:00,completed
3556,23,2,2026-07-26 08:00:00,2026-07-26 14:00:00,2026-07-26 08:01:00,2026-07-26 14:06:00,completed
3557,38,2,2026-07-26 15:00:00,2026-07-26 21:00:00,2026-07-26 15:03:00,2026-07-26 20:56:00,completed
3558,45,2,2026-07-26 10:00:00,2026-07-26 16:00:00,,,cancelled
3559,40,2,2026-07-26 12:00:00,2026-07-26 17:00:00,2026-07-26 11:59:00,2026-07-26 17:12:00,completed
3560,62,3,2026-07-26 10:00:00,2026-07-26 18:00:00,2026-07-26 09:58:00,2026-07-26 17:56:00,completed
3561,34,3,2026-07-26 09:00:00,2026-07-26 15:00:00,2026-07-26 08:53:00,2026-07-26 14:54:00,completed
3562,11,3,2026-07-26 15:00:00,2026-07-26 21:00:00,2026-07-26 15:01:00,2026-07-26 21:01:00,completed
3563,71,3,2026-07-26 11:00:00,2026-07-26 17:00:00,2026-07-26 11:02:00,2026-07-26 17:08:00,completed
3564,77,3,2026-07-26 13:00:00,2026-07-26 18:00:00,,,cancelled
3565,67,1,2026-07-27 09:00:00,2026-07-27 17:00:00,2026-07-27 08:58:00,2026-07-27 17:00:00,completed
3566,49,1,2026-07-27 08:00:00,2026-07-27 14:00:00,2026-07-27 08:02:00,2026-07-27 14:06:00,completed
3567,52,1,2026-07-27 16:00:00,2026-07-27 22:00:00,2026-07-27 16:04:00,2026-07-27 22:01:00,completed
3568,29,1,2026-07-27 10:00:00,2026-07-27 16:00:00,2026-07-27 09:55:00,2026-07-27 15:55:00,completed
3569,10,2,2026-07-27 09:00:00,2026-07-27 17:00:00,2026-07-27 08:57:00,2026-07-27 16:59:00,completed
3570,65,2,2026-07-27 08:00:00,2026-07-27 14:00:00,2026-07-27 08:01:00,2026-07-27 14:02:00,completed
3571,24,2,2026-07-27 15:00:00,2026-07-27 21:00:00,2026-07-27 15:00:00,2026-07-27 21:00:00,completed
3572,51,2,2026-07-27 10:00:00,2026-07-27 16:00:00,2026-07-27 10:03:00,2026-07-27 16:02:00,completed
3573,62,3,2026-07-27 10:00:00,2026-07-27 18:00:00,,,missed
3574,8,3,2026-07-27 09:00:00,2026-07-27 15:00:00,2026-07-27 09:01:00,2026-07-27 14:58:00,completed
3575,75,3,2026-07-27 15:00:00,2026-07-27 21:00:00,2026-07-27 15:02:00,2026-07-27 20:56:00,completed
3576,22,3,2026-07-27 11:00:00,2026-07-27 17:00:00,2026-07-27 11:02:00,2026-07-27 17:05:00,completed
3577,1,1,2026-07-28 09:00:00,2026-07-28 17:00:00,,,cancelled
3578,41,1,2026-07-28 08:00:00,2026-07-28 14:00:00,2026-07-28 08:01:00,2026-07-28 13:56:00,completed
3579,66,1,2026-07-28 16:00:00,2026-07-28 22:00:00,2026-07-28 16:01:00,2026-07-28 22:10:00,completed
3580,14,1,2026-07-28 10:00:00,2026-07-28 16:00:00,2026-07-28 10:03:00,2026-07-28 16:03:00,completed
3581,68,2,2026-07-28 09:00:00,2026-07-28 17:00:00,2026-07-28 09:05:00,2026-07-28 17:04:00,completed
3582,60,2,2026-07-28 08:00:00,2026-07-28 14:00:00,2026-07-28 07:56:00,2026-07-28 14:01:00,completed
3583,55,2,2026-07-28 15:00:00,2026-07-28 21:00:00,2026-07-28 15:01:00,2026-07-28 20:57:00,completed
3584,45,2,2026-07-28 10:00:00,2026-07-28 16:00:00,2026-07-28 10:03:00,2026-07-28 16:09:00,completed
3585,4,3,2026-07-28 10:00:00,2026-07-28 18:00:00,2026-07-28 10:03:00,2026-07-28 17:53:00,completed
3586,20,3,2026-07-28 09:00:00,2026-07-28 15:00:00,2026-07-28 08:58:00,2026-07-28 15:03:00,completed
3587,5,3,2026-07-28 15:00:00,2026-07-28 21:00:00,2026-07-28 15:01:00,2026-07-28 20:57:00,completed
3588,78,3,2026-07-28 11:00:00,2026-07-28 17:00:00,2026-07-28 10:59:00,2026-07-28 16:50:00,completed
3589,1,1,2026-07-29 09:00:00,2026-07-29 17:00:00,2026-07-29 08:58:00,2026-07-29 17:08:00,completed
3590,43,1,2026-07-29 08:00:00,2026-07-29 14:00:00,2026-07-29 07:59:00,2026-07-29 14:03:00,completed
3591,17,1,2026-07-29 16:00:00,2026-07-29 22:00:00,2026-07-29 16:04:00,2026-07-29 21:55:00,completed
3592,50,1,2026-07-29 10:00:00,2026-07-29 16:00:00,2026-07-29 09:58:00,2026-07-29 15:55:00,completed
3593,63,2,2026-07-29 09:00:00,2026-07-29 17:00:00,2026-07-29 09:01:00,2026-07-29 17:04:00,completed
3594,39,2,2026-07-29 08:00:00,2026-07-29 14:00:00,2026-07-29 07:56:00,2026-07-29 13:55:00,completed
3595,46,2,2026-07-29 15:00:00,2026-07-29 21:00:00,2026-07-29 14:59:00,2026-07-29 21:01:00,completed
3596,30,2,2026-07-29 10:00:00,2026-07-29 16:00:00,2026-07-29 09:59:00,2026-07-29 16:00:00,completed
3597,58,3,2026-07-29 10:00:00,2026-07-29 18:00:00,2026-07-29 09:58:00,2026-07-29 18:00:00,completed
3598,54,3,2026-07-29 09:00:00,2026-07-29 15:00:00,2026-07-29 08:56:00,2026-07-29 14:56:00,completed
3599,64,3,2026-07-29 15:00:00,2026-07-29 21:00:00,,,cancelled
3600,53,3,2026-07-29 11:00:00,2026-07-29 17:00:00,2026-07-29 11:00:00,2026-07-29 16:52:00,completed
3601,67,1,2026-07-30 09:00:00,2026-07-30 17:00:00,2026-07-30 09:01:00,2026-07-30 17:09:00,completed
3602,72,1,2026-07-30 08:00:00,2026-07-30 14:00:00,2026-07-30 08:00:00,2026-07-30 14:03:00,completed
3603,33,1,2026-07-30 16:00:00,2026-07-30 22:00:00,2026-07-30 16:16:00,2026-07-30 22:10:00,completed
3604,6,1,2026-07-30 10:00:00,2026-07-30 16:00:00,2026-07-30 09:59:00,2026-07-30 15:52:00,completed
3605,16,2,2026-07-30 09:00:00,2026-07-30 17:00:00,2026-07-30 08:58:00,2026-07-30 17:02:00,completed
3606,19,2,2026-07-30 08:00:00,2026-07-30 14:00:00,2026-07-30 08:11:00,2026-07-30 14:00:00,completed
3607,32,2,2026-07-30 15:00:00,2026-07-30 21:00:00,2026-07-30 15:05:00,2026-07-30 21:01:00,completed
3608,80,2,2026-07-30 10:00:00,2026-07-30 16:00:00,2026-07-30 09:53:00,2026-07-30 15:56:00,completed
3609,47,3,2026-07-30 10:00:00,2026-07-30 18:00:00,2026-07-30 10:17:00,2026-07-30 18:03:00,completed
3610,26,3,2026-07-30 09:00:00,2026-07-30 15:00:00,2026-07-30 08:56:00,2026-07-30 15:04:00,completed
3611,36,3,2026-07-30 15:00:00,2026-07-30 21:00:00,2026-07-30 14:59:00,2026-07-30 21:02:00,completed
3612,70,3,2026-07-30 11:00:00,2026-07-30 17:00:00,2026-07-30 11:01:00,2026-07-30 16:55:00,completed
3613,1,1,2026-07-31 09:00:00,2026-07-31 17:00:00,2026-07-31 09:04:00,2026-07-31 17:01:00,completed
3614,21,1,2026-07-31 08:00:00,2026-07-31 14:00:00,2026-07-31 08:02:00,2026-07-31 14:02:00,completed
3615,18,1,2026-07-31 16:00:00,2026-07-31 22:00:00,2026-07-31 16:02:00,2026-07-31 22:01:00,completed
3616,29,1,2026-07-31 10:00:00,2026-07-31 16:00:00,2026-07-31 09:59:00,2026-07-31 16:05:00,completed
3617,12,1,2026-07-31 12:00:00,2026-07-31 17:00:00,2026-07-31 11:57:00,2026-07-31 17:03:00,completed
3618,2,2,2026-07-31 09:00:00,2026-07-31 17:00:00,2026-07-31 09:01:00,2026-07-31 17:09:00,completed
3619,7,2,2026-07-31 08:00:00,2026-07-31 14:00:00,2026-07-31 08:01:00,2026-07-31 14:05:00,completed
3620,23,2,2026-07-31 15:00:00,2026-07-31 21:00:00,2026-07-31 14:58:00,2026-07-31 21:09:00,completed
3621,37,2,2026-07-31 10:00:00,2026-07-31 16:00:00,2026-07-31 09:57:00,2026-07-31 15:54:00,completed
3622,13,2,2026-07-31 12:00:00,2026-07-31 17:00:00,2026-07-31 11:57:00,2026-07-31 17:02:00,completed
3623,3,3,2026-07-31 10:00:00,2026-07-31 18:00:00,2026-07-31 10:01:00,2026-07-31 18:00:00,completed
3624,28,3,2026-07-31 09:00:00,2026-07-31 15:00:00,2026-07-31 09:02:00,2026-07-31 15:03:00,completed
3625,31,3,2026-07-31 15:00:00,2026-07-31 21:00:00,2026-07-31 14:59:00,2026-07-31 21:00:00,completed
3626,71,3,2026-07-31 11:00:00,2026-07-31 17:00:00,2026-07-31 10:59:00,2026-07-31 17:02:00,completed
3627,69,3,2026-07-31 13:00:00,2026-07-31 18:00:00,2026-07-31 13:01:00,2026-07-31 17:59:00,completed
